match_id,match_date,kick_off,match_week,competition_id,competition_name,season_id,season_name,competition_stage,home_team_id,home_team_name,home_score,away_score,away_team_name,away_team_id,stadium,referee
9880,2018-04-14,16:15:00.000,32,11,La Liga,1,2017/2018,Regular Season,217,Barcelona,2,1,Valencia,207,Spotify Camp Nou,Carlos del Cerro Grande
9912,2018-04-29,20:45:00.000,35,11,La Liga,1,2017/2018,Regular Season,219,RC Deportivo La Coruña,2,4,Barcelona,217,Estadio Abanca-Riazor,Ricardo De Burgos Bengoetxea
9924,2018-05-06,20:45:00.000,36,11,La Liga,1,2017/2018,Regular Season,217,Barcelona,2,2,Real Madrid,220,Spotify Camp Nou,Alejandro José Hernández Hernández
9855,2018-03-18,16:15:00.000,29,11,La Liga,1,2017/2018,Regular Season,217,Barcelona,2,0,Athletic Club,215,Spotify Camp Nou,Santiago Jaime Latre
9827,2018-03-01,21:00:00.000,26,11,La Liga,1,2017/2018,Regular Season,208,Las Palmas,1,1,Barcelona,217,Estadio de Gran Canaria,Antonio Miguel Mateu Lahoz
9799,2018-02-17,16:15:00.000,24,11,La Liga,1,2017/2018,Regular Season,322,Eibar,0,2,Barcelona,217,Estadio Municipal de Ipurúa,Alejandro José Hernández Hernández
9636,2017-10-01,16:15:00.000,7,11,La Liga,1,2017/2018,Regular Season,217,Barcelona,3,0,Las Palmas,208,Spotify Camp Nou,José Luis Munuera Montero
9609,2017-09-19,22:00:00.000,5,11,La Liga,1,2017/2018,Regular Season,217,Barcelona,6,1,Eibar,322,Spotify Camp Nou,Alejandro José Hernández Hernández
9575,2017-08-20,20:15:00.000,1,11,La Liga,1,2017/2018,Regular Season,217,Barcelona,2,0,Real Betis,218,Spotify Camp Nou,Daniel Jesús Trujillo Suárez
9928,2018-05-09,20:00:00.000,34,11,La Liga,1,2017/2018,Regular Season,217,Barcelona,5,1,Villarreal,222,Spotify Camp Nou,
9736,2017-12-23,13:00:00.000,17,11,La Liga,1,2017/2018,Regular Season,220,Real Madrid,0,3,Barcelona,217,Bernabéu,
9742,2018-01-07,16:15:00.000,18,11,La Liga,1,2017/2018,Regular Season,217,Barcelona,3,0,Levante UD,221,Spotify Camp Nou,
9765,2018-01-21,20:45:00.000,20,11,La Liga,1,2017/2018,Regular Season,218,Real Betis,0,5,Barcelona,217,Estadio Benito Villamarín,
9661,2017-10-28,20:45:00.000,10,11,La Liga,1,2017/2018,Regular Season,215,Athletic Club,0,2,Barcelona,217,San Mamés Barria,Juan Martínez Munuera
9592,2017-09-09,20:45:00.000,3,11,La Liga,1,2017/2018,Regular Season,217,Barcelona,5,0,Espanyol,214,Spotify Camp Nou,Jesús Gil Manzano
9870,2018-04-07,20:45:00.000,31,11,La Liga,1,2017/2018,Regular Season,217,Barcelona,3,1,Leganés,205,Spotify Camp Nou,Ricardo De Burgos Bengoetxea
9783,2018-02-04,16:15:00.000,22,11,La Liga,1,2017/2018,Regular Season,214,Espanyol,1,1,Barcelona,217,Stage Front Stadium,Jesús Gil Manzano
9700,2017-12-02,13:00:00.000,14,11,La Liga,1,2017/2018,Regular Season,217,Barcelona,2,2,Celta Vigo,209,Spotify Camp Nou,
9860,2018-03-31,20:45:00.000,30,11,La Liga,1,2017/2018,Regular Season,213,Sevilla,2,2,Barcelona,217,Estadio Ramón Sánchez Pizjuán,José Luis González González
9695,2017-11-26,20:45:00.000,13,11,La Liga,1,2017/2018,Regular Season,207,Valencia,1,1,Barcelona,217,Estadio de Mestalla,Ignacio Iglesias Villanueva
9794,2018-02-11,16:15:00.000,23,11,La Liga,1,2017/2018,Regular Season,217,Barcelona,0,0,Getafe,216,Spotify Camp Nou,David Fernández Borbalan
9717,2017-12-10,20:45:00.000,15,11,La Liga,1,2017/2018,Regular Season,222,Villarreal,0,2,Barcelona,217,Estadio de la Cerámica,
9673,2017-11-04,20:45:00.000,11,11,La Liga,1,2017/2018,Regular Season,217,Barcelona,2,1,Sevilla,213,Spotify Camp Nou,José Luis González González
9650,2017-10-21,20:45:00.000,9,11,La Liga,1,2017/2018,Regular Season,217,Barcelona,2,0,Málaga,223,Spotify Camp Nou,
9620,2017-09-23,20:45:00.000,6,11,La Liga,1,2017/2018,Regular Season,211,Girona,0,3,Barcelona,217,Estadi Municipal de Montilivi,José María Sánchez Martínez
9837,2018-03-04,16:15:00.000,27,11,La Liga,1,2017/2018,Regular Season,217,Barcelona,1,0,Atlético Madrid,212,Spotify Camp Nou,Jesús Gil Manzano
9811,2018-02-24,20:45:00.000,25,11,La Liga,1,2017/2018,Regular Season,217,Barcelona,6,1,Girona,211,Spotify Camp Nou,
9642,2017-10-14,20:45:00.000,8,11,La Liga,1,2017/2018,Regular Season,212,Atlético Madrid,1,1,Barcelona,217,Estádio Cívitas Metropolitano,Antonio Miguel Mateu Lahoz
9774,2018-01-28,20:45:00.000,21,11,La Liga,1,2017/2018,Regular Season,217,Barcelona,2,1,Deportivo Alavés,206,Spotify Camp Nou,Ignacio Iglesias Villanueva
9602,2017-09-16,16:15:00.000,4,11,La Liga,1,2017/2018,Regular Season,216,Getafe,1,2,Barcelona,217,Coliseum Alfonso Pérez,David Fernández Borbalan
9948,2018-05-20,20:45:00.000,38,11,La Liga,1,2017/2018,Regular Season,217,Barcelona,1,0,Real Sociedad,210,Spotify Camp Nou,José Luis Munuera Montero
9682,2017-11-18,16:15:00.000,12,11,La Liga,1,2017/2018,Regular Season,205,Leganés,0,3,Barcelona,217,Estadio Municipal de Butarque,Alberto Undiano Mallenco
9581,2017-08-26,18:15:00.000,2,11,La Liga,1,2017/2018,Regular Season,206,Deportivo Alavés,0,2,Barcelona,217,Estadio de Mendizorroza,Carlos del Cerro Grande
9726,2017-12-17,20:45:00.000,16,11,La Liga,1,2017/2018,Regular Season,217,Barcelona,4,0,RC Deportivo La Coruña,219,Spotify Camp Nou,Antonio Miguel Mateu Lahoz
9754,2018-01-14,20:45:00.000,19,11,La Liga,1,2017/2018,Regular Season,210,Real Sociedad,2,4,Barcelona,217,Reale Arena,José Luis González González
9889,2018-04-17,21:00:00.000,33,11,La Liga,1,2017/2018,Regular Season,209,Celta Vigo,2,2,Barcelona,217,Abanca-Balaídos,David Fernández Borbalan
267569,2017-04-23,20:45:00.000,33,11,La Liga,2,2016/2017,Regular Season,220,Real Madrid,2,3,Barcelona,217,Bernabéu,
266989,2016-11-06,20:45:00.000,11,11,La Liga,2,2016/2017,Regular Season,213,Sevilla,1,2,Barcelona,217,Estadio Ramón Sánchez Pizjuán,
266357,2016-12-10,13:00:00.000,15,11,La Liga,2,2016/2017,Regular Season,422,Osasuna,0,3,Barcelona,217,Estadio El Sadar,
267212,2016-09-17,13:00:00.000,4,11,La Liga,2,2016/2017,Regular Season,205,Leganés,1,5,Barcelona,217,Estadio Municipal de Butarque,
266669,2016-09-10,20:30:00.000,3,11,La Liga,2,2016/2017,Regular Season,217,Barcelona,1,2,Deportivo Alavés,206,Spotify Camp Nou,
266892,2016-08-28,20:15:00.000,2,11,La Liga,2,2016/2017,Regular Season,215,Athletic Club,0,1,Barcelona,217,San Mamés Barria,Antonio Miguel Mateu Lahoz
267220,2016-09-21,22:00:00.000,5,11,La Liga,2,2016/2017,Regular Season,217,Barcelona,1,1,Atlético Madrid,212,Spotify Camp Nou,David Fernández Borbalan
267670,2016-08-20,18:15:00.000,1,11,La Liga,2,2016/2017,Regular Season,217,Barcelona,6,2,Real Betis,218,Spotify Camp Nou,Alberto Undiano Mallenco
266516,2017-01-29,12:00:00.000,20,11,La Liga,2,2016/2017,Regular Season,218,Real Betis,1,1,Barcelona,217,Estadio Benito Villamarín,
267039,2017-05-14,20:00:00.000,37,11,La Liga,2,2016/2017,Regular Season,208,Las Palmas,1,4,Barcelona,217,Estadio de Gran Canaria,José Luis González González
266477,2017-01-08,20:45:00.000,17,11,La Liga,2,2016/2017,Regular Season,222,Villarreal,1,1,Barcelona,217,Estadio de la Cerámica,Ignacio Iglesias Villanueva
267101,2017-04-26,19:30:00.000,34,11,La Liga,2,2016/2017,Regular Season,217,Barcelona,7,1,Osasuna,422,Spotify Camp Nou,
266440,2017-03-19,20:45:00.000,28,11,La Liga,2,2016/2017,Regular Season,217,Barcelona,4,2,Valencia,207,Spotify Camp Nou,
266033,2016-10-22,16:15:00.000,9,11,La Liga,2,2016/2017,Regular Season,207,Valencia,2,3,Barcelona,217,Estadio de Mestalla,Alberto Undiano Mallenco
267660,2017-03-12,16:15:00.000,27,11,La Liga,2,2016/2017,Regular Season,219,RC Deportivo La Coruña,2,1,Barcelona,217,Estadio Abanca-Riazor,David Fernández Borbalan
266273,2017-02-11,16:15:00.000,22,11,La Liga,2,2016/2017,Regular Season,206,Deportivo Alavés,0,6,Barcelona,217,Estadio de Mendizorroza,Carlos Clos Gómez
267395,2017-01-14,16:15:00.000,18,11,La Liga,2,2016/2017,Regular Season,217,Barcelona,5,0,Las Palmas,208,Spotify Camp Nou,Alberto Undiano Mallenco
266874,2017-02-04,16:15:00.000,21,11,La Liga,2,2016/2017,Regular Season,217,Barcelona,3,0,Athletic Club,215,Spotify Camp Nou,José Luis González González
266731,2017-01-22,20:45:00.000,19,11,La Liga,2,2016/2017,Regular Season,322,Eibar,0,4,Barcelona,217,Estadio Municipal de Ipurúa,
266528,2016-12-18,20:45:00.000,16,11,La Liga,2,2016/2017,Regular Season,217,Barcelona,4,1,Espanyol,214,Spotify Camp Nou,Antonio Miguel Mateu Lahoz
266280,2017-04-05,19:30:00.000,30,11,La Liga,2,2016/2017,Regular Season,217,Barcelona,3,0,Sevilla,213,Spotify Camp Nou,Carlos Clos Gómez
267432,2017-05-21,20:00:00.000,38,11,La Liga,2,2016/2017,Regular Season,217,Barcelona,4,2,Eibar,322,Spotify Camp Nou,
267076,2016-12-03,16:15:00.000,14,11,La Liga,2,2016/2017,Regular Season,217,Barcelona,1,1,Real Madrid,220,Spotify Camp Nou,Carlos Clos Gómez
267590,2017-04-08,20:45:00.000,31,11,La Liga,2,2016/2017,Regular Season,223,Málaga,2,0,Barcelona,217,Estadio La Rosaleda,Jesús Gil Manzano
267373,2017-04-15,20:45:00.000,32,11,La Liga,2,2016/2017,Regular Season,217,Barcelona,3,2,Real Sociedad,210,Spotify Camp Nou,
267077,2017-04-29,20:45:00.000,35,11,La Liga,2,2016/2017,Regular Season,214,Espanyol,0,3,Barcelona,217,Stage Front Stadium,Alberto Undiano Mallenco
266952,2017-05-06,18:30:00.000,36,11,La Liga,2,2016/2017,Regular Season,217,Barcelona,4,1,Villarreal,222,Spotify Camp Nou,
267464,2017-02-26,16:15:00.000,24,11,La Liga,2,2016/2017,Regular Season,212,Atlético Madrid,1,2,Barcelona,217,Estadio Vicente Calderón,Antonio Miguel Mateu Lahoz
266299,2017-03-04,20:45:00.000,26,11,La Liga,2,2016/2017,Regular Season,217,Barcelona,5,0,Celta Vigo,209,Spotify Camp Nou,Jesús Gil Manzano
266191,2016-11-27,20:45:00.000,13,11,La Liga,2,2016/2017,Regular Season,210,Real Sociedad,1,1,Barcelona,217,Reale Arena,Jesús Gil Manzano
265952,2017-03-01,19:30:00.000,25,11,La Liga,2,2016/2017,Regular Season,217,Barcelona,6,1,Sporting Gijón,1041,Spotify Camp Nou,
267492,2016-10-15,16:15:00.000,8,11,La Liga,2,2016/2017,Regular Season,217,Barcelona,4,0,RC Deportivo La Coruña,219,Spotify Camp Nou,
267596,2017-02-19,20:45:00.000,23,11,La Liga,2,2016/2017,Regular Season,217,Barcelona,2,1,Leganés,205,Spotify Camp Nou,Ignacio Iglesias Villanueva
267058,2016-10-29,20:45:00.000,10,11,La Liga,2,2016/2017,Regular Season,217,Barcelona,1,0,Granada,1049,Spotify Camp Nou,
69238,2010-02-27,22:00:00.000,24,11,La Liga,21,2009/2010,Regular Season,217,Barcelona,2,1,Málaga,223,Spotify Camp Nou,Antonio Rubinos Perez
69243,2010-01-16,22:00:00.000,18,11,La Liga,21,2009/2010,Regular Season,217,Barcelona,4,0,Sevilla,213,Spotify Camp Nou,Carlos Delgado
69241,2010-05-04,20:00:00.000,36,11,La Liga,21,2009/2010,Regular Season,217,Barcelona,4,1,Tenerife,627,Spotify Camp Nou,Carlos Delgado
69239,2010-05-08,21:00:00.000,37,11,La Liga,21,2009/2010,Regular Season,213,Sevilla,2,3,Barcelona,217,Estadio Ramón Sánchez Pizjuán,Alberto Undiano Mallenco
69257,2010-03-24,18:00:00.000,28,11,La Liga,21,2009/2010,Regular Season,217,Barcelona,2,0,Osasuna,422,Spotify Camp Nou,Carlos Velasco Carballo
69253,2009-10-25,21:00:00.000,8,11,La Liga,21,2009/2010,Regular Season,217,Barcelona,6,1,Real Zaragoza,395,Spotify Camp Nou,José Paradas
69244,2010-05-01,19:00:00.000,35,11,La Liga,21,2009/2010,Regular Season,222,Villarreal,1,4,Barcelona,217,Estadio de la Cerámica,Fernando Teixeira
69277,2009-10-31,20:00:00.000,9,11,La Liga,21,2009/2010,Regular Season,422,Osasuna,1,1,Barcelona,217,Estadio El Sadar,Antonio Rubinos Perez
69229,2009-09-12,18:00:00.000,2,11,La Liga,21,2009/2010,Regular Season,216,Getafe,0,2,Barcelona,217,Coliseum Alfonso Pérez,Eduardo Iturralde Gonzalez
69219,2010-01-10,21:00:00.000,17,11,La Liga,21,2009/2010,Regular Season,627,Tenerife,0,5,Barcelona,217,Estadio Heliodoro Rodríguez Lopéz,Miguel Pérez
69218,2009-12-05,22:00:00.000,13,11,La Liga,21,2009/2010,Regular Season,219,RC Deportivo La Coruña,1,3,Barcelona,217,Estadio Abanca-Riazor,David Fernández Borbalan
69250,2009-11-07,20:00:00.000,10,11,La Liga,21,2009/2010,Regular Season,217,Barcelona,4,2,Mallorca,1043,Spotify Camp Nou,Turienzo
69242,2010-05-16,19:00:00.000,38,11,La Liga,21,2009/2010,Regular Season,217,Barcelona,4,0,Real Valladolid,901,Spotify Camp Nou,Miguel Pérez
69256,2009-10-03,20:00:00.000,6,11,La Liga,21,2009/2010,Regular Season,217,Barcelona,1,0,Almería,403,Spotify Camp Nou,Carlos Velasco Carballo
69298,2010-03-27,20:00:00.000,29,11,La Liga,21,2009/2010,Regular Season,1043,Mallorca,0,1,Barcelona,217,Visit Mallorca Estadi,David Fernández Borbalan
69259,2010-04-10,22:00:00.000,31,11,La Liga,21,2009/2010,Regular Season,220,Real Madrid,0,2,Barcelona,217,Bernabéu,Manuel Enrique Mejuto Gonzalez
69224,2010-03-14,19:00:00.000,26,11,La Liga,21,2009/2010,Regular Season,217,Barcelona,3,0,Valencia,207,Spotify Camp Nou,César Muñiz
69210,2010-01-23,20:00:00.000,19,11,La Liga,21,2009/2010,Regular Season,901,Real Valladolid,0,3,Barcelona,217,Estadio Municipal José Zorrilla,Rafael Ramírez Domínguez
69220,2010-01-30,18:00:00.000,20,11,La Liga,21,2009/2010,Regular Season,1041,Sporting Gijón,0,1,Barcelona,217,Estadio Municipal El Molinón,José Paradas
69237,2010-02-14,21:00:00.000,22,11,La Liga,21,2009/2010,Regular Season,212,Atlético Madrid,2,1,Barcelona,217,Estadio Vicente Calderón,Eduardo Iturralde Gonzalez
69226,2010-03-06,20:00:00.000,25,11,La Liga,21,2009/2010,Regular Season,403,Almería,2,2,Barcelona,217,Power Horse Stadium – Estadio de los Juegos Mediterráneos,Carlos Clos Gómez
69252,2009-10-17,22:00:00.000,7,11,La Liga,21,2009/2010,Regular Season,207,Valencia,0,0,Barcelona,217,Estadio de Mestalla,Alfonso Perez Burrull
69255,2009-09-26,18:00:00.000,5,11,La Liga,21,2009/2010,Regular Season,223,Málaga,0,2,Barcelona,217,Estadio La Rosaleda,Carlos Delgado
69214,2010-04-24,18:00:00.000,34,11,La Liga,21,2009/2010,Regular Season,217,Barcelona,3,1,Xerez,1219,Spotify Camp Nou,César Muñiz
69262,2009-11-29,19:00:00.000,12,11,La Liga,21,2009/2010,Regular Season,217,Barcelona,1,0,Real Madrid,220,Spotify Camp Nou,Alberto Undiano Mallenco
69240,2010-02-06,20:00:00.000,21,11,La Liga,21,2009/2010,Regular Season,217,Barcelona,2,1,Getafe,216,Spotify Camp Nou,Fernando Teixeira
69233,2010-02-20,18:00:00.000,23,11,La Liga,21,2009/2010,Regular Season,217,Barcelona,4,0,Racing Santander,1217,Spotify Camp Nou,David Fernández Borbalan
69213,2010-04-17,20:00:00.000,33,11,La Liga,21,2009/2010,Regular Season,214,Espanyol,0,0,Barcelona,217,Stage Front Stadium,Alberto Undiano Mallenco
69267,2009-12-02,20:00:00.000,15,11,La Liga,21,2009/2010,Regular Season,1219,Xerez,0,2,Barcelona,217,Estadio Municipal de Chapín,Carlos Velasco Carballo
69288,2009-11-21,22:00:00.000,11,11,La Liga,21,2009/2010,Regular Season,215,Athletic Club,1,1,Barcelona,217,Estadio San Mamés,Fernando Teixeira
69254,2009-09-22,22:00:00.000,4,11,La Liga,21,2009/2010,Regular Season,1217,Racing Santander,1,4,Barcelona,217,Campos de Sport de El Sardinero,Antonio Miguel Mateu Lahoz
69292,2009-09-19,22:00:00.000,3,11,La Liga,21,2009/2010,Regular Season,217,Barcelona,5,2,Atlético Madrid,212,Spotify Camp Nou,Manuel Enrique Mejuto Gonzalez
69227,2010-03-21,21:00:00.000,27,11,La Liga,21,2009/2010,Regular Season,395,Real Zaragoza,2,4,Barcelona,217,Estadio de la Romareda,Carlos Delgado
69247,2010-04-03,20:00:00.000,30,11,La Liga,21,2009/2010,Regular Season,217,Barcelona,4,1,Athletic Club,215,Spotify Camp Nou,Antonio Miguel Mateu Lahoz
69221,2010-04-14,22:00:00.000,32,11,La Liga,21,2009/2010,Regular Season,217,Barcelona,3,0,RC Deportivo La Coruña,219,Spotify Camp Nou,José Paradas
69276,2011-02-05,22:00:00.000,22,11,La Liga,22,2010/2011,Regular Season,217,Barcelona,3,0,Atlético Madrid,212,Spotify Camp Nou,Turienzo
69304,2011-04-02,22:00:00.000,30,11,La Liga,22,2010/2011,Regular Season,222,Villarreal,0,1,Barcelona,217,Estadio de la Cerámica,Rafael Ramírez Domínguez
69307,2010-12-04,20:45:00.000,14,11,La Liga,22,2010/2011,Regular Season,422,Osasuna,0,3,Barcelona,217,Estadio El Sadar,Fernando Teixeira
69271,2011-04-23,20:00:00.000,33,11,La Liga,22,2010/2011,Regular Season,217,Barcelona,2,0,Osasuna,422,Spotify Camp Nou,Carlos Delgado
69305,2011-04-09,20:00:00.000,31,11,La Liga,22,2010/2011,Regular Season,217,Barcelona,3,1,Almería,403,Spotify Camp Nou,Miguel Ayza
69278,2011-01-16,21:00:00.000,19,11,La Liga,22,2010/2011,Regular Season,217,Barcelona,4,1,Málaga,223,Spotify Camp Nou,José Luis González González
69275,2010-12-18,20:00:00.000,16,11,La Liga,22,2010/2011,Regular Season,214,Espanyol,1,5,Barcelona,217,Stage Front Stadium,Alberto Undiano Mallenco
69295,2011-01-22,18:00:00.000,20,11,La Liga,22,2010/2011,Regular Season,217,Barcelona,3,0,Racing Santander,1217,Spotify Camp Nou,Ignacio Iglesias Villanueva
69270,2010-11-07,19:00:00.000,10,11,La Liga,22,2010/2011,Regular Season,216,Getafe,1,3,Barcelona,217,Coliseum Alfonso Pérez,Miguel Ayza
69303,2011-03-19,18:00:00.000,29,11,La Liga,22,2010/2011,Regular Season,217,Barcelona,2,1,Getafe,216,Spotify Camp Nou,César Muñiz
69245,2011-04-16,22:00:00.000,32,11,La Liga,22,2010/2011,Regular Season,220,Real Madrid,1,1,Barcelona,217,Bernabéu,César Muñiz
69287,2010-09-11,18:00:00.000,2,11,La Liga,22,2010/2011,Regular Season,217,Barcelona,0,2,Hércules,1218,Spotify Camp Nou,Carlos Velasco Carballo
69296,2011-01-29,20:00:00.000,21,11,La Liga,22,2010/2011,Regular Season,1218,Hércules,0,3,Barcelona,217,Estadio José Rico Pérez,David Fernández Borbalan
69260,2010-10-16,20:00:00.000,7,11,La Liga,22,2010/2011,Regular Season,217,Barcelona,2,1,Valencia,207,Spotify Camp Nou,Fernando Teixeira
69269,2010-09-19,19:00:00.000,3,11,La Liga,22,2010/2011,Regular Season,212,Atlético Madrid,1,2,Barcelona,217,Estadio Vicente Calderón,David Fernández Borbalan
69246,2011-04-30,18:00:00.000,34,11,La Liga,22,2010/2011,Regular Season,210,Real Sociedad,2,1,Barcelona,217,Reale Arena,Fernando Teixeira
69302,2010-12-12,21:00:00.000,15,11,La Liga,22,2010/2011,Regular Season,217,Barcelona,5,0,Real Sociedad,210,Spotify Camp Nou,David Fernández Borbalan
69282,2011-02-20,21:00:00.000,24,11,La Liga,22,2010/2011,Regular Season,217,Barcelona,2,1,Athletic Club,215,Spotify Camp Nou,Rafael Ramírez Domínguez
69274,2011-03-02,22:00:00.000,26,11,La Liga,22,2010/2011,Regular Season,207,Valencia,0,1,Barcelona,217,Estadio de Mestalla,Eduardo Iturralde Gonzalez
69283,2011-02-26,20:00:00.000,25,11,La Liga,22,2010/2011,Regular Season,1043,Mallorca,0,3,Barcelona,217,Visit Mallorca Estadi,Carlos Velasco Carballo
69280,2011-01-08,20:00:00.000,18,11,La Liga,22,2010/2011,Regular Season,219,RC Deportivo La Coruña,0,4,Barcelona,217,Estadio Abanca-Riazor,Carlos Delgado
69286,2010-08-29,19:00:00.000,1,11,La Liga,22,2010/2011,Regular Season,1217,Racing Santander,0,3,Barcelona,217,Campos de Sport de El Sardinero,Carlos Delgado
69291,2011-03-13,21:00:00.000,28,11,La Liga,22,2010/2011,Regular Season,213,Sevilla,1,1,Barcelona,217,Estadio Ramón Sánchez Pizjuán,Miguel Pérez
69236,2010-10-03,19:00:00.000,6,11,La Liga,22,2010/2011,Regular Season,217,Barcelona,1,1,Mallorca,1043,Spotify Camp Nou,Alberto Undiano Mallenco
69234,2011-05-08,17:00:00.000,35,11,La Liga,22,2010/2011,Regular Season,217,Barcelona,2,0,Espanyol,214,Spotify Camp Nou,David Fernández Borbalan
69272,2011-05-11,18:00:00.000,36,11,La Liga,22,2010/2011,Regular Season,221,Levante UD,1,1,Barcelona,217,Estadio Ciudad de Valencia,José Paradas
69308,2010-11-13,22:00:00.000,11,11,La Liga,22,2010/2011,Regular Season,217,Barcelona,3,1,Villarreal,222,Spotify Camp Nou,Carlos Delgado
69299,2010-11-29,21:00:00.000,13,11,La Liga,22,2010/2011,Regular Season,217,Barcelona,5,0,Real Madrid,220,Spotify Camp Nou,Eduardo Iturralde Gonzalez
69300,2011-03-05,20:00:00.000,27,11,La Liga,22,2010/2011,Regular Season,217,Barcelona,1,0,Real Zaragoza,395,Spotify Camp Nou,Fernando Teixeira
69289,2010-10-30,22:00:00.000,9,11,La Liga,22,2010/2011,Regular Season,217,Barcelona,5,0,Sevilla,213,Spotify Camp Nou,Turienzo
69263,2010-10-23,18:00:00.000,8,11,La Liga,22,2010/2011,Regular Season,395,Real Zaragoza,0,2,Barcelona,217,Estadio de la Romareda,Miguel Pérez
69306,2010-11-20,20:00:00.000,12,11,La Liga,22,2010/2011,Regular Season,403,Almería,0,8,Barcelona,217,Power Horse Stadium – Estadio de los Juegos Mediterráneos,César Muñiz
69248,2011-02-12,20:00:00.000,23,11,La Liga,22,2010/2011,Regular Season,1041,Sporting Gijón,1,1,Barcelona,217,Estadio Municipal El Molinón,Miguel Pérez
70220,2011-09-17,20:00:00.000,4,11,La Liga,23,2011/2012,Regular Season,217,Barcelona,8,0,Osasuna,422,Spotify Camp Nou,César Muñiz
69328,2012-02-19,21:30:00.000,24,11,La Liga,23,2011/2012,Regular Season,217,Barcelona,5,1,Valencia,207,Spotify Camp Nou,Turienzo
69329,2011-10-22,22:00:00.000,9,11,La Liga,23,2011/2012,Regular Season,217,Barcelona,0,0,Sevilla,213,Spotify Camp Nou,Eduardo Iturralde Gonzalez
70219,2012-04-07,20:00:00.000,32,11,La Liga,23,2011/2012,Regular Season,395,Real Zaragoza,1,4,Barcelona,217,Estadio de la Romareda,Turienzo
69331,2011-11-19,18:00:00.000,13,11,La Liga,23,2011/2012,Regular Season,217,Barcelona,4,0,Real Zaragoza,395,Spotify Camp Nou,Alberto Undiano Mallenco
69337,2012-02-26,21:30:00.000,25,11,La Liga,23,2011/2012,Regular Season,212,Atlético Madrid,1,2,Barcelona,217,Estadio Vicente Calderón,Miguel Pérez
69322,2012-03-11,18:00:00.000,27,11,La Liga,23,2011/2012,Regular Season,1217,Racing Santander,0,2,Barcelona,217,Campos de Sport de El Sardinero,
69316,2012-02-04,22:00:00.000,22,11,La Liga,23,2011/2012,Regular Season,217,Barcelona,2,1,Real Sociedad,210,Spotify Camp Nou,Carlos Clos Gómez
69332,2011-11-29,19:00:00.000,17,11,La Liga,23,2011/2012,Regular Season,217,Barcelona,4,0,Rayo Vallecano,360,Spotify Camp Nou,Miguel Pérez
69335,2012-01-22,18:00:00.000,1,11,La Liga,23,2011/2012,Regular Season,223,Málaga,1,4,Barcelona,217,Estadio La Rosaleda,Alberto Undiano Mallenco
69330,2011-11-06,20:00:00.000,12,11,La Liga,23,2011/2012,Regular Season,215,Athletic Club,2,2,Barcelona,217,Estadio San Mamés,José Paradas
69297,2011-09-24,22:00:00.000,6,11,La Liga,23,2011/2012,Regular Season,217,Barcelona,5,0,Atlético Madrid,212,Spotify Camp Nou,Carlos Delgado
69325,2012-03-24,18:00:00.000,30,11,La Liga,23,2011/2012,Regular Season,1043,Mallorca,0,2,Barcelona,217,Visit Mallorca Estadi,Miguel Ayza
69324,2012-04-21,20:00:00.000,35,11,La Liga,23,2011/2012,Regular Season,217,Barcelona,1,2,Real Madrid,220,Spotify Camp Nou,Alberto Undiano Mallenco
70225,2012-03-20,21:00:00.000,29,11,La Liga,23,2011/2012,Regular Season,217,Barcelona,5,3,Granada,1049,Spotify Camp Nou,José Teixeira
69293,2011-10-15,20:00:00.000,8,11,La Liga,23,2011/2012,Regular Season,217,Barcelona,3,0,Racing Santander,1217,Spotify Camp Nou,Miguel Ayza
70223,2011-09-21,22:00:00.000,5,11,La Liga,23,2011/2012,Regular Season,207,Valencia,2,2,Barcelona,217,Estadio de Mestalla,Carlos Velasco Carballo
69333,2011-12-03,20:00:00.000,15,11,La Liga,23,2011/2012,Regular Season,217,Barcelona,5,0,Levante UD,221,Spotify Camp Nou,José Teixeira
69264,2011-09-10,18:00:00.000,3,11,La Liga,23,2011/2012,Regular Season,210,Real Sociedad,2,2,Barcelona,217,Reale Arena,Antonio Miguel Mateu Lahoz
69343,2012-04-10,21:00:00.000,33,11,La Liga,23,2011/2012,Regular Season,217,Barcelona,4,0,Getafe,216,Spotify Camp Nou,José Luis González González
69340,2012-05-02,20:00:00.000,20,11,La Liga,23,2011/2012,Regular Season,217,Barcelona,4,1,Málaga,223,Spotify Camp Nou,Turienzo
69265,2011-10-02,20:00:00.000,7,11,La Liga,23,2011/2012,Regular Season,1041,Sporting Gijón,0,1,Barcelona,217,Estadio Municipal El Molinón,Carlos Clos Gómez
69319,2012-05-12,20:00:00.000,38,11,La Liga,23,2011/2012,Regular Season,218,Real Betis,2,2,Barcelona,217,Estadio Benito Villamarín,Miguel Ayza
69334,2011-12-10,22:00:00.000,16,11,La Liga,23,2011/2012,Regular Season,220,Real Madrid,1,3,Barcelona,217,Bernabéu,David Fernández Borbalan
69327,2012-01-15,19:30:00.000,19,11,La Liga,23,2011/2012,Regular Season,217,Barcelona,4,2,Real Betis,218,Spotify Camp Nou,Ignacio Iglesias Villanueva
69315,2011-11-26,22:00:00.000,14,11,La Liga,23,2011/2012,Regular Season,216,Getafe,1,0,Barcelona,217,Coliseum Alfonso Pérez,Fernando Teixeira
69336,2012-02-11,20:00:00.000,23,11,La Liga,23,2011/2012,Regular Season,422,Osasuna,3,2,Barcelona,217,Estadio El Sadar,José Paradas
69326,2012-03-17,20:00:00.000,28,11,La Liga,23,2011/2012,Regular Season,213,Sevilla,0,2,Barcelona,217,Estadio Ramón Sánchez Pizjuán,José Luis González González
69268,2011-08-29,21:00:00.000,2,11,La Liga,23,2011/2012,Regular Season,217,Barcelona,5,0,Villarreal,222,Spotify Camp Nou,Turienzo
69320,2012-05-05,21:00:00.000,37,11,La Liga,23,2011/2012,Regular Season,217,Barcelona,4,0,Espanyol,214,Spotify Camp Nou,Fernando Teixeira
69312,2012-01-08,21:30:00.000,18,11,La Liga,23,2011/2012,Regular Season,214,Espanyol,1,1,Barcelona,217,Stage Front Stadium,Turienzo
69314,2011-10-29,20:00:00.000,11,11,La Liga,23,2011/2012,Regular Season,217,Barcelona,5,0,Mallorca,1043,Spotify Camp Nou,Pedro Jesús Pérez Montero
69318,2011-10-25,18:00:00.000,10,11,La Liga,23,2011/2012,Regular Season,1049,Granada,0,1,Barcelona,217,Estadio Nuevo Los Cármenes,César Muñiz
69338,2012-01-28,22:00:00.000,21,11,La Liga,23,2011/2012,Regular Season,222,Villarreal,0,0,Barcelona,217,Estadio de la Cerámica,José Teixeira
70224,2012-04-29,21:30:00.000,36,11,La Liga,23,2011/2012,Regular Season,360,Rayo Vallecano,0,7,Barcelona,217,Estadio de Vallecas,Carlos Delgado
70221,2012-04-14,22:00:00.000,34,11,La Liga,23,2011/2012,Regular Season,221,Levante UD,1,2,Barcelona,217,Estadio Ciudad de Valencia,José Teixeira
69323,2012-03-31,22:00:00.000,31,11,La Liga,23,2011/2012,Regular Season,217,Barcelona,2,0,Athletic Club,215,Spotify Camp Nou,Antonio Miguel Mateu Lahoz
70263,2012-12-01,20:00:00.000,14,11,La Liga,24,2012/2013,Regular Season,217,Barcelona,5,1,Athletic Club,215,Spotify Camp Nou,Antonio Miguel Mateu Lahoz
266015,2012-12-22,18:00:00.000,17,11,La Liga,24,2012/2013,Regular Season,901,Real Valladolid,1,3,Barcelona,217,Estadio Municipal José Zorrilla,Carlos Clos Gómez
70270,2012-09-22,22:00:00.000,5,11,La Liga,24,2012/2013,Regular Season,217,Barcelona,2,0,Granada,1049,Spotify Camp Nou,
70281,2013-05-05,21:00:00.000,34,11,La Liga,24,2012/2013,Regular Season,217,Barcelona,4,2,Real Betis,218,Spotify Camp Nou,Carlos Clos Gómez
70308,2012-11-03,16:00:00.000,10,11,La Liga,24,2012/2013,Regular Season,217,Barcelona,3,1,Celta Vigo,209,Spotify Camp Nou,David Fernández Borbalan
70282,2013-02-03,19:00:00.000,22,11,La Liga,24,2012/2013,Regular Season,207,Valencia,1,1,Barcelona,217,Estadio de Mestalla,José Luis González González
266724,2012-11-11,17:50:00.000,11,11,La Liga,24,2012/2013,Regular Season,1043,Mallorca,2,4,Barcelona,217,Visit Mallorca Estadi,Ignacio Iglesias Villanueva
70272,2013-03-02,16:00:00.000,26,11,La Liga,24,2012/2013,Regular Season,220,Real Madrid,2,1,Barcelona,217,Bernabéu,Miguel Pérez
70304,2012-10-20,20:00:00.000,8,11,La Liga,24,2012/2013,Regular Season,219,RC Deportivo La Coruña,4,5,Barcelona,217,Estadio Abanca-Riazor,José Paradas
70280,2012-11-25,21:00:00.000,13,11,La Liga,24,2012/2013,Regular Season,221,Levante UD,0,4,Barcelona,217,Estadio Ciudad de Valencia,Pedro Jesús Pérez Montero
70296,2012-12-16,21:00:00.000,16,11,La Liga,24,2012/2013,Regular Season,217,Barcelona,4,1,Atlético Madrid,212,Spotify Camp Nou,Miguel Pérez
70297,2013-02-10,12:00:00.000,23,11,La Liga,24,2012/2013,Regular Season,217,Barcelona,6,1,Getafe,216,Spotify Camp Nou,Ignacio Iglesias Villanueva
266433,2013-01-06,19:00:00.000,18,11,La Liga,24,2012/2013,Regular Season,217,Barcelona,4,0,Espanyol,214,Spotify Camp Nou,Jesús Gil Manzano
70256,2013-03-30,18:00:00.000,29,11,La Liga,24,2012/2013,Regular Season,209,Celta Vigo,2,2,Barcelona,217,Abanca-Balaídos,Antonio Miguel Mateu Lahoz
70259,2012-08-19,21:00:00.000,1,11,La Liga,24,2012/2013,Regular Season,217,Barcelona,5,1,Real Sociedad,210,Spotify Camp Nou,José Luis González González
70260,2013-01-27,19:00:00.000,21,11,La Liga,24,2012/2013,Regular Season,217,Barcelona,5,1,Osasuna,422,Spotify Camp Nou,Fernando Teixeira
70276,2012-10-27,22:00:00.000,9,11,La Liga,24,2012/2013,Regular Season,360,Rayo Vallecano,0,5,Barcelona,217,Estadio de Vallecas,Miguel Pérez
70287,2013-01-19,18:00:00.000,20,11,La Liga,24,2012/2013,Regular Season,210,Real Sociedad,3,2,Barcelona,217,Reale Arena,Alberto Undiano Mallenco
70284,2013-05-12,19:00:00.000,35,11,La Liga,24,2012/2013,Regular Season,212,Atlético Madrid,1,2,Barcelona,217,Estadio Vicente Calderón,Pedro Jesús Pérez Montero
70275,2012-09-29,22:00:00.000,6,11,La Liga,24,2012/2013,Regular Season,213,Sevilla,2,3,Barcelona,217,Estadio Ramón Sánchez Pizjuán,Antonio Miguel Mateu Lahoz
70286,2012-09-02,21:30:00.000,3,11,La Liga,24,2012/2013,Regular Season,217,Barcelona,1,0,Valencia,207,Spotify Camp Nou,Miguel Pérez
70309,2012-11-17,20:00:00.000,12,11,La Liga,24,2012/2013,Regular Season,217,Barcelona,3,1,Real Zaragoza,395,Spotify Camp Nou,Miguel Ayza
70300,2012-10-07,19:50:00.000,7,11,La Liga,24,2012/2013,Regular Season,217,Barcelona,2,2,Real Madrid,220,Spotify Camp Nou,Carlos Delgado
70295,2012-12-09,21:00:00.000,15,11,La Liga,24,2012/2013,Regular Season,218,Real Betis,1,2,Barcelona,217,Estadio Benito Villamarín,Carlos Velasco Carballo
70307,2013-03-17,21:00:00.000,28,11,La Liga,24,2012/2013,Regular Season,217,Barcelona,3,1,Rayo Vallecano,360,Spotify Camp Nou,José Luis González González
70305,2013-03-09,20:00:00.000,27,11,La Liga,24,2012/2013,Regular Season,217,Barcelona,2,0,RC Deportivo La Coruña,219,Spotify Camp Nou,Pedro Jesús Pérez Montero
266827,2013-01-13,19:00:00.000,19,11,La Liga,24,2012/2013,Regular Season,223,Málaga,1,3,Barcelona,217,Estadio La Rosaleda,Carlos Delgado
267502,2013-04-27,18:00:00.000,33,11,La Liga,24,2012/2013,Regular Season,215,Athletic Club,2,2,Barcelona,217,Estadio San Mamés,Ignacio Iglesias Villanueva
70271,2013-02-23,22:00:00.000,25,11,La Liga,24,2012/2013,Regular Season,217,Barcelona,2,1,Sevilla,213,Spotify Camp Nou,Carlos Velasco Carballo
70294,2013-02-16,20:00:00.000,24,11,La Liga,24,2012/2013,Regular Season,1049,Granada,1,2,Barcelona,217,Estadio Nuevo Los Cármenes,
70262,2012-08-26,19:00:00.000,2,11,La Liga,24,2012/2013,Regular Season,422,Osasuna,1,2,Barcelona,217,Estadio El Sadar,César Muñiz
70292,2012-09-15,20:00:00.000,4,11,La Liga,24,2012/2013,Regular Season,216,Getafe,1,4,Barcelona,217,Coliseum Alfonso Pérez,Fernando Teixeira
266066,2014-03-02,19:00:00.000,26,11,La Liga,25,2013/2014,Regular Season,217,Barcelona,4,1,Almería,403,Spotify Camp Nou,
267368,2014-04-05,18:00:00.000,32,11,La Liga,25,2013/2014,Regular Season,217,Barcelona,3,1,Real Betis,218,Spotify Camp Nou,Eduardo Prieto Iglesias
70301,2013-09-14,20:00:00.000,4,11,La Liga,25,2013/2014,Regular Season,217,Barcelona,3,2,Sevilla,213,Spotify Camp Nou,César Muñiz
70298,2013-09-01,21:00:00.000,3,11,La Liga,25,2013/2014,Regular Season,207,Valencia,2,3,Barcelona,217,Estadio de Mestalla,José Teixeira
70302,2013-09-21,20:00:00.000,5,11,La Liga,25,2013/2014,Regular Season,360,Rayo Vallecano,0,4,Barcelona,217,Estadio de Vallecas,Carlos Clos Gómez
70291,2014-01-26,21:00:00.000,21,11,La Liga,25,2013/2014,Regular Season,217,Barcelona,3,0,Málaga,223,Spotify Camp Nou,Carlos Clos Gómez
267138,2014-04-12,18:00:00.000,33,11,La Liga,25,2013/2014,Regular Season,1049,Granada,1,0,Barcelona,217,Estadio Nuevo Los Cármenes,Carlos Delgado
267520,2013-09-24,20:00:00.000,6,11,La Liga,25,2013/2014,Regular Season,217,Barcelona,4,1,Real Sociedad,210,Spotify Camp Nou,Jesús Gil Manzano
70289,2014-04-27,21:00:00.000,35,11,La Liga,25,2013/2014,Regular Season,222,Villarreal,2,3,Barcelona,217,Estadio de la Cerámica,David Fernández Borbalan
267675,2014-02-09,21:00:00.000,23,11,La Liga,25,2013/2014,Regular Season,213,Sevilla,1,4,Barcelona,217,Estadio Ramón Sánchez Pizjuán,José Teixeira
70288,2014-01-19,19:00:00.000,20,11,La Liga,25,2013/2014,Regular Season,221,Levante UD,1,1,Barcelona,217,Estadio Ciudad de Valencia,
266074,2014-03-16,17:00:00.000,28,11,La Liga,25,2013/2014,Regular Season,217,Barcelona,7,0,Osasuna,422,Spotify Camp Nou,José Teixeira
267567,2014-04-20,21:00:00.000,34,11,La Liga,25,2013/2014,Regular Season,217,Barcelona,2,1,Athletic Club,215,Spotify Camp Nou,
266201,2014-05-11,17:00:00.000,37,11,La Liga,25,2013/2014,Regular Season,1042,Elche,0,0,Barcelona,217,Estadio Manuel Martínez Valero,Fernando Teixeira
266274,2014-03-26,20:00:00.000,30,11,La Liga,25,2013/2014,Regular Season,217,Barcelona,3,0,Celta Vigo,209,Spotify Camp Nou,Miguel Ayza
70293,2013-10-26,18:00:00.000,10,11,La Liga,25,2013/2014,Regular Season,217,Barcelona,2,1,Real Madrid,220,Spotify Camp Nou,Alberto Undiano Mallenco
265918,2014-02-15,20:00:00.000,24,11,La Liga,25,2013/2014,Regular Season,217,Barcelona,6,0,Rayo Vallecano,360,Spotify Camp Nou,
70277,2013-08-18,19:00:00.000,1,11,La Liga,25,2013/2014,Regular Season,217,Barcelona,7,0,Levante UD,221,Spotify Camp Nou,
70283,2013-11-01,21:00:00.000,12,11,La Liga,25,2013/2014,Regular Season,217,Barcelona,1,0,Espanyol,214,Spotify Camp Nou,Carlos Velasco Carballo
70306,2014-03-29,16:00:00.000,31,11,La Liga,25,2013/2014,Regular Season,214,Espanyol,0,1,Barcelona,217,Stage Front Stadium,Carlos Clos Gómez
266256,2014-05-17,18:00:00.000,38,11,La Liga,25,2013/2014,Regular Season,217,Barcelona,1,1,Atlético Madrid,212,Spotify Camp Nou,Antonio Miguel Mateu Lahoz
266613,2014-02-01,16:00:00.000,22,11,La Liga,25,2013/2014,Regular Season,217,Barcelona,2,3,Valencia,207,Spotify Camp Nou,Pedro Jesús Pérez Montero
266491,2014-05-03,16:00:00.000,36,11,La Liga,25,2013/2014,Regular Season,217,Barcelona,2,2,Getafe,216,Spotify Camp Nou,José Teixeira
265830,2014-01-11,20:00:00.000,19,11,La Liga,25,2013/2014,Regular Season,212,Atlético Madrid,0,0,Barcelona,217,Estadio Vicente Calderón,Antonio Miguel Mateu Lahoz
265857,2014-03-23,21:00:00.000,29,11,La Liga,25,2013/2014,Regular Season,220,Real Madrid,3,4,Barcelona,217,Bernabéu,Alberto Undiano Mallenco
266883,2013-11-10,21:00:00.000,13,11,La Liga,25,2013/2014,Regular Season,218,Real Betis,1,4,Barcelona,217,Estadio Benito Villamarín,José Luis González González
266603,2014-03-08,16:00:00.000,27,11,La Liga,25,2013/2014,Regular Season,901,Real Valladolid,1,0,Barcelona,217,Estadio Municipal José Zorrilla,
265837,2014-02-22,20:00:00.000,25,11,La Liga,25,2013/2014,Regular Season,210,Real Sociedad,3,1,Barcelona,217,Reale Arena,David Fernández Borbalan
266462,2013-10-19,20:00:00.000,9,11,La Liga,25,2013/2014,Regular Season,422,Osasuna,0,0,Barcelona,217,Estadio El Sadar,Pedro Jesús Pérez Montero
267192,2013-10-29,22:00:00.000,11,11,La Liga,25,2013/2014,Regular Season,209,Celta Vigo,0,3,Barcelona,217,Abanca-Balaídos,David Fernández Borbalan
266420,2013-09-28,16:00:00.000,7,11,La Liga,25,2013/2014,Regular Season,403,Almería,0,2,Barcelona,217,Power Horse Stadium – Estadio de los Juegos Mediterráneos,Miguel Ayza
267183,2015-03-22,21:00:00.000,28,11,La Liga,26,2014/2015,Regular Season,217,Barcelona,2,1,Real Madrid,220,Spotify Camp Nou,Antonio Miguel Mateu Lahoz
265835,2014-11-22,20:00:00.000,12,11,La Liga,26,2014/2015,Regular Season,217,Barcelona,5,1,Sevilla,213,Spotify Camp Nou,
266838,2014-09-24,22:00:00.000,5,11,La Liga,26,2014/2015,Regular Season,223,Málaga,0,0,Barcelona,217,Estadio La Rosaleda,
265963,2015-04-28,20:00:00.000,34,11,La Liga,26,2014/2015,Regular Season,217,Barcelona,6,0,Getafe,216,Spotify Camp Nou,David Fernández Borbalan
266117,2014-09-27,18:00:00.000,6,11,La Liga,26,2014/2015,Regular Season,217,Barcelona,6,0,Granada,1049,Spotify Camp Nou,
266916,2015-03-08,12:00:00.000,26,11,La Liga,26,2014/2015,Regular Season,217,Barcelona,6,1,Rayo Vallecano,360,Spotify Camp Nou,Jesús Gil Manzano
267197,2015-05-23,18:30:00.000,38,11,La Liga,26,2014/2015,Regular Season,217,Barcelona,2,2,RC Deportivo La Coruña,219,Spotify Camp Nou,Carlos Clos Gómez
70264,2014-12-13,16:00:00.000,15,11,La Liga,26,2014/2015,Regular Season,216,Getafe,0,0,Barcelona,217,Coliseum Alfonso Pérez,
70273,2014-09-13,16:00:00.000,3,11,La Liga,26,2014/2015,Regular Season,217,Barcelona,2,0,Athletic Club,215,Spotify Camp Nou,David Fernández Borbalan
267301,2014-11-01,20:00:00.000,10,11,La Liga,26,2014/2015,Regular Season,217,Barcelona,0,1,Celta Vigo,209,Spotify Camp Nou,
265896,2014-10-18,20:00:00.000,8,11,La Liga,26,2014/2015,Regular Season,217,Barcelona,3,0,Eibar,322,Spotify Camp Nou,José Teixeira
265866,2015-05-02,16:00:00.000,35,11,La Liga,26,2014/2015,Regular Season,373,Córdoba CF,0,8,Barcelona,217,Estadio Nuevo Arcángel,Carlos Clos Gómez
267400,2015-04-08,20:00:00.000,30,11,La Liga,26,2014/2015,Regular Season,217,Barcelona,4,0,Almería,403,Spotify Camp Nou,
266406,2014-08-31,19:00:00.000,2,11,La Liga,26,2014/2015,Regular Season,222,Villarreal,0,1,Barcelona,217,Estadio de la Cerámica,Carlos Velasco Carballo
267085,2014-10-25,18:00:00.000,9,11,La Liga,26,2014/2015,Regular Season,220,Real Madrid,3,1,Barcelona,217,Bernabéu,Jesús Gil Manzano
267561,2014-10-04,16:00:00.000,7,11,La Liga,26,2014/2015,Regular Season,360,Rayo Vallecano,0,2,Barcelona,217,Estadio de Vallecas,Antonio Miguel Mateu Lahoz
266148,2015-02-21,16:00:00.000,24,11,La Liga,26,2014/2015,Regular Season,217,Barcelona,0,1,Málaga,223,Spotify Camp Nou,
266045,2015-05-09,18:00:00.000,36,11,La Liga,26,2014/2015,Regular Season,217,Barcelona,2,0,Real Sociedad,210,Spotify Camp Nou,Ignacio Iglesias Villanueva
70303,2015-01-11,21:00:00.000,18,11,La Liga,26,2014/2015,Regular Season,217,Barcelona,3,1,Atlético Madrid,212,Spotify Camp Nou,Alberto Undiano Mallenco
266240,2015-01-04,21:00:00.000,17,11,La Liga,26,2014/2015,Regular Season,210,Real Sociedad,1,0,Barcelona,217,Reale Arena,
267597,2015-02-01,21:00:00.000,21,11,La Liga,26,2014/2015,Regular Season,217,Barcelona,3,2,Villarreal,222,Spotify Camp Nou,
266794,2015-01-24,18:00:00.000,20,11,La Liga,26,2014/2015,Regular Season,1042,Elche,0,6,Barcelona,217,Estadio Manuel Martínez Valero,Carlos Clos Gómez
267343,2015-02-28,16:00:00.000,25,11,La Liga,26,2014/2015,Regular Season,1049,Granada,1,3,Barcelona,217,Estadio Nuevo Los Cármenes,
266631,2015-05-17,19:00:00.000,37,11,La Liga,26,2014/2015,Regular Season,212,Atlético Madrid,0,1,Barcelona,217,Estadio Vicente Calderón,Alberto Undiano Mallenco
266320,2014-12-07,17:00:00.000,14,11,La Liga,26,2014/2015,Regular Season,217,Barcelona,5,1,Espanyol,214,Spotify Camp Nou,Ignacio Iglesias Villanueva
266230,2015-01-18,19:00:00.000,19,11,La Liga,26,2014/2015,Regular Season,219,RC Deportivo La Coruña,0,4,Barcelona,217,Estadio Abanca-Riazor,
266525,2015-04-18,16:00:00.000,32,11,La Liga,26,2014/2015,Regular Season,217,Barcelona,2,0,Valencia,207,Spotify Camp Nou,José Luis González González
266560,2014-11-30,21:00:00.000,13,11,La Liga,26,2014/2015,Regular Season,207,Valencia,0,1,Barcelona,217,Estadio de Mestalla,David Fernández Borbalan
266846,2014-12-20,16:00:00.000,16,11,La Liga,26,2014/2015,Regular Season,217,Barcelona,5,0,Córdoba CF,373,Spotify Camp Nou,Antonio Miguel Mateu Lahoz
266531,2015-04-25,16:00:00.000,33,11,La Liga,26,2014/2015,Regular Season,214,Espanyol,0,2,Barcelona,217,Stage Front Stadium,Antonio Miguel Mateu Lahoz
266921,2014-08-24,18:00:00.000,1,11,La Liga,26,2014/2015,Regular Season,217,Barcelona,3,0,Elche,1042,Spotify Camp Nou,Fernando Teixeira
267499,2014-11-08,16:00:00.000,11,11,La Liga,26,2014/2015,Regular Season,403,Almería,1,2,Barcelona,217,Power Horse Stadium – Estadio de los Juegos Mediterráneos,Alberto Undiano Mallenco
266741,2015-02-15,17:00:00.000,23,11,La Liga,26,2014/2015,Regular Season,217,Barcelona,5,0,Levante UD,221,Spotify Camp Nou,
266871,2015-02-08,21:00:00.000,22,11,La Liga,26,2014/2015,Regular Season,215,Athletic Club,2,5,Barcelona,217,San Mamés Barria,Antonio Miguel Mateu Lahoz
266967,2015-03-14,18:00:00.000,27,11,La Liga,26,2014/2015,Regular Season,322,Eibar,0,2,Barcelona,217,Estadio Municipal de Ipurúa,
266929,2015-04-05,21:00:00.000,29,11,La Liga,26,2014/2015,Regular Season,209,Celta Vigo,0,1,Barcelona,217,Abanca-Balaídos,
266770,2014-09-21,21:00:00.000,4,11,La Liga,26,2014/2015,Regular Season,221,Levante UD,0,5,Barcelona,217,Estadio Ciudad de Valencia,José Luis González González
266142,2015-04-11,20:00:00.000,31,11,La Liga,26,2014/2015,Regular Season,213,Sevilla,2,2,Barcelona,217,Estadio Ramón Sánchez Pizjuán,
3825739,2016-01-17,17:00:00.000,20,11,La Liga,27,2015/2016,Regular Season,220,Real Madrid,5,1,Sporting Gijón,1041,Bernabéu,Alberto Undiano Mallenco
3825848,2015-09-23,20:00:00.000,5,11,La Liga,27,2015/2016,Regular Season,221,Levante UD,2,2,Eibar,322,Estadio Ciudad de Valencia,
3825895,2015-09-23,22:00:00.000,5,11,La Liga,27,2015/2016,Regular Season,208,Las Palmas,2,0,Sevilla,213,Estadio de Gran Canaria,Carlos del Cerro Grande
3825894,2016-05-01,18:15:00.000,36,11,La Liga,27,2015/2016,Regular Season,219,RC Deportivo La Coruña,0,2,Getafe,216,Estadio Abanca-Riazor,Carlos Clos Gómez
3825855,2016-05-02,20:30:00.000,36,11,La Liga,27,2015/2016,Regular Season,223,Málaga,3,1,Levante UD,221,Estadio La Rosaleda,Iñaki Bikandi Garrido
3825908,2016-05-15,19:00:00.000,38,11,La Liga,27,2015/2016,Regular Season,214,Espanyol,4,2,Eibar,322,Stage Front Stadium,Mario Melero López
3825883,2016-05-15,12:00:00.000,38,11,La Liga,27,2015/2016,Regular Season,223,Málaga,4,1,Las Palmas,208,Estadio La Rosaleda,Ricardo De Burgos Bengoetxea
3825900,2016-05-15,19:30:00.000,38,11,La Liga,27,2015/2016,Regular Season,1041,Sporting Gijón,2,0,Villarreal,222,Estadio Municipal El Molinón,Alberto Undiano Mallenco
3825902,2016-05-15,19:30:00.000,38,11,La Liga,27,2015/2016,Regular Season,360,Rayo Vallecano,3,1,Levante UD,221,Estadio de Vallecas,Carlos Clos Gómez
3825876,2016-05-15,19:30:00.000,38,11,La Liga,27,2015/2016,Regular Season,218,Real Betis,2,1,Getafe,216,Estadio Benito Villamarín,Jesús Gil Manzano
3825846,2016-05-14,17:00:00.000,38,11,La Liga,27,2015/2016,Regular Season,219,RC Deportivo La Coruña,0,2,Real Madrid,220,Estadio Abanca-Riazor,Antonio Miguel Mateu Lahoz
3825869,2016-05-14,19:30:00.000,38,11,La Liga,27,2015/2016,Regular Season,215,Athletic Club,3,1,Sevilla,213,San Mamés Barria,Alfonso Álvarez Izquierdo
3825882,2016-05-14,19:30:00.000,38,11,La Liga,27,2015/2016,Regular Season,212,Atlético Madrid,2,0,Celta Vigo,209,Estadio Vicente Calderón,David Fernández Borbalan
3825849,2016-05-13,20:30:00.000,38,11,La Liga,27,2015/2016,Regular Season,207,Valencia,0,1,Real Sociedad,210,Estadio de Mestalla,Carlos Velasco Carballo
3825860,2016-05-08,17:00:00.000,37,11,La Liga,27,2015/2016,Regular Season,221,Levante UD,2,1,Atlético Madrid,212,Estadio Ciudad de Valencia,José Luis González González
3825847,2016-04-23,22:05:00.000,35,11,La Liga,27,2015/2016,Regular Season,322,Eibar,1,1,RC Deportivo La Coruña,219,Estadio Municipal de Ipurúa,Eduardo Prieto Iglesias
3825817,2016-03-18,21:30:00.000,30,11,La Liga,27,2015/2016,Regular Season,216,Getafe,1,1,Eibar,322,Coliseum Alfonso Pérez,Ignacio Iglesias Villanueva
3825778,2016-02-20,21:30:00.000,25,11,La Liga,27,2015/2016,Regular Season,218,Real Betis,1,1,Sporting Gijón,1041,Estadio Benito Villamarín,Alfonso Álvarez Izquierdo
3825777,2016-02-19,21:30:00.000,25,11,La Liga,27,2015/2016,Regular Season,221,Levante UD,3,0,Getafe,216,Estadio Ciudad de Valencia,José Luis González González
3825740,2016-01-18,21:30:00.000,20,11,La Liga,27,2015/2016,Regular Season,322,Eibar,5,1,Granada,1049,Estadio Municipal de Ipurúa,José María Sánchez Martínez
3825875,2016-04-24,20:30:00.000,35,11,La Liga,27,2015/2016,Regular Season,222,Villarreal,0,0,Real Sociedad,210,Estadio de la Cerámica,David Fernández Borbalan
3825884,2016-04-24,16:00:00.000,35,11,La Liga,27,2015/2016,Regular Season,213,Sevilla,2,0,Real Betis,218,Estadio Ramón Sánchez Pizjuán,Carlos Velasco Carballo
3825842,2016-04-24,12:00:00.000,35,11,La Liga,27,2015/2016,Regular Season,221,Levante UD,2,2,Athletic Club,215,Estadio Ciudad de Valencia,Ignacio Iglesias Villanueva
3825890,2016-04-23,18:15:00.000,35,11,La Liga,27,2015/2016,Regular Season,212,Atlético Madrid,1,0,Málaga,223,Estadio Vicente Calderón,Antonio Miguel Mateu Lahoz
3825871,2016-04-22,21:00:00.000,35,11,La Liga,27,2015/2016,Regular Season,208,Las Palmas,4,0,Espanyol,214,Estadio de Gran Canaria,Mario Melero López
3825896,2016-04-21,21:00:00.000,34,11,La Liga,27,2015/2016,Regular Season,1049,Granada,5,1,Levante UD,221,Estadio Nuevo Los Cármenes,Santiago Jaime Latre
3825841,2016-04-21,20:30:00.000,34,11,La Liga,27,2015/2016,Regular Season,210,Real Sociedad,1,2,Getafe,216,Reale Arena,José María Sánchez Martínez
3825843,2016-04-20,20:45:00.000,34,11,La Liga,27,2015/2016,Regular Season,223,Málaga,1,1,Rayo Vallecano,360,Estadio La Rosaleda,Alberto Undiano Mallenco
3825839,2016-04-20,20:45:00.000,34,11,La Liga,27,2015/2016,Regular Season,1041,Sporting Gijón,2,1,Sevilla,213,Estadio Municipal El Molinón,José Luis González González
3825838,2016-04-20,20:45:00.000,34,11,La Liga,27,2015/2016,Regular Season,215,Athletic Club,0,1,Atlético Madrid,212,San Mamés Barria,Juan Martínez Munuera
3825840,2016-04-20,20:45:00.000,34,11,La Liga,27,2015/2016,Regular Season,207,Valencia,4,0,Eibar,322,Estadio de Mestalla,Xavier Estrada Fernández
3825837,2016-04-19,21:00:00.000,34,11,La Liga,27,2015/2016,Regular Season,218,Real Betis,1,0,Las Palmas,208,Estadio Benito Villamarín,
3825836,2016-04-17,18:15:00.000,33,11,La Liga,27,2015/2016,Regular Season,360,Rayo Vallecano,2,1,Villarreal,222,Estadio de Vallecas,Ignacio Iglesias Villanueva
3825835,2016-04-17,12:00:00.000,33,11,La Liga,27,2015/2016,Regular Season,223,Málaga,0,1,Athletic Club,215,Estadio La Rosaleda,José María Sánchez Martínez
3825834,2016-04-17,18:15:00.000,33,11,La Liga,27,2015/2016,Regular Season,212,Atlético Madrid,3,0,Granada,1049,Estadio Vicente Calderón,Eduardo Prieto Iglesias
3825906,2016-04-17,16:00:00.000,33,11,La Liga,27,2015/2016,Regular Season,213,Sevilla,1,1,RC Deportivo La Coruña,219,Estadio Ramón Sánchez Pizjuán,Santiago Jaime Latre
3825897,2016-04-16,20:30:00.000,33,11,La Liga,27,2015/2016,Regular Season,322,Eibar,2,1,Real Sociedad,210,Estadio Municipal de Ipurúa,Mario Melero López
3825889,2016-04-16,22:05:00.000,33,11,La Liga,27,2015/2016,Regular Season,209,Celta Vigo,1,1,Real Betis,218,Abanca-Balaídos,Ricardo De Burgos Bengoetxea
3825833,2016-04-16,16:00:00.000,33,11,La Liga,27,2015/2016,Regular Season,216,Getafe,1,5,Real Madrid,220,Coliseum Alfonso Pérez,José Luis González González
3825857,2016-04-15,20:30:00.000,33,11,La Liga,27,2015/2016,Regular Season,221,Levante UD,2,1,Espanyol,214,Estadio Ciudad de Valencia,Alejandro José Hernández Hernández
3825863,2016-04-11,20:30:00.000,32,11,La Liga,27,2015/2016,Regular Season,219,RC Deportivo La Coruña,1,3,Las Palmas,208,Estadio Abanca-Riazor,Alfonso Álvarez Izquierdo
3825829,2016-04-10,20:30:00.000,32,11,La Liga,27,2015/2016,Regular Season,215,Athletic Club,1,0,Rayo Vallecano,360,San Mamés Barria,Jesús Gil Manzano
3825830,2016-04-10,18:15:00.000,32,11,La Liga,27,2015/2016,Regular Season,222,Villarreal,2,0,Getafe,216,Estadio de la Cerámica,Alberto Undiano Mallenco
3825832,2016-04-10,12:00:00.000,32,11,La Liga,27,2015/2016,Regular Season,1041,Sporting Gijón,0,1,Celta Vigo,209,Estadio Municipal El Molinón,Antonio Miguel Mateu Lahoz
3825831,2016-04-10,16:00:00.000,32,11,La Liga,27,2015/2016,Regular Season,207,Valencia,2,1,Sevilla,213,Estadio de Mestalla,Iñaki Bikandi Garrido
3825828,2016-04-09,18:15:00.000,32,11,La Liga,27,2015/2016,Regular Season,214,Espanyol,1,3,Atlético Madrid,212,Stage Front Stadium,Ricardo De Burgos Bengoetxea
3825827,2016-04-09,22:05:00.000,32,11,La Liga,27,2015/2016,Regular Season,218,Real Betis,1,0,Levante UD,221,Estadio Benito Villamarín,Eduardo Prieto Iglesias
3825826,2016-04-08,20:30:00.000,32,11,La Liga,27,2015/2016,Regular Season,1049,Granada,0,0,Málaga,223,Estadio Nuevo Los Cármenes,Xavier Estrada Fernández
3825825,2016-04-04,20:30:00.000,31,11,La Liga,27,2015/2016,Regular Season,221,Levante UD,0,0,Sporting Gijón,1041,Estadio Ciudad de Valencia,Mario Melero López
3825824,2016-04-03,18:15:00.000,31,11,La Liga,27,2015/2016,Regular Season,322,Eibar,1,2,Villarreal,222,Estadio Municipal de Ipurúa,Carlos del Cerro Grande
3825823,2016-04-03,20:30:00.000,31,11,La Liga,27,2015/2016,Regular Season,213,Sevilla,1,2,Real Sociedad,210,Estadio Ramón Sánchez Pizjuán,Carlos Clos Gómez
3825905,2016-04-03,16:00:00.000,31,11,La Liga,27,2015/2016,Regular Season,223,Málaga,1,1,Espanyol,214,Estadio La Rosaleda,Juan Martínez Munuera
3825822,2016-04-02,18:15:00.000,31,11,La Liga,27,2015/2016,Regular Season,208,Las Palmas,2,1,Valencia,207,Estadio de Gran Canaria,Pedro Jesús Pérez Montero
3825821,2016-03-20,13:00:00.000,30,11,La Liga,27,2015/2016,Regular Season,214,Espanyol,2,1,Athletic Club,215,Stage Front Stadium,Eduardo Prieto Iglesias
3825820,2016-03-20,21:30:00.000,30,11,La Liga,27,2015/2016,Regular Season,220,Real Madrid,4,0,Sevilla,213,Bernabéu,Xavier Estrada Fernández
3825819,2016-03-20,19:15:00.000,30,11,La Liga,27,2015/2016,Regular Season,207,Valencia,0,2,Celta Vigo,209,Estadio de Mestalla,Alberto Undiano Mallenco
3825818,2016-03-19,19:15:00.000,30,11,La Liga,27,2015/2016,Regular Season,210,Real Sociedad,0,1,Las Palmas,208,Reale Arena,Antonio Miguel Mateu Lahoz
3825887,2016-03-19,19:15:00.000,30,11,La Liga,27,2015/2016,Regular Season,1049,Granada,2,2,Rayo Vallecano,360,Estadio Nuevo Los Cármenes,Alejandro José Hernández Hernández
3825907,2016-03-19,17:00:00.000,30,11,La Liga,27,2015/2016,Regular Season,1041,Sporting Gijón,2,1,Atlético Madrid,212,Estadio Municipal El Molinón,Jesús Gil Manzano
3825903,2016-03-19,23:05:00.000,30,11,La Liga,27,2015/2016,Regular Season,218,Real Betis,0,1,Málaga,223,Estadio Benito Villamarín,Carlos Clos Gómez
3825816,2016-03-13,17:00:00.000,29,11,La Liga,27,2015/2016,Regular Season,213,Sevilla,4,2,Villarreal,222,Estadio Ramón Sánchez Pizjuán,Carlos Velasco Carballo
3825815,2016-03-13,13:00:00.000,29,11,La Liga,27,2015/2016,Regular Season,221,Levante UD,1,0,Valencia,207,Estadio Ciudad de Valencia,Carlos del Cerro Grande
3825858,2016-03-12,23:05:00.000,29,11,La Liga,27,2015/2016,Regular Season,360,Rayo Vallecano,1,1,Eibar,322,Estadio de Vallecas,Alfonso Álvarez Izquierdo
3825813,2016-03-12,21:30:00.000,29,11,La Liga,27,2015/2016,Regular Season,212,Atlético Madrid,3,0,RC Deportivo La Coruña,219,Estadio Vicente Calderón,Mario Melero López
3825814,2016-03-12,19:15:00.000,29,11,La Liga,27,2015/2016,Regular Season,209,Celta Vigo,1,0,Real Sociedad,210,Abanca-Balaídos,Juan Martínez Munuera
3825812,2016-03-11,21:30:00.000,29,11,La Liga,27,2015/2016,Regular Season,223,Málaga,1,0,Sporting Gijón,1041,Estadio La Rosaleda,Ricardo De Burgos Bengoetxea
3825811,2016-03-07,21:30:00.000,28,11,La Liga,27,2015/2016,Regular Season,214,Espanyol,2,1,Rayo Vallecano,360,Stage Front Stadium,David Fernández Borbalan
3825807,2016-03-06,21:30:00.000,28,11,La Liga,27,2015/2016,Regular Season,207,Valencia,1,3,Atlético Madrid,212,Estadio de Mestalla,Alfonso Álvarez Izquierdo
3825809,2016-03-06,13:00:00.000,28,11,La Liga,27,2015/2016,Regular Season,218,Real Betis,2,0,Granada,1049,Estadio Benito Villamarín,Ignacio Iglesias Villanueva
3825810,2016-03-06,19:15:00.000,28,11,La Liga,27,2015/2016,Regular Season,210,Real Sociedad,1,1,Levante UD,221,Reale Arena,Pedro Jesús Pérez Montero
3825808,2016-03-06,19:15:00.000,28,11,La Liga,27,2015/2016,Regular Season,1041,Sporting Gijón,0,2,Athletic Club,215,Estadio Municipal El Molinón,Carlos del Cerro Grande
3825804,2016-03-05,23:05:00.000,28,11,La Liga,27,2015/2016,Regular Season,219,RC Deportivo La Coruña,3,3,Málaga,223,Estadio Abanca-Riazor,Carlos Velasco Carballo
3825867,2016-03-05,21:30:00.000,28,11,La Liga,27,2015/2016,Regular Season,216,Getafe,1,1,Sevilla,213,Coliseum Alfonso Pérez,Eduardo Prieto Iglesias
3825805,2016-03-05,19:15:00.000,28,11,La Liga,27,2015/2016,Regular Season,222,Villarreal,0,1,Las Palmas,208,Estadio de la Cerámica,Carlos Clos Gómez
3825784,2016-02-21,21:30:00.000,25,11,La Liga,27,2015/2016,Regular Season,212,Atlético Madrid,0,0,Villarreal,222,Estadio Vicente Calderón,Eduardo Prieto Iglesias
3825782,2016-02-21,19:15:00.000,25,11,La Liga,27,2015/2016,Regular Season,1049,Granada,1,2,Valencia,207,Estadio Nuevo Los Cármenes,Iñaki Bikandi Garrido
3825757,2016-01-31,21:30:00.000,22,11,La Liga,27,2015/2016,Regular Season,220,Real Madrid,6,0,Espanyol,214,Bernabéu,Alejandro José Hernández Hernández
3825641,2015-10-26,21:30:00.000,9,11,La Liga,27,2015/2016,Regular Season,215,Athletic Club,3,0,Sporting Gijón,1041,San Mamés Barria,Ignacio Iglesias Villanueva
3825803,2016-03-03,21:00:00.000,27,11,La Liga,27,2015/2016,Regular Season,1049,Granada,2,0,Sporting Gijón,1041,Estadio Nuevo Los Cármenes,Xavier Estrada Fernández
3825800,2016-03-02,23:00:00.000,27,11,La Liga,27,2015/2016,Regular Season,209,Celta Vigo,0,0,Villarreal,222,Abanca-Balaídos,Santiago Jaime Latre
3825801,2016-03-02,23:00:00.000,27,11,La Liga,27,2015/2016,Regular Season,213,Sevilla,1,0,Eibar,322,Estadio Ramón Sánchez Pizjuán,Juan Martínez Munuera
3825799,2016-03-02,20:00:00.000,27,11,La Liga,27,2015/2016,Regular Season,223,Málaga,1,2,Valencia,207,Estadio La Rosaleda,José Luis González González
3825797,2016-03-02,23:00:00.000,27,11,La Liga,27,2015/2016,Regular Season,215,Athletic Club,4,1,RC Deportivo La Coruña,219,San Mamés Barria,Antonio Miguel Mateu Lahoz
3825798,2016-03-02,22:00:00.000,27,11,La Liga,27,2015/2016,Regular Season,221,Levante UD,1,3,Real Madrid,220,Estadio Ciudad de Valencia,Ricardo De Burgos Bengoetxea
3825796,2016-03-01,23:00:00.000,27,11,La Liga,27,2015/2016,Regular Season,208,Las Palmas,4,0,Getafe,216,Estadio de Gran Canaria,
3825795,2016-03-01,22:00:00.000,27,11,La Liga,27,2015/2016,Regular Season,212,Atlético Madrid,3,0,Real Sociedad,210,Estadio Vicente Calderón,Alejandro José Hernández Hernández
3825793,2016-02-28,17:00:00.000,26,11,La Liga,27,2015/2016,Regular Season,207,Valencia,0,3,Athletic Club,215,Estadio de Mestalla,Jesús Gil Manzano
3825792,2016-02-28,19:15:00.000,26,11,La Liga,27,2015/2016,Regular Season,219,RC Deportivo La Coruña,0,1,Granada,1049,Estadio Abanca-Riazor,Juan Martínez Munuera
3825794,2016-02-28,13:00:00.000,26,11,La Liga,27,2015/2016,Regular Season,222,Villarreal,3,0,Levante UD,221,Estadio de la Cerámica,Alejandro José Hernández Hernández
3825788,2016-02-27,19:15:00.000,26,11,La Liga,27,2015/2016,Regular Season,216,Getafe,0,1,Celta Vigo,209,Coliseum Alfonso Pérez,David Fernández Borbalan
3825791,2016-02-27,21:30:00.000,26,11,La Liga,27,2015/2016,Regular Season,218,Real Betis,2,2,Rayo Vallecano,360,Estadio Benito Villamarín,Antonio Miguel Mateu Lahoz
3825790,2016-02-27,19:15:00.000,26,11,La Liga,27,2015/2016,Regular Season,1041,Sporting Gijón,2,4,Espanyol,214,Estadio Municipal El Molinón,Carlos Velasco Carballo
3825787,2016-02-27,17:00:00.000,26,11,La Liga,27,2015/2016,Regular Season,220,Real Madrid,0,1,Atlético Madrid,212,Bernabéu,Carlos Clos Gómez
3825789,2016-02-27,23:05:00.000,26,11,La Liga,27,2015/2016,Regular Season,210,Real Sociedad,1,1,Málaga,223,Reale Arena,Alberto Undiano Mallenco
3825786,2016-02-26,21:30:00.000,26,11,La Liga,27,2015/2016,Regular Season,322,Eibar,0,1,Las Palmas,208,Estadio Municipal de Ipurúa,Pedro Jesús Pérez Montero
3825781,2016-02-21,13:00:00.000,25,11,La Liga,27,2015/2016,Regular Season,360,Rayo Vallecano,2,2,Sevilla,213,Estadio de Vallecas,Xavier Estrada Fernández
3825785,2016-02-21,17:00:00.000,25,11,La Liga,27,2015/2016,Regular Season,223,Málaga,1,1,Real Madrid,220,Estadio La Rosaleda,Ignacio Iglesias Villanueva
3825783,2016-02-21,19:15:00.000,25,11,La Liga,27,2015/2016,Regular Season,215,Athletic Club,0,1,Real Sociedad,210,San Mamés Barria,José María Sánchez Martínez
3825780,2016-02-20,19:15:00.000,25,11,La Liga,27,2015/2016,Regular Season,214,Espanyol,1,0,RC Deportivo La Coruña,219,Stage Front Stadium,Ricardo De Burgos Bengoetxea
3825779,2016-02-20,23:05:00.000,25,11,La Liga,27,2015/2016,Regular Season,209,Celta Vigo,3,2,Eibar,322,Abanca-Balaídos,Mario Melero López
3825773,2016-02-14,19:15:00.000,24,11,La Liga,27,2015/2016,Regular Season,322,Eibar,2,0,Levante UD,221,Estadio Municipal de Ipurúa,Xavier Estrada Fernández
3825776,2016-02-14,17:00:00.000,24,11,La Liga,27,2015/2016,Regular Season,213,Sevilla,2,0,Las Palmas,208,Estadio Ramón Sánchez Pizjuán,Eduardo Prieto Iglesias
3825775,2016-02-14,13:00:00.000,24,11,La Liga,27,2015/2016,Regular Season,210,Real Sociedad,3,0,Granada,1049,Reale Arena,José Luis González González
3825769,2016-02-13,19:15:00.000,24,11,La Liga,27,2015/2016,Regular Season,222,Villarreal,1,0,Málaga,223,Estadio de la Cerámica,
3825770,2016-02-13,17:00:00.000,24,11,La Liga,27,2015/2016,Regular Season,220,Real Madrid,4,2,Athletic Club,215,Bernabéu,Alfonso Álvarez Izquierdo
3825768,2016-02-12,21:30:00.000,24,11,La Liga,27,2015/2016,Regular Season,1041,Sporting Gijón,2,2,Rayo Vallecano,360,Estadio Municipal El Molinón,Carlos Clos Gómez
3825736,2016-01-17,13:00:00.000,20,11,La Liga,27,2015/2016,Regular Season,207,Valencia,2,2,Rayo Vallecano,360,Estadio de Mestalla,Eduardo Prieto Iglesias
3825731,2016-01-10,19:15:00.000,19,11,La Liga,27,2015/2016,Regular Season,208,Las Palmas,1,1,Málaga,223,Estadio de Gran Canaria,Ignacio Iglesias Villanueva
3825685,2015-12-06,19:15:00.000,14,11,La Liga,27,2015/2016,Regular Season,1041,Sporting Gijón,3,1,Las Palmas,208,Estadio Municipal El Molinón,Alberto Undiano Mallenco
3825678,2015-11-29,17:00:00.000,13,11,La Liga,27,2015/2016,Regular Season,322,Eibar,0,2,Real Madrid,220,Estadio Municipal de Ipurúa,Jesús Gil Manzano
3825643,2015-10-31,17:00:00.000,10,11,La Liga,27,2015/2016,Regular Season,220,Real Madrid,3,1,Las Palmas,208,Bernabéu,Santiago Jaime Latre
3825642,2015-10-30,21:30:00.000,10,11,La Liga,27,2015/2016,Regular Season,219,RC Deportivo La Coruña,1,1,Atlético Madrid,212,Estadio Abanca-Riazor,Pedro Jesús Pérez Montero
3825638,2015-10-25,20:30:00.000,9,11,La Liga,27,2015/2016,Regular Season,212,Atlético Madrid,2,1,Valencia,207,Estadio Vicente Calderón,Jesús Gil Manzano
3825614,2015-10-03,18:15:00.000,7,11,La Liga,27,2015/2016,Regular Season,1049,Granada,1,1,RC Deportivo La Coruña,219,Estadio Nuevo Los Cármenes,Iñaki Bikandi Garrido
3825612,2015-09-27,18:15:00.000,6,11,La Liga,27,2015/2016,Regular Season,216,Getafe,3,0,Levante UD,221,Coliseum Alfonso Pérez,Santiago Jaime Latre
3825607,2015-09-26,20:30:00.000,6,11,La Liga,27,2015/2016,Regular Season,222,Villarreal,1,0,Atlético Madrid,212,Estadio de la Cerámica,David Fernández Borbalan
3825595,2015-09-20,18:15:00.000,4,11,La Liga,27,2015/2016,Regular Season,222,Villarreal,3,1,Athletic Club,215,Estadio de la Cerámica,Carlos Clos Gómez
3825579,2015-08-30,20:30:00.000,2,11,La Liga,27,2015/2016,Regular Season,213,Sevilla,0,3,Atlético Madrid,212,Estadio Ramón Sánchez Pizjuán,Carlos Clos Gómez
3825572,2015-08-29,22:30:00.000,2,11,La Liga,27,2015/2016,Regular Season,220,Real Madrid,5,0,Real Betis,218,Bernabéu,Alejandro José Hernández Hernández
3825774,2016-02-14,19:15:00.000,24,11,La Liga,27,2015/2016,Regular Season,216,Getafe,0,1,Atlético Madrid,212,Coliseum Alfonso Pérez,Antonio Miguel Mateu Lahoz
3825772,2016-02-13,21:30:00.000,24,11,La Liga,27,2015/2016,Regular Season,207,Valencia,2,1,Espanyol,214,Estadio de Mestalla,Carlos del Cerro Grande
3825771,2016-02-13,23:05:00.000,24,11,La Liga,27,2015/2016,Regular Season,219,RC Deportivo La Coruña,2,2,Real Betis,218,Estadio Abanca-Riazor,Alberto Undiano Mallenco
3825767,2016-02-08,21:30:00.000,23,11,La Liga,27,2015/2016,Regular Season,214,Espanyol,0,5,Real Sociedad,210,Stage Front Stadium,Santiago Jaime Latre
3825706,2015-12-30,21:30:00.000,17,11,La Liga,27,2015/2016,Regular Season,209,Celta Vigo,0,1,Athletic Club,215,Abanca-Balaídos,Pedro Jesús Pérez Montero
3825712,2015-12-30,21:30:00.000,17,11,La Liga,27,2015/2016,Regular Season,216,Getafe,0,0,RC Deportivo La Coruña,219,Coliseum Alfonso Pérez,Alberto Undiano Mallenco
3825708,2015-12-30,17:00:00.000,17,11,La Liga,27,2015/2016,Regular Season,221,Levante UD,0,1,Málaga,223,Estadio Ciudad de Valencia,Jesús Gil Manzano
3825707,2015-12-30,22:00:00.000,17,11,La Liga,27,2015/2016,Regular Season,208,Las Palmas,4,1,Granada,1049,Estadio de Gran Canaria,Santiago Jaime Latre
3825705,2015-12-30,19:30:00.000,17,11,La Liga,27,2015/2016,Regular Season,322,Eibar,2,0,Sporting Gijón,1041,Estadio Municipal de Ipurúa,Carlos Velasco Carballo
3825711,2015-12-30,19:15:00.000,17,11,La Liga,27,2015/2016,Regular Season,360,Rayo Vallecano,0,2,Atlético Madrid,212,Estadio de Vallecas,José María Sánchez Martínez
3825703,2015-12-20,19:15:00.000,16,11,La Liga,27,2015/2016,Regular Season,215,Athletic Club,2,0,Levante UD,221,San Mamés Barria,Alejandro José Hernández Hernández
3825700,2015-12-20,17:00:00.000,16,11,La Liga,27,2015/2016,Regular Season,220,Real Madrid,10,2,Rayo Vallecano,360,Bernabéu,Ignacio Iglesias Villanueva
3825701,2015-12-20,21:30:00.000,16,11,La Liga,27,2015/2016,Regular Season,223,Málaga,1,0,Atlético Madrid,212,Estadio La Rosaleda,Antonio Miguel Mateu Lahoz
3825702,2015-12-20,19:15:00.000,16,11,La Liga,27,2015/2016,Regular Season,210,Real Sociedad,0,2,Villarreal,222,Reale Arena,Carlos del Cerro Grande
3825704,2015-12-20,19:15:00.000,16,11,La Liga,27,2015/2016,Regular Season,1049,Granada,0,2,Celta Vigo,209,Estadio Nuevo Los Cármenes,Juan Martínez Munuera
3825891,2015-12-19,19:15:00.000,16,11,La Liga,27,2015/2016,Regular Season,214,Espanyol,1,0,Las Palmas,208,Stage Front Stadium,Mario Melero López
3825699,2015-12-19,21:30:00.000,16,11,La Liga,27,2015/2016,Regular Season,218,Real Betis,0,0,Sevilla,213,Estadio Benito Villamarín,Carlos Clos Gómez
3825697,2015-12-19,17:00:00.000,16,11,La Liga,27,2015/2016,Regular Season,207,Valencia,2,2,Getafe,216,Estadio de Mestalla,David Fernández Borbalan
3825698,2015-12-19,23:05:00.000,16,11,La Liga,27,2015/2016,Regular Season,219,RC Deportivo La Coruña,2,0,Eibar,322,Estadio Abanca-Riazor,Xavier Estrada Fernández
3825694,2015-12-13,17:00:00.000,15,11,La Liga,27,2015/2016,Regular Season,322,Eibar,1,1,Valencia,207,Estadio Municipal de Ipurúa,José Luis González González
3825693,2015-12-13,19:15:00.000,15,11,La Liga,27,2015/2016,Regular Season,212,Atlético Madrid,2,1,Athletic Club,215,Estadio Vicente Calderón,Juan Martínez Munuera
3825696,2015-12-13,13:00:00.000,15,11,La Liga,27,2015/2016,Regular Season,360,Rayo Vallecano,1,2,Málaga,223,Estadio de Vallecas,Carlos Clos Gómez
3825695,2015-12-13,21:30:00.000,15,11,La Liga,27,2015/2016,Regular Season,222,Villarreal,1,0,Real Madrid,220,Estadio de la Cerámica,Alberto Undiano Mallenco
3825689,2015-12-12,19:15:00.000,15,11,La Liga,27,2015/2016,Regular Season,209,Celta Vigo,1,0,Espanyol,214,Abanca-Balaídos,David Fernández Borbalan
3825690,2015-12-12,23:05:00.000,15,11,La Liga,27,2015/2016,Regular Season,208,Las Palmas,1,0,Real Betis,218,Estadio de Gran Canaria,Jesús Gil Manzano
3825692,2015-12-12,21:30:00.000,15,11,La Liga,27,2015/2016,Regular Season,213,Sevilla,2,0,Sporting Gijón,1041,Estadio Ramón Sánchez Pizjuán,Carlos del Cerro Grande
3825691,2015-12-12,19:15:00.000,15,11,La Liga,27,2015/2016,Regular Season,221,Levante UD,1,2,Granada,1049,Estadio Ciudad de Valencia,Iñaki Bikandi Garrido
3825688,2015-12-11,21:30:00.000,15,11,La Liga,27,2015/2016,Regular Season,216,Getafe,1,1,Real Sociedad,210,Coliseum Alfonso Pérez,Pedro Jesús Pérez Montero
3825687,2015-12-07,21:30:00.000,14,11,La Liga,27,2015/2016,Regular Season,214,Espanyol,1,1,Levante UD,221,Stage Front Stadium,Carlos Velasco Carballo
3825683,2015-12-06,13:00:00.000,14,11,La Liga,27,2015/2016,Regular Season,210,Real Sociedad,2,1,Eibar,322,Reale Arena,Mario Melero López
3825686,2015-12-06,21:30:00.000,14,11,La Liga,27,2015/2016,Regular Season,215,Athletic Club,0,0,Málaga,223,San Mamés Barria,Alfonso Álvarez Izquierdo
3825684,2015-12-06,17:00:00.000,14,11,La Liga,27,2015/2016,Regular Season,222,Villarreal,2,1,Rayo Vallecano,360,Estadio de la Cerámica,Xavier Estrada Fernández
3825681,2015-12-05,17:00:00.000,14,11,La Liga,27,2015/2016,Regular Season,220,Real Madrid,4,1,Getafe,216,Bernabéu,Antonio Miguel Mateu Lahoz
3825682,2015-12-05,19:15:00.000,14,11,La Liga,27,2015/2016,Regular Season,1049,Granada,0,2,Atlético Madrid,212,Estadio Nuevo Los Cármenes,Eduardo Prieto Iglesias
3825680,2015-12-05,23:00:00.000,14,11,La Liga,27,2015/2016,Regular Season,219,RC Deportivo La Coruña,1,1,Sevilla,213,Estadio Abanca-Riazor,Ricardo De Burgos Bengoetxea
3825677,2015-11-29,21:30:00.000,13,11,La Liga,27,2015/2016,Regular Season,213,Sevilla,1,0,Valencia,207,Estadio Ramón Sánchez Pizjuán,Carlos Velasco Carballo
3825675,2015-11-29,19:15:00.000,13,11,La Liga,27,2015/2016,Regular Season,360,Rayo Vallecano,0,3,Athletic Club,215,Estadio de Vallecas,Alejandro José Hernández Hernández
3825676,2015-11-29,13:00:00.000,13,11,La Liga,27,2015/2016,Regular Season,216,Getafe,2,0,Villarreal,222,Coliseum Alfonso Pérez,José Luis González González
3825674,2015-11-28,19:15:00.000,13,11,La Liga,27,2015/2016,Regular Season,212,Atlético Madrid,1,0,Espanyol,214,Estadio Vicente Calderón,Iñaki Bikandi Garrido
3825673,2015-11-28,23:00:00.000,13,11,La Liga,27,2015/2016,Regular Season,208,Las Palmas,0,2,RC Deportivo La Coruña,219,Estadio de Gran Canaria,Carlos Clos Gómez
3825671,2015-11-28,23:05:00.000,13,11,La Liga,27,2015/2016,Regular Season,209,Celta Vigo,2,1,Sporting Gijón,1041,Abanca-Balaídos,Santiago Jaime Latre
3825672,2015-11-28,21:30:00.000,13,11,La Liga,27,2015/2016,Regular Season,223,Málaga,2,2,Granada,1049,Estadio La Rosaleda,Xavier Estrada Fernández
3825670,2015-11-27,21:30:00.000,13,11,La Liga,27,2015/2016,Regular Season,221,Levante UD,0,1,Real Betis,218,Estadio Ciudad de Valencia,José María Sánchez Martínez
3825669,2015-11-23,21:30:00.000,12,11,La Liga,27,2015/2016,Regular Season,216,Getafe,1,1,Rayo Vallecano,360,Coliseum Alfonso Pérez,Ricardo De Burgos Bengoetxea
3825668,2015-11-22,13:00:00.000,12,11,La Liga,27,2015/2016,Regular Season,1041,Sporting Gijón,0,3,Levante UD,221,Estadio Municipal El Molinón,Mario Melero López
3825666,2015-11-22,21:30:00.000,12,11,La Liga,27,2015/2016,Regular Season,218,Real Betis,0,1,Atlético Madrid,212,Estadio Benito Villamarín,Santiago Jaime Latre
3825665,2015-11-22,19:15:00.000,12,11,La Liga,27,2015/2016,Regular Season,1049,Granada,2,0,Athletic Club,215,Estadio Nuevo Los Cármenes,Carlos del Cerro Grande
3825667,2015-11-22,17:00:00.000,12,11,La Liga,27,2015/2016,Regular Season,222,Villarreal,1,1,Eibar,322,Estadio de la Cerámica,Eduardo Prieto Iglesias
3825664,2015-11-21,17:00:00.000,12,11,La Liga,27,2015/2016,Regular Season,210,Real Sociedad,2,0,Sevilla,213,Reale Arena,Antonio Miguel Mateu Lahoz
3825662,2015-11-21,23:05:00.000,12,11,La Liga,27,2015/2016,Regular Season,219,RC Deportivo La Coruña,2,0,Celta Vigo,209,Estadio Abanca-Riazor,Alfonso Álvarez Izquierdo
3825888,2015-11-21,23:00:00.000,12,11,La Liga,27,2015/2016,Regular Season,207,Valencia,1,1,Las Palmas,208,Estadio de Mestalla,Pedro Jesús Pérez Montero
3825663,2015-11-21,21:30:00.000,12,11,La Liga,27,2015/2016,Regular Season,214,Espanyol,2,0,Málaga,223,Stage Front Stadium,Juan Martínez Munuera
3825659,2015-11-08,13:00:00.000,11,11,La Liga,27,2015/2016,Regular Season,215,Athletic Club,2,1,Espanyol,214,San Mamés Barria,Alberto Undiano Mallenco
3825658,2015-11-08,19:15:00.000,11,11,La Liga,27,2015/2016,Regular Season,212,Atlético Madrid,1,0,Sporting Gijón,1041,Estadio Vicente Calderón,Xavier Estrada Fernández
3825660,2015-11-08,17:00:00.000,11,11,La Liga,27,2015/2016,Regular Season,217,Barcelona,3,0,Villarreal,222,Spotify Camp Nou,Carlos Clos Gómez
3825661,2015-11-08,21:30:00.000,11,11,La Liga,27,2015/2016,Regular Season,213,Sevilla,3,2,Real Madrid,220,Estadio Ramón Sánchez Pizjuán,José Luis González González
3825656,2015-11-07,19:15:00.000,11,11,La Liga,27,2015/2016,Regular Season,221,Levante UD,1,1,RC Deportivo La Coruña,219,Estadio Ciudad de Valencia,Carlos del Cerro Grande
3825657,2015-11-07,23:05:00.000,11,11,La Liga,27,2015/2016,Regular Season,223,Málaga,0,1,Real Betis,218,Estadio La Rosaleda,Eduardo Prieto Iglesias
3825652,2015-11-06,21:30:00.000,11,11,La Liga,27,2015/2016,Regular Season,208,Las Palmas,2,0,Real Sociedad,210,Estadio de Gran Canaria,Carlos Velasco Carballo
3825623,2015-10-17,22:00:00.000,8,11,La Liga,27,2015/2016,Regular Season,207,Valencia,3,0,Málaga,223,Estadio de Mestalla,Alejandro José Hernández Hernández
3825626,2015-10-17,22:05:00.000,8,11,La Liga,27,2015/2016,Regular Season,218,Real Betis,1,3,Espanyol,214,Estadio Benito Villamarín,Ricardo De Burgos Bengoetxea
3825616,2015-10-03,22:05:00.000,7,11,La Liga,27,2015/2016,Regular Season,223,Málaga,3,1,Real Sociedad,210,Estadio La Rosaleda,Carlos del Cerro Grande
3825608,2015-09-26,22:05:00.000,6,11,La Liga,27,2015/2016,Regular Season,322,Eibar,1,1,Celta Vigo,209,Estadio Municipal de Ipurúa,Pedro Jesús Pérez Montero
3825601,2015-09-23,20:00:00.000,5,11,La Liga,27,2015/2016,Regular Season,360,Rayo Vallecano,2,1,Sporting Gijón,1041,Estadio de Vallecas,Iñaki Bikandi Garrido
3825899,2016-04-24,18:15:00.000,35,11,La Liga,27,2015/2016,Regular Season,216,Getafe,2,2,Valencia,207,Coliseum Alfonso Pérez,Ricardo De Burgos Bengoetxea
3825852,2016-04-16,18:15:00.000,33,11,La Liga,27,2015/2016,Regular Season,208,Las Palmas,1,1,Sporting Gijón,1041,Estadio de Gran Canaria,Alberto Undiano Mallenco
3825647,2015-10-31,19:15:00.000,10,11,La Liga,27,2015/2016,Regular Season,207,Valencia,3,0,Levante UD,221,Estadio de Mestalla,Ricardo De Burgos Bengoetxea
3825637,2015-10-25,19:15:00.000,9,11,La Liga,27,2015/2016,Regular Season,217,Barcelona,3,1,Eibar,322,Spotify Camp Nou,Carlos del Cerro Grande
3825628,2015-10-18,18:15:00.000,8,11,La Liga,27,2015/2016,Regular Season,216,Getafe,4,0,Las Palmas,208,Coliseum Alfonso Pérez,David Fernández Borbalan
3825619,2015-10-04,18:15:00.000,7,11,La Liga,27,2015/2016,Regular Season,221,Levante UD,1,0,Villarreal,222,Estadio Ciudad de Valencia,Alfonso Álvarez Izquierdo
3825618,2015-10-03,22:00:00.000,7,11,La Liga,27,2015/2016,Regular Season,208,Las Palmas,0,2,Eibar,322,Estadio de Gran Canaria,Antonio Miguel Mateu Lahoz
3825611,2015-09-27,16:00:00.000,6,11,La Liga,27,2015/2016,Regular Season,219,RC Deportivo La Coruña,3,0,Espanyol,214,Estadio Abanca-Riazor,José María Sánchez Martínez
3825609,2015-09-27,20:30:00.000,6,11,La Liga,27,2015/2016,Regular Season,210,Real Sociedad,0,0,Athletic Club,215,Reale Arena,Carlos Velasco Carballo
3825598,2015-09-22,20:00:00.000,5,11,La Liga,27,2015/2016,Regular Season,212,Atlético Madrid,2,0,Getafe,216,Estadio Vicente Calderón,Alfonso Álvarez Izquierdo
3825584,2015-09-13,12:00:00.000,3,11,La Liga,27,2015/2016,Regular Season,1049,Granada,1,3,Villarreal,222,Estadio Nuevo Los Cármenes,Jesús Gil Manzano
3825570,2015-08-24,20:30:00.000,1,11,La Liga,27,2015/2016,Regular Season,1049,Granada,1,3,Eibar,322,Estadio Nuevo Los Cármenes,Ignacio Iglesias Villanueva
3825562,2015-08-21,20:30:00.000,1,11,La Liga,27,2015/2016,Regular Season,223,Málaga,0,0,Sevilla,213,Estadio La Rosaleda,Alfonso Álvarez Izquierdo
3825904,2016-05-08,17:00:00.000,37,11,La Liga,27,2015/2016,Regular Season,322,Eibar,1,1,Real Betis,218,Estadio Municipal de Ipurúa,Juan Martínez Munuera
3825901,2016-05-08,17:00:00.000,37,11,La Liga,27,2015/2016,Regular Season,220,Real Madrid,3,2,Valencia,207,Bernabéu,David Fernández Borbalan
3825898,2016-04-02,22:05:00.000,31,11,La Liga,27,2015/2016,Regular Season,209,Celta Vigo,1,1,RC Deportivo La Coruña,219,Abanca-Balaídos,David Fernández Borbalan
3825893,2016-04-20,22:00:00.000,34,11,La Liga,27,2015/2016,Regular Season,220,Real Madrid,3,0,Villarreal,222,Bernabéu,Carlos Clos Gómez
3825892,2015-09-22,22:00:00.000,5,11,La Liga,27,2015/2016,Regular Season,1049,Granada,0,3,Real Sociedad,210,Estadio Nuevo Los Cármenes,Xavier Estrada Fernández
3825886,2016-04-23,16:00:00.000,35,11,La Liga,27,2015/2016,Regular Season,360,Rayo Vallecano,2,3,Real Madrid,220,Estadio de Vallecas,Alejandro José Hernández Hernández
3825885,2016-04-01,20:30:00.000,31,11,La Liga,27,2015/2016,Regular Season,360,Rayo Vallecano,2,0,Getafe,216,Estadio de Vallecas,Santiago Jaime Latre
3825881,2016-03-14,21:30:00.000,29,11,La Liga,27,2015/2016,Regular Season,1049,Granada,1,1,Espanyol,214,Estadio Nuevo Los Cármenes,José Luis González González
3825880,2016-03-19,21:30:00.000,30,11,La Liga,27,2015/2016,Regular Season,219,RC Deportivo La Coruña,2,1,Levante UD,221,Estadio Abanca-Riazor,Iñaki Bikandi Garrido
3825879,2016-03-13,21:30:00.000,29,11,La Liga,27,2015/2016,Regular Season,208,Las Palmas,1,2,Real Madrid,220,Estadio de Gran Canaria,David Fernández Borbalan
3825878,2016-04-30,18:15:00.000,36,11,La Liga,27,2015/2016,Regular Season,212,Atlético Madrid,1,0,Rayo Vallecano,360,Estadio Vicente Calderón,José María Sánchez Martínez
3825877,2016-04-03,12:00:00.000,31,11,La Liga,27,2015/2016,Regular Season,215,Athletic Club,1,1,Granada,1049,San Mamés Barria,Carlos Velasco Carballo
3825874,2015-10-24,20:30:00.000,9,11,La Liga,27,2015/2016,Regular Season,213,Sevilla,5,0,Getafe,216,Estadio Ramón Sánchez Pizjuán,Iñaki Bikandi Garrido
3825873,2016-05-01,20:30:00.000,36,11,La Liga,27,2015/2016,Regular Season,207,Valencia,0,2,Villarreal,222,Estadio de Mestalla,Carlos del Cerro Grande
3825872,2016-04-02,16:00:00.000,31,11,La Liga,27,2015/2016,Regular Season,212,Atlético Madrid,5,1,Real Betis,218,Estadio Vicente Calderón,José Luis González González
3825870,2016-05-01,12:00:00.000,36,11,La Liga,27,2015/2016,Regular Season,215,Athletic Club,2,1,Celta Vigo,209,San Mamés Barria,Xavier Estrada Fernández
3825868,2016-04-25,20:30:00.000,35,11,La Liga,27,2015/2016,Regular Season,209,Celta Vigo,2,1,Granada,1049,Abanca-Balaídos,Jesús Gil Manzano
3825866,2016-05-08,17:00:00.000,37,11,La Liga,27,2015/2016,Regular Season,208,Las Palmas,0,0,Athletic Club,215,Estadio de Gran Canaria,Pedro Jesús Pérez Montero
3825865,2016-05-08,17:00:00.000,37,11,La Liga,27,2015/2016,Regular Season,216,Getafe,1,1,Sporting Gijón,1041,Coliseum Alfonso Pérez,Alfonso Álvarez Izquierdo
3825864,2016-04-30,16:00:00.000,36,11,La Liga,27,2015/2016,Regular Season,210,Real Sociedad,0,1,Real Madrid,220,Reale Arena,Alberto Undiano Mallenco
3825862,2016-04-19,20:00:00.000,34,11,La Liga,27,2015/2016,Regular Season,214,Espanyol,1,1,Celta Vigo,209,Stage Front Stadium,Eduardo Prieto Iglesias
3825861,2016-05-08,17:00:00.000,37,11,La Liga,27,2015/2016,Regular Season,210,Real Sociedad,2,1,Rayo Vallecano,360,Reale Arena,Santiago Jaime Latre
3825859,2016-04-30,22:05:00.000,36,11,La Liga,27,2015/2016,Regular Season,1049,Granada,3,2,Las Palmas,208,Estadio Nuevo Los Cármenes,José Luis González González
3825856,2016-04-09,16:00:00.000,32,11,La Liga,27,2015/2016,Regular Season,220,Real Madrid,4,0,Eibar,322,Bernabéu,José María Sánchez Martínez
3825854,2016-04-29,20:30:00.000,36,11,La Liga,27,2015/2016,Regular Season,1041,Sporting Gijón,2,0,Eibar,322,Estadio Municipal El Molinón,Alejandro José Hernández Hernández
3825853,2016-05-08,17:00:00.000,37,11,La Liga,27,2015/2016,Regular Season,213,Sevilla,1,4,Granada,1049,Estadio Ramón Sánchez Pizjuán,Alberto Undiano Mallenco
3825851,2016-05-08,17:00:00.000,37,11,La Liga,27,2015/2016,Regular Season,222,Villarreal,0,2,RC Deportivo La Coruña,219,Estadio de la Cerámica,Xavier Estrada Fernández
3825850,2016-05-08,17:00:00.000,37,11,La Liga,27,2015/2016,Regular Season,209,Celta Vigo,1,0,Málaga,223,Abanca-Balaídos,Carlos del Cerro Grande
3825845,2016-05-01,16:00:00.000,36,11,La Liga,27,2015/2016,Regular Season,214,Espanyol,1,0,Sevilla,213,Stage Front Stadium,Juan Martínez Munuera
3825844,2016-03-13,19:15:00.000,29,11,La Liga,27,2015/2016,Regular Season,215,Athletic Club,3,1,Real Betis,218,San Mamés Barria,Santiago Jaime Latre
3825806,2016-03-05,17:00:00.000,28,11,La Liga,27,2015/2016,Regular Season,220,Real Madrid,7,1,Celta Vigo,209,Bernabéu,Jesús Gil Manzano
3825802,2016-03-03,23:30:00.000,27,11,La Liga,27,2015/2016,Regular Season,214,Espanyol,0,3,Real Betis,218,Stage Front Stadium,José María Sánchez Martínez
3825679,2015-12-05,23:05:00.000,14,11,La Liga,27,2015/2016,Regular Season,218,Real Betis,1,1,Celta Vigo,209,Estadio Benito Villamarín,Alejandro José Hernández Hernández
3825655,2015-11-07,21:30:00.000,11,11,La Liga,27,2015/2016,Regular Season,360,Rayo Vallecano,2,1,Granada,1049,Estadio de Vallecas,Jesús Gil Manzano
3825654,2015-11-07,17:00:00.000,11,11,La Liga,27,2015/2016,Regular Season,209,Celta Vigo,1,5,Valencia,207,Abanca-Balaídos,Iñaki Bikandi Garrido
3825653,2015-11-07,21:30:00.000,11,11,La Liga,27,2015/2016,Regular Season,322,Eibar,3,1,Getafe,216,Estadio Municipal de Ipurúa,Ignacio Iglesias Villanueva
3825651,2015-11-01,17:00:00.000,10,11,La Liga,27,2015/2016,Regular Season,214,Espanyol,1,1,Granada,1049,Stage Front Stadium,Alejandro José Hernández Hernández
3825650,2015-11-01,23:30:00.000,10,11,La Liga,27,2015/2016,Regular Season,218,Real Betis,1,3,Athletic Club,215,Estadio Benito Villamarín,José Luis González González
3825649,2015-11-01,19:15:00.000,10,11,La Liga,27,2015/2016,Regular Season,1041,Sporting Gijón,1,0,Málaga,223,Estadio Municipal El Molinón,Antonio Miguel Mateu Lahoz
3825648,2015-11-01,13:00:00.000,10,11,La Liga,27,2015/2016,Regular Season,322,Eibar,1,0,Rayo Vallecano,360,Estadio Municipal de Ipurúa,Alfonso Álvarez Izquierdo
3825765,2016-02-07,19:15:00.000,23,11,La Liga,27,2015/2016,Regular Season,209,Celta Vigo,1,1,Sevilla,213,Abanca-Balaídos,Carlos Velasco Carballo
3825766,2016-02-07,17:00:00.000,23,11,La Liga,27,2015/2016,Regular Season,218,Real Betis,1,0,Valencia,207,Estadio Benito Villamarín,José María Sánchez Martínez
3825764,2016-02-07,21:30:00.000,23,11,La Liga,27,2015/2016,Regular Season,1049,Granada,1,2,Real Madrid,220,Estadio Nuevo Los Cármenes,Jesús Gil Manzano
3825760,2016-02-06,17:00:00.000,23,11,La Liga,27,2015/2016,Regular Season,212,Atlético Madrid,3,1,Eibar,322,Estadio Vicente Calderón,David Fernández Borbalan
3825763,2016-02-06,19:15:00.000,23,11,La Liga,27,2015/2016,Regular Season,360,Rayo Vallecano,2,0,Las Palmas,208,Estadio de Vallecas,Ignacio Iglesias Villanueva
3825761,2016-02-06,21:30:00.000,23,11,La Liga,27,2015/2016,Regular Season,215,Athletic Club,0,0,Villarreal,222,San Mamés Barria,Mario Melero López
3825762,2016-02-06,23:05:00.000,23,11,La Liga,27,2015/2016,Regular Season,1041,Sporting Gijón,1,1,RC Deportivo La Coruña,219,Estadio Municipal El Molinón,Alejandro José Hernández Hernández
3825759,2016-02-05,21:30:00.000,23,11,La Liga,27,2015/2016,Regular Season,223,Málaga,3,0,Getafe,216,Estadio La Rosaleda,Juan Martínez Munuera
3825758,2016-02-01,21:30:00.000,22,11,La Liga,27,2015/2016,Regular Season,219,RC Deportivo La Coruña,2,2,Rayo Vallecano,360,Estadio Abanca-Riazor,Iñaki Bikandi Garrido
3825756,2016-01-31,13:00:00.000,22,11,La Liga,27,2015/2016,Regular Season,213,Sevilla,3,1,Levante UD,221,Estadio Ramón Sánchez Pizjuán,Alfonso Álvarez Izquierdo
3825755,2016-01-31,17:00:00.000,22,11,La Liga,27,2015/2016,Regular Season,207,Valencia,0,1,Sporting Gijón,1041,Estadio de Mestalla,José Luis González González
3825754,2016-01-31,19:15:00.000,22,11,La Liga,27,2015/2016,Regular Season,208,Las Palmas,2,1,Celta Vigo,209,Estadio de Gran Canaria,José María Sánchez Martínez
3825750,2016-01-30,23:05:00.000,22,11,La Liga,27,2015/2016,Regular Season,210,Real Sociedad,2,1,Real Betis,218,Reale Arena,Eduardo Prieto Iglesias
3825752,2016-01-30,19:15:00.000,22,11,La Liga,27,2015/2016,Regular Season,322,Eibar,1,2,Málaga,223,Estadio Municipal de Ipurúa,Antonio Miguel Mateu Lahoz
3825751,2016-01-30,19:15:00.000,22,11,La Liga,27,2015/2016,Regular Season,216,Getafe,0,1,Athletic Club,215,Coliseum Alfonso Pérez,Xavier Estrada Fernández
3825753,2016-01-30,21:30:00.000,22,11,La Liga,27,2015/2016,Regular Season,222,Villarreal,1,0,Granada,1049,Estadio de la Cerámica,Carlos del Cerro Grande
3825749,2016-01-25,23:30:00.000,21,11,La Liga,27,2015/2016,Regular Season,221,Levante UD,3,2,Las Palmas,208,Estadio Ciudad de Valencia,Carlos Velasco Carballo
3825747,2016-01-24,13:00:00.000,21,11,La Liga,27,2015/2016,Regular Season,215,Athletic Club,5,2,Eibar,322,San Mamés Barria,Jesús Gil Manzano
3825748,2016-01-24,17:00:00.000,21,11,La Liga,27,2015/2016,Regular Season,212,Atlético Madrid,0,0,Sevilla,213,Estadio Vicente Calderón,Ignacio Iglesias Villanueva
3825745,2016-01-24,19:15:00.000,21,11,La Liga,27,2015/2016,Regular Season,219,RC Deportivo La Coruña,1,1,Valencia,207,Estadio Abanca-Riazor,Mario Melero López
3825746,2016-01-24,21:30:00.000,21,11,La Liga,27,2015/2016,Regular Season,218,Real Betis,1,1,Real Madrid,220,Estadio Benito Villamarín,Juan Martínez Munuera
3825743,2016-01-23,23:05:00.000,21,11,La Liga,27,2015/2016,Regular Season,360,Rayo Vallecano,3,0,Celta Vigo,209,Estadio de Vallecas,Santiago Jaime Latre
3825744,2016-01-23,19:15:00.000,21,11,La Liga,27,2015/2016,Regular Season,214,Espanyol,2,2,Villarreal,222,Stage Front Stadium,Pedro Jesús Pérez Montero
3825742,2016-01-23,21:30:00.000,21,11,La Liga,27,2015/2016,Regular Season,1049,Granada,3,2,Getafe,216,Estadio Nuevo Los Cármenes,Ricardo De Burgos Bengoetxea
3825741,2016-01-22,21:30:00.000,21,11,La Liga,27,2015/2016,Regular Season,1041,Sporting Gijón,5,1,Real Sociedad,210,Estadio Municipal El Molinón,David Fernández Borbalan
3825738,2016-01-17,19:15:00.000,20,11,La Liga,27,2015/2016,Regular Season,208,Las Palmas,0,3,Atlético Madrid,212,Estadio de Gran Canaria,Iñaki Bikandi Garrido
3825737,2016-01-17,19:15:00.000,20,11,La Liga,27,2015/2016,Regular Season,216,Getafe,3,1,Espanyol,214,Coliseum Alfonso Pérez,Carlos Clos Gómez
3825734,2016-01-16,23:05:00.000,20,11,La Liga,27,2015/2016,Regular Season,210,Real Sociedad,1,1,RC Deportivo La Coruña,219,Reale Arena,Juan Martínez Munuera
3825733,2016-01-16,17:00:00.000,20,11,La Liga,27,2015/2016,Regular Season,213,Sevilla,2,1,Málaga,223,Estadio Ramón Sánchez Pizjuán,Xavier Estrada Fernández
3825732,2016-01-16,19:15:00.000,20,11,La Liga,27,2015/2016,Regular Season,209,Celta Vigo,4,3,Levante UD,221,Abanca-Balaídos,Carlos del Cerro Grande
3825735,2016-01-16,21:30:00.000,20,11,La Liga,27,2015/2016,Regular Season,222,Villarreal,0,0,Real Betis,218,Estadio de la Cerámica,José Luis González González
3825729,2016-01-10,13:00:00.000,19,11,La Liga,27,2015/2016,Regular Season,222,Villarreal,2,0,Sporting Gijón,1041,Estadio de la Cerámica,Jesús Gil Manzano
3825728,2016-01-10,21:30:00.000,19,11,La Liga,27,2015/2016,Regular Season,209,Celta Vigo,0,2,Atlético Madrid,212,Abanca-Balaídos,Ricardo De Burgos Bengoetxea
3825730,2016-01-10,17:00:00.000,19,11,La Liga,27,2015/2016,Regular Season,210,Real Sociedad,2,0,Valencia,207,Reale Arena,Alejandro José Hernández Hernández
3825727,2016-01-10,19:15:00.000,19,11,La Liga,27,2015/2016,Regular Season,322,Eibar,2,1,Espanyol,214,Estadio Municipal de Ipurúa,Santiago Jaime Latre
3825723,2016-01-09,23:05:00.000,19,11,La Liga,27,2015/2016,Regular Season,221,Levante UD,2,1,Rayo Vallecano,360,Estadio Ciudad de Valencia,Mario Melero López
3825726,2016-01-09,19:15:00.000,19,11,La Liga,27,2015/2016,Regular Season,213,Sevilla,2,0,Athletic Club,215,Estadio Ramón Sánchez Pizjuán,Eduardo Prieto Iglesias
3825725,2016-01-09,19:15:00.000,19,11,La Liga,27,2015/2016,Regular Season,216,Getafe,1,0,Real Betis,218,Coliseum Alfonso Pérez,Alfonso Álvarez Izquierdo
3825724,2016-01-09,21:30:00.000,19,11,La Liga,27,2015/2016,Regular Season,220,Real Madrid,5,0,RC Deportivo La Coruña,219,Bernabéu,Pedro Jesús Pérez Montero
3825722,2016-01-04,21:30:00.000,18,11,La Liga,27,2015/2016,Regular Season,1041,Sporting Gijón,1,2,Getafe,216,Estadio Municipal El Molinón,Xavier Estrada Fernández
3825716,2016-01-03,13:00:00.000,18,11,La Liga,27,2015/2016,Regular Season,360,Rayo Vallecano,2,2,Real Sociedad,210,Estadio de Vallecas,Antonio Miguel Mateu Lahoz
3825719,2016-01-03,19:15:00.000,18,11,La Liga,27,2015/2016,Regular Season,215,Athletic Club,2,2,Las Palmas,208,San Mamés Barria,Carlos del Cerro Grande
3825720,2016-01-03,17:00:00.000,18,11,La Liga,27,2015/2016,Regular Season,218,Real Betis,0,4,Eibar,322,Estadio Benito Villamarín,Eduardo Prieto Iglesias
3825717,2016-01-03,17:00:00.000,18,11,La Liga,27,2015/2016,Regular Season,1049,Granada,2,1,Sevilla,213,Estadio Nuevo Los Cármenes,Alberto Undiano Mallenco
3825721,2016-01-03,19:15:00.000,18,11,La Liga,27,2015/2016,Regular Season,219,RC Deportivo La Coruña,1,2,Villarreal,222,Estadio Abanca-Riazor,David Fernández Borbalan
3825718,2016-01-03,21:30:00.000,18,11,La Liga,27,2015/2016,Regular Season,207,Valencia,2,2,Real Madrid,220,Estadio de Mestalla,José María Sánchez Martínez
3825715,2016-01-02,23:05:00.000,18,11,La Liga,27,2015/2016,Regular Season,223,Málaga,2,0,Celta Vigo,209,Estadio La Rosaleda,Iñaki Bikandi Garrido
3825714,2016-01-02,21:30:00.000,18,11,La Liga,27,2015/2016,Regular Season,212,Atlético Madrid,1,0,Levante UD,221,Estadio Vicente Calderón,Carlos Clos Gómez
3825713,2015-12-31,17:00:00.000,17,11,La Liga,27,2015/2016,Regular Season,222,Villarreal,1,0,Valencia,207,Estadio de la Cerámica,Alfonso Álvarez Izquierdo
3825710,2015-12-30,17:00:00.000,17,11,La Liga,27,2015/2016,Regular Season,220,Real Madrid,3,1,Real Sociedad,210,Bernabéu,José Luis González González
3825709,2015-12-30,19:15:00.000,17,11,La Liga,27,2015/2016,Regular Season,213,Sevilla,2,0,Espanyol,214,Estadio Ramón Sánchez Pizjuán,Ignacio Iglesias Villanueva
3825646,2015-10-31,19:15:00.000,10,11,La Liga,27,2015/2016,Regular Season,222,Villarreal,2,1,Sevilla,213,Estadio de la Cerámica,José María Sánchez Martínez
3825645,2015-10-31,21:30:00.000,10,11,La Liga,27,2015/2016,Regular Season,216,Getafe,0,2,Barcelona,217,Coliseum Alfonso Pérez,Juan Martínez Munuera
3825644,2015-10-31,23:05:00.000,10,11,La Liga,27,2015/2016,Regular Season,210,Real Sociedad,2,3,Celta Vigo,209,Reale Arena,David Fernández Borbalan
3825640,2015-10-25,12:00:00.000,9,11,La Liga,27,2015/2016,Regular Season,221,Levante UD,0,4,Real Sociedad,210,Estadio Ciudad de Valencia,Alberto Undiano Mallenco
3825639,2015-10-25,16:00:00.000,9,11,La Liga,27,2015/2016,Regular Season,208,Las Palmas,0,0,Villarreal,222,Estadio de Gran Canaria,Xavier Estrada Fernández
3825636,2015-10-24,22:05:00.000,9,11,La Liga,27,2015/2016,Regular Season,223,Málaga,2,0,RC Deportivo La Coruña,219,Estadio La Rosaleda,Carlos Velasco Carballo
3825635,2015-10-24,16:00:00.000,9,11,La Liga,27,2015/2016,Regular Season,209,Celta Vigo,1,3,Real Madrid,220,Abanca-Balaídos,Carlos Clos Gómez
3825634,2015-10-24,18:15:00.000,9,11,La Liga,27,2015/2016,Regular Season,1049,Granada,1,1,Real Betis,218,Estadio Nuevo Los Cármenes,Antonio Miguel Mateu Lahoz
3825633,2015-10-23,20:30:00.000,9,11,La Liga,27,2015/2016,Regular Season,360,Rayo Vallecano,3,0,Espanyol,214,Estadio de Vallecas,Eduardo Prieto Iglesias
3825632,2015-10-19,20:30:00.000,8,11,La Liga,27,2015/2016,Regular Season,1041,Sporting Gijón,3,3,Granada,1049,Estadio Municipal El Molinón,Alfonso Álvarez Izquierdo
3825631,2015-10-18,16:00:00.000,8,11,La Liga,27,2015/2016,Regular Season,210,Real Sociedad,0,2,Atlético Madrid,212,Reale Arena,Ignacio Iglesias Villanueva
3825630,2015-10-18,20:30:00.000,8,11,La Liga,27,2015/2016,Regular Season,219,RC Deportivo La Coruña,2,2,Athletic Club,215,Estadio Abanca-Riazor,Santiago Jaime Latre
3825629,2015-10-18,12:00:00.000,8,11,La Liga,27,2015/2016,Regular Season,222,Villarreal,1,2,Celta Vigo,209,Estadio de la Cerámica,José Luis González González
3825627,2015-10-17,20:30:00.000,8,11,La Liga,27,2015/2016,Regular Season,217,Barcelona,5,2,Rayo Vallecano,360,Spotify Camp Nou,Pedro Jesús Pérez Montero
3825625,2015-10-17,16:00:00.000,8,11,La Liga,27,2015/2016,Regular Season,220,Real Madrid,3,0,Levante UD,221,Bernabéu,José María Sánchez Martínez
3825624,2015-10-17,18:15:00.000,8,11,La Liga,27,2015/2016,Regular Season,322,Eibar,1,1,Sevilla,213,Estadio Municipal de Ipurúa,Juan Martínez Munuera
3825622,2015-10-04,16:00:00.000,7,11,La Liga,27,2015/2016,Regular Season,215,Athletic Club,3,1,Valencia,207,San Mamés Barria,Xavier Estrada Fernández
3825621,2015-10-04,20:30:00.000,7,11,La Liga,27,2015/2016,Regular Season,212,Atlético Madrid,1,1,Real Madrid,220,Estadio Vicente Calderón,Alberto Undiano Mallenco
3825620,2015-10-04,12:00:00.000,7,11,La Liga,27,2015/2016,Regular Season,360,Rayo Vallecano,0,2,Real Betis,218,Estadio de Vallecas,Ignacio Iglesias Villanueva
3825617,2015-10-03,16:00:00.000,7,11,La Liga,27,2015/2016,Regular Season,213,Sevilla,2,1,Barcelona,217,Estadio Ramón Sánchez Pizjuán,Jesús Gil Manzano
3825615,2015-10-03,20:30:00.000,7,11,La Liga,27,2015/2016,Regular Season,214,Espanyol,1,2,Sporting Gijón,1041,Stage Front Stadium,Carlos Clos Gómez
3825613,2015-10-02,20:30:00.000,7,11,La Liga,27,2015/2016,Regular Season,209,Celta Vigo,0,0,Getafe,216,Abanca-Balaídos,Eduardo Prieto Iglesias
3825610,2015-09-27,12:00:00.000,6,11,La Liga,27,2015/2016,Regular Season,1041,Sporting Gijón,1,2,Real Betis,218,Estadio Municipal El Molinón,Juan Martínez Munuera
3825606,2015-09-26,18:15:00.000,6,11,La Liga,27,2015/2016,Regular Season,220,Real Madrid,0,0,Málaga,223,Bernabéu,José Luis González González
3825605,2015-09-26,20:30:00.000,6,11,La Liga,27,2015/2016,Regular Season,213,Sevilla,3,2,Rayo Vallecano,360,Estadio Ramón Sánchez Pizjuán,Alejandro José Hernández Hernández
3825604,2015-09-25,20:30:00.000,6,11,La Liga,27,2015/2016,Regular Season,207,Valencia,1,0,Granada,1049,Estadio de Mestalla,Carlos Clos Gómez
3825603,2015-09-24,22:05:00.000,5,11,La Liga,27,2015/2016,Regular Season,218,Real Betis,1,2,RC Deportivo La Coruña,219,Estadio Benito Villamarín,Jesús Gil Manzano
3825602,2015-09-23,21:00:00.000,5,11,La Liga,27,2015/2016,Regular Season,215,Athletic Club,1,2,Real Madrid,220,San Mamés Barria,Antonio Miguel Mateu Lahoz
3825600,2015-09-23,22:00:00.000,5,11,La Liga,27,2015/2016,Regular Season,223,Málaga,0,1,Villarreal,222,Estadio La Rosaleda,Ricardo De Burgos Bengoetxea
3825599,2015-09-22,20:00:00.000,5,11,La Liga,27,2015/2016,Regular Season,214,Espanyol,1,0,Valencia,207,Stage Front Stadium,Ignacio Iglesias Villanueva
3825597,2015-09-20,20:30:00.000,4,11,La Liga,27,2015/2016,Regular Season,208,Las Palmas,0,1,Rayo Vallecano,360,Estadio de Gran Canaria,José Luis González González
3825596,2015-09-20,14:00:00.000,4,11,La Liga,27,2015/2016,Regular Season,219,RC Deportivo La Coruña,2,3,Sporting Gijón,1041,Estadio Abanca-Riazor,Eduardo Prieto Iglesias
3825594,2015-09-20,12:00:00.000,4,11,La Liga,27,2015/2016,Regular Season,213,Sevilla,1,2,Celta Vigo,209,Estadio Ramón Sánchez Pizjuán,Santiago Jaime Latre
3825593,2015-09-19,20:30:00.000,4,11,La Liga,27,2015/2016,Regular Season,322,Eibar,0,2,Atlético Madrid,212,Estadio Municipal de Ipurúa,Alejandro José Hernández Hernández
3825592,2015-09-19,22:00:00.000,4,11,La Liga,27,2015/2016,Regular Season,210,Real Sociedad,2,3,Espanyol,214,Reale Arena,Pedro Jesús Pérez Montero
3825591,2015-09-19,18:15:00.000,4,11,La Liga,27,2015/2016,Regular Season,207,Valencia,0,0,Real Betis,218,Estadio de Mestalla,Carlos Velasco Carballo
3825590,2015-09-19,16:00:00.000,4,11,La Liga,27,2015/2016,Regular Season,220,Real Madrid,1,0,Granada,1049,Bernabéu,Juan Martínez Munuera
3825589,2015-09-18,20:30:00.000,4,11,La Liga,27,2015/2016,Regular Season,216,Getafe,1,0,Málaga,223,Coliseum Alfonso Pérez,José María Sánchez Martínez
3825588,2015-09-14,20:30:00.000,3,11,La Liga,27,2015/2016,Regular Season,360,Rayo Vallecano,1,3,RC Deportivo La Coruña,219,Estadio de Vallecas,Ricardo De Burgos Bengoetxea
3825587,2015-09-13,16:00:00.000,3,11,La Liga,27,2015/2016,Regular Season,215,Athletic Club,3,1,Getafe,216,San Mamés Barria,Pedro Jesús Pérez Montero
3825586,2015-09-13,20:30:00.000,3,11,La Liga,27,2015/2016,Regular Season,223,Málaga,0,0,Eibar,322,Estadio La Rosaleda,Alberto Undiano Mallenco
3825585,2015-09-13,18:15:00.000,3,11,La Liga,27,2015/2016,Regular Season,209,Celta Vigo,3,3,Las Palmas,208,Abanca-Balaídos,Xavier Estrada Fernández
3825583,2015-09-12,18:15:00.000,3,11,La Liga,27,2015/2016,Regular Season,1041,Sporting Gijón,0,1,Valencia,207,Estadio Municipal El Molinón,Carlos del Cerro Grande
3825582,2015-09-12,22:00:00.000,3,11,La Liga,27,2015/2016,Regular Season,218,Real Betis,1,0,Real Sociedad,210,Estadio Benito Villamarín,Alfonso Álvarez Izquierdo
3825581,2015-09-12,16:00:00.000,3,11,La Liga,27,2015/2016,Regular Season,214,Espanyol,0,6,Real Madrid,220,Stage Front Stadium,Iñaki Bikandi Garrido
3825580,2015-09-11,20:30:00.000,3,11,La Liga,27,2015/2016,Regular Season,221,Levante UD,1,1,Sevilla,213,Estadio Ciudad de Valencia,Ignacio Iglesias Villanueva
3825578,2015-08-30,18:30:00.000,2,11,La Liga,27,2015/2016,Regular Season,322,Eibar,2,0,Athletic Club,215,Estadio Municipal de Ipurúa,David Fernández Borbalan
3825577,2015-08-30,22:30:00.000,2,11,La Liga,27,2015/2016,Regular Season,216,Getafe,1,2,Granada,1049,Coliseum Alfonso Pérez,Eduardo Prieto Iglesias
3825576,2015-08-30,20:30:00.000,2,11,La Liga,27,2015/2016,Regular Season,207,Valencia,1,1,RC Deportivo La Coruña,219,Estadio de Mestalla,José Luis González González
3825575,2015-08-30,22:30:00.000,2,11,La Liga,27,2015/2016,Regular Season,208,Las Palmas,0,0,Levante UD,221,Estadio de Gran Canaria,Pedro Jesús Pérez Montero
3825574,2015-08-29,22:00:00.000,2,11,La Liga,27,2015/2016,Regular Season,209,Celta Vigo,3,0,Rayo Vallecano,360,Abanca-Balaídos,Juan Martínez Munuera
3825573,2015-08-29,18:30:00.000,2,11,La Liga,27,2015/2016,Regular Season,210,Real Sociedad,0,0,Sporting Gijón,1041,Reale Arena,José María Sánchez Martínez
3825571,2015-08-28,20:30:00.000,2,11,La Liga,27,2015/2016,Regular Season,222,Villarreal,3,1,Espanyol,214,Estadio de la Cerámica,Carlos Velasco Carballo
3825569,2015-08-23,22:00:00.000,1,11,La Liga,27,2015/2016,Regular Season,221,Levante UD,1,2,Celta Vigo,209,Estadio Ciudad de Valencia,Ricardo De Burgos Bengoetxea
3825568,2015-08-23,22:30:00.000,1,11,La Liga,27,2015/2016,Regular Season,218,Real Betis,1,1,Villarreal,222,Estadio Benito Villamarín,Iñaki Bikandi Garrido
3825567,2015-08-23,20:30:00.000,1,11,La Liga,27,2015/2016,Regular Season,1041,Sporting Gijón,0,0,Real Madrid,220,Estadio Municipal El Molinón,Xavier Estrada Fernández
3825566,2015-08-22,22:30:00.000,1,11,La Liga,27,2015/2016,Regular Season,360,Rayo Vallecano,0,0,Valencia,207,Estadio de Vallecas,Alberto Undiano Mallenco
3825565,2015-08-22,18:30:00.000,1,11,La Liga,27,2015/2016,Regular Season,214,Espanyol,1,0,Getafe,216,Stage Front Stadium,Jesús Gil Manzano
3825564,2015-08-22,18:30:00.000,1,11,La Liga,27,2015/2016,Regular Season,219,RC Deportivo La Coruña,0,0,Real Sociedad,210,Estadio Abanca-Riazor,Antonio Miguel Mateu Lahoz
3825563,2015-08-22,20:30:00.000,1,11,La Liga,27,2015/2016,Regular Season,212,Atlético Madrid,1,0,Las Palmas,208,Estadio Vicente Calderón,Eduardo Prieto Iglesias
266498,2016-03-12,17:00:00.000,29,11,La Liga,27,2015/2016,Regular Season,217,Barcelona,6,0,Getafe,216,Spotify Camp Nou,Pedro Jesús Pérez Montero
266986,2016-04-30,20:30:00.000,36,11,La Liga,27,2015/2016,Regular Season,218,Real Betis,0,2,Barcelona,217,Estadio Benito Villamarín,Antonio Miguel Mateu Lahoz
267533,2016-04-02,20:30:00.000,31,11,La Liga,27,2015/2016,Regular Season,217,Barcelona,1,2,Real Madrid,220,Spotify Camp Nou,
266310,2016-04-20,20:00:00.000,34,11,La Liga,27,2015/2016,Regular Season,219,RC Deportivo La Coruña,0,8,Barcelona,217,Estadio Abanca-Riazor,
267576,2016-01-30,17:00:00.000,22,11,La Liga,27,2015/2016,Regular Season,217,Barcelona,2,1,Atlético Madrid,212,Spotify Camp Nou,Alberto Undiano Mallenco
266653,2016-03-03,22:00:00.000,27,11,La Liga,27,2015/2016,Regular Season,360,Rayo Vallecano,1,5,Barcelona,217,Estadio de Vallecas,
265944,2016-04-23,20:30:00.000,35,11,La Liga,27,2015/2016,Regular Season,217,Barcelona,6,0,Sporting Gijón,1041,Spotify Camp Nou,Carlos Clos Gómez
265894,2016-01-23,17:00:00.000,21,11,La Liga,27,2015/2016,Regular Season,223,Málaga,1,2,Barcelona,217,Estadio La Rosaleda,Carlos Clos Gómez
265958,2016-05-08,17:00:00.000,37,11,La Liga,27,2015/2016,Regular Season,217,Barcelona,5,0,Espanyol,214,Spotify Camp Nou,Jesús Gil Manzano
267611,2015-09-26,16:00:00.000,6,11,La Liga,27,2015/2016,Regular Season,217,Barcelona,2,1,Las Palmas,208,Spotify Camp Nou,
267422,2015-08-29,20:30:00.000,2,11,La Liga,27,2015/2016,Regular Season,217,Barcelona,1,0,Málaga,223,Spotify Camp Nou,
266236,2015-08-23,18:30:00.000,1,11,La Liga,27,2015/2016,Regular Season,215,Athletic Club,0,1,Barcelona,217,San Mamés Barria,
267274,2015-12-05,20:30:00.000,14,11,La Liga,27,2015/2016,Regular Season,207,Valencia,1,1,Barcelona,217,Estadio de Mestalla,
266961,2015-12-12,16:00:00.000,15,11,La Liga,27,2015/2016,Regular Season,217,Barcelona,2,2,RC Deportivo La Coruña,219,Spotify Camp Nou,
266885,2015-11-28,16:00:00.000,13,11,La Liga,27,2015/2016,Regular Season,217,Barcelona,4,0,Real Sociedad,210,Spotify Camp Nou,Ignacio Iglesias Villanueva
266815,2016-02-17,18:30:00.000,16,11,La Liga,27,2015/2016,Regular Season,1041,Sporting Gijón,1,3,Barcelona,217,Estadio Municipal El Molinón,
267506,2016-05-14,17:00:00.000,38,11,La Liga,27,2015/2016,Regular Season,1049,Granada,0,3,Barcelona,217,Estadio Nuevo Los Cármenes,
266664,2016-04-09,20:30:00.000,32,11,La Liga,27,2015/2016,Regular Season,210,Real Sociedad,1,0,Barcelona,217,Reale Arena,Ignacio Iglesias Villanueva
266106,2016-03-20,17:00:00.000,30,11,La Liga,27,2015/2016,Regular Season,222,Villarreal,2,2,Barcelona,217,Estadio de la Cerámica,
266670,2016-01-02,16:00:00.000,18,11,La Liga,27,2015/2016,Regular Season,214,Espanyol,0,0,Barcelona,217,Stage Front Stadium,José Luis González González
266149,2016-01-17,20:30:00.000,20,11,La Liga,27,2015/2016,Regular Season,217,Barcelona,6,0,Athletic Club,215,Spotify Camp Nou,Antonio Miguel Mateu Lahoz
266620,2016-01-09,16:00:00.000,19,11,La Liga,27,2015/2016,Regular Season,217,Barcelona,4,0,Granada,1049,Spotify Camp Nou,Carlos Velasco Carballo
266056,2016-03-06,17:00:00.000,28,11,La Liga,27,2015/2016,Regular Season,322,Eibar,0,4,Barcelona,217,Estadio Municipal de Ipurúa,Alberto Undiano Mallenco
267327,2015-12-30,20:30:00.000,17,11,La Liga,27,2015/2016,Regular Season,217,Barcelona,4,0,Real Betis,218,Spotify Camp Nou,
266166,2015-09-12,20:30:00.000,3,11,La Liga,27,2015/2016,Regular Season,212,Atlético Madrid,1,2,Barcelona,217,Estadio Vicente Calderón,Antonio Miguel Mateu Lahoz
266160,2016-02-07,13:00:00.000,23,11,La Liga,27,2015/2016,Regular Season,221,Levante UD,0,2,Barcelona,217,Estadio Ciudad de Valencia,Pedro Jesús Pérez Montero
265839,2016-02-28,21:30:00.000,26,11,La Liga,27,2015/2016,Regular Season,217,Barcelona,2,1,Sevilla,213,Spotify Camp Nou,
266424,2015-11-21,18:15:00.000,12,11,La Liga,27,2015/2016,Regular Season,220,Real Madrid,0,4,Barcelona,217,Bernabéu,David Fernández Borbalan
266467,2015-09-23,20:00:00.000,5,11,La Liga,27,2015/2016,Regular Season,209,Celta Vigo,4,1,Barcelona,217,Abanca-Balaídos,Alberto Undiano Mallenco
267273,2016-02-20,17:00:00.000,25,11,La Liga,27,2015/2016,Regular Season,208,Las Palmas,1,2,Barcelona,217,Estadio de Gran Canaria,
266490,2015-09-20,20:30:00.000,4,11,La Liga,27,2015/2016,Regular Season,217,Barcelona,4,1,Levante UD,221,Spotify Camp Nou,David Fernández Borbalan
266254,2016-02-14,21:30:00.000,24,11,La Liga,27,2015/2016,Regular Season,217,Barcelona,6,1,Celta Vigo,209,Spotify Camp Nou,
266557,2016-04-17,20:30:00.000,33,11,La Liga,27,2015/2016,Regular Season,217,Barcelona,1,2,Valencia,207,Spotify Camp Nou,David Fernández Borbalan
3888713,1974-02-17,21:00:00.000,22,11,La Liga,278,1973/1974,Regular Season,220,Real Madrid,0,5,Barcelona,217,Bernabéu,
68314,2004-12-04,18:00:00.000,14,11,La Liga,37,2004/2005,Regular Season,217,Barcelona,4,0,Málaga,223,Spotify Camp Nou,José Omar Losantos
68353,2004-10-16,20:00:00.000,7,11,La Liga,37,2004/2005,Regular Season,214,Espanyol,0,1,Barcelona,217,Estadi Olímpic Lluís Companys,Carlos Megía Dávila
68316,2005-05-01,19:00:00.000,34,11,La Liga,37,2004/2005,Regular Season,217,Barcelona,2,0,Albacete,608,Spotify Camp Nou,Carlos Velasco Carballo
68313,2004-10-24,19:00:00.000,8,11,La Liga,37,2004/2005,Regular Season,217,Barcelona,3,0,Osasuna,422,Spotify Camp Nou,Vicente José Lizondo Cortés
68315,2004-12-21,18:00:00.000,17,11,La Liga,37,2004/2005,Regular Season,217,Barcelona,2,1,Levante UD,221,Spotify Camp Nou,David Fernández Borbalan
69153,2004-12-11,18:00:00.000,15,11,La Liga,37,2004/2005,Regular Season,608,Albacete,1,2,Barcelona,217,Estadio Carlos Belmonte,Alfonso Perez Burrull
68352,2005-04-17,21:00:00.000,32,11,La Liga,37,2004/2005,Regular Season,217,Barcelona,2,0,Getafe,216,Spotify Camp Nou,Puentes Leira
68323,2005-12-20,19:00:00.000,17,11,La Liga,38,2005/2006,Regular Season,217,Barcelona,2,0,Celta Vigo,209,Spotify Camp Nou,Miguel Pérez
68318,2005-10-22,20:00:00.000,8,11,La Liga,38,2005/2006,Regular Season,217,Barcelona,3,0,Osasuna,422,Spotify Camp Nou,César Muñiz
69172,2006-02-18,20:00:00.000,24,11,La Liga,38,2005/2006,Regular Season,217,Barcelona,5,1,Real Betis,218,Spotify Camp Nou,Eduardo Iturralde Gonzalez
68322,2005-12-17,20:00:00.000,16,11,La Liga,38,2005/2006,Regular Season,552,Cádiz,1,3,Barcelona,217,Estadio Nuevo Mirandilla,Miguel Ayza
69164,2005-10-26,20:30:00.000,11,11,La Liga,38,2005/2006,Regular Season,217,Barcelona,2,0,Málaga,223,Spotify Camp Nou,Puentes Leira
68324,2006-01-22,17:00:00.000,20,11,La Liga,38,2005/2006,Regular Season,217,Barcelona,2,0,Deportivo Alavés,206,Spotify Camp Nou,Turienzo
68320,2005-12-04,19:00:00.000,14,11,La Liga,38,2005/2006,Regular Season,222,Villarreal,0,2,Barcelona,217,Estadio de la Cerámica,César Muñiz
68339,2005-11-06,19:00:00.000,10,11,La Liga,38,2005/2006,Regular Season,216,Getafe,1,3,Barcelona,217,Coliseum Alfonso Pérez,Arturo Daudén Ibáñez
68348,2006-01-07,22:00:00.000,18,11,La Liga,38,2005/2006,Regular Season,214,Espanyol,1,2,Barcelona,217,Estadi Olímpic Lluís Companys,Bernardino Gonzalez
68354,2005-11-27,19:00:00.000,13,11,La Liga,38,2005/2006,Regular Season,217,Barcelona,4,1,Racing Santander,1217,Spotify Camp Nou,Rafael Ramírez Domínguez
68351,2006-02-25,22:00:00.000,25,11,La Liga,38,2005/2006,Regular Season,395,Real Zaragoza,0,2,Barcelona,217,Estadio de la Romareda,Victor José Esquinas Torres
68317,2005-10-01,20:00:00.000,6,11,La Liga,38,2005/2006,Regular Season,217,Barcelona,2,2,Real Zaragoza,395,Spotify Camp Nou,Carlos Megía Dávila
68350,2006-02-05,17:00:00.000,22,11,La Liga,38,2005/2006,Regular Season,217,Barcelona,1,3,Atlético Madrid,212,Spotify Camp Nou,Vicente José Lizondo Cortés
68325,2006-01-29,17:00:00.000,21,11,La Liga,38,2005/2006,Regular Season,1043,Mallorca,0,3,Barcelona,217,Visit Mallorca Estadi,Carlos Megía Dávila
68321,2005-12-11,19:00:00.000,15,11,La Liga,38,2005/2006,Regular Season,217,Barcelona,2,1,Sevilla,213,Spotify Camp Nou,Julian Rodriguez Santiago
68319,2005-11-19,20:00:00.000,12,11,La Liga,38,2005/2006,Regular Season,220,Real Madrid,0,3,Barcelona,217,Bernabéu,Eduardo Iturralde Gonzalez
68342,2006-01-15,19:00:00.000,19,11,La Liga,38,2005/2006,Regular Season,217,Barcelona,2,1,Athletic Club,215,Spotify Camp Nou,Fernando Teixeira
68336,2007-06-17,18:00:00.000,38,11,La Liga,39,2006/2007,Regular Season,1036,Gimnàstic Tarragona,1,5,Barcelona,217,Nou Estadi Costa Daurada,Alberto Undiano Mallenco
69176,2007-05-20,21:00:00.000,35,11,La Liga,39,2006/2007,Regular Season,212,Atlético Madrid,0,6,Barcelona,217,Estadio Vicente Calderón,César Muñiz
69179,2007-04-07,20:00:00.000,29,11,La Liga,39,2006/2007,Regular Season,395,Real Zaragoza,1,0,Barcelona,217,Estadio de la Romareda,Luis Medina Cantalejo
68334,2007-03-03,20:00:00.000,25,11,La Liga,39,2006/2007,Regular Season,213,Sevilla,2,1,Barcelona,217,Estadio Ramón Sánchez Pizjuán,Bernardino Gonzalez
68333,2007-02-25,19:00:00.000,24,11,La Liga,39,2006/2007,Regular Season,217,Barcelona,3,0,Athletic Club,215,Spotify Camp Nou,Vicente José Lizondo Cortés
68326,2006-08-28,18:00:00.000,1,11,La Liga,39,2006/2007,Regular Season,209,Celta Vigo,2,3,Barcelona,217,Abanca-Balaídos,Miguel Pérez
69162,2007-05-13,19:00:00.000,34,11,La Liga,39,2006/2007,Regular Season,217,Barcelona,1,1,Real Betis,218,Spotify Camp Nou,Eduardo Iturralde Gonzalez
68335,2007-03-10,22:00:00.000,26,11,La Liga,39,2006/2007,Regular Season,217,Barcelona,3,3,Real Madrid,220,Spotify Camp Nou,Alberto Undiano Mallenco
68332,2007-02-18,17:00:00.000,23,11,La Liga,39,2006/2007,Regular Season,207,Valencia,2,1,Barcelona,217,Estadio de Mestalla,Eduardo Iturralde Gonzalez
68330,2006-10-22,21:00:00.000,7,11,La Liga,39,2006/2007,Regular Season,220,Real Madrid,2,0,Barcelona,217,Bernabéu,Alfonso Perez Burrull
68329,2006-10-15,19:00:00.000,6,11,La Liga,39,2006/2007,Regular Season,217,Barcelona,3,1,Sevilla,213,Spotify Camp Nou,César Muñiz
68341,2007-03-17,20:00:00.000,27,11,La Liga,39,2006/2007,Regular Season,1220,Recreativo Huelva,0,4,Barcelona,217,Estadio Nuevo Colombino,Turienzo
69165,2007-06-09,18:00:00.000,37,11,La Liga,39,2006/2007,Regular Season,217,Barcelona,2,2,Espanyol,214,Spotify Camp Nou,Julian Rodriguez Santiago
69155,2007-04-22,21:00:00.000,31,11,La Liga,39,2006/2007,Regular Season,222,Villarreal,2,0,Barcelona,217,Estadio de la Cerámica,Alfonso Perez Burrull
69154,2007-02-11,19:00:00.000,22,11,La Liga,39,2006/2007,Regular Season,217,Barcelona,2,0,Racing Santander,1217,Spotify Camp Nou,Manuel Enrique Mejuto Gonzalez
69156,2007-04-29,19:00:00.000,32,11,La Liga,39,2006/2007,Regular Season,217,Barcelona,1,0,Levante UD,221,Spotify Camp Nou,Carlos Clos Gómez
69159,2007-04-15,19:00:00.000,30,11,La Liga,39,2006/2007,Regular Season,217,Barcelona,1,0,Mallorca,1043,Spotify Camp Nou,Rafael Ramírez Domínguez
69175,2007-03-31,22:00:00.000,28,11,La Liga,39,2006/2007,Regular Season,217,Barcelona,2,1,RC Deportivo La Coruña,219,Spotify Camp Nou,Miguel Ayza
69160,2007-05-05,17:00:00.000,33,11,La Liga,39,2006/2007,Regular Season,210,Real Sociedad,0,2,Barcelona,217,Reale Arena,Fernando Teixeira
68331,2006-11-12,21:00:00.000,10,11,La Liga,39,2006/2007,Regular Season,217,Barcelona,3,1,Real Zaragoza,395,Spotify Camp Nou,Eduardo Iturralde Gonzalez
68328,2006-09-24,19:00:00.000,4,11,La Liga,39,2006/2007,Regular Season,217,Barcelona,1,1,Valencia,207,Spotify Camp Nou,Arturo Daudén Ibáñez
68340,2006-09-17,20:00:00.000,3,11,La Liga,39,2006/2007,Regular Season,1217,Racing Santander,0,3,Barcelona,217,Campos de Sport de El Sardinero,Carlos Velasco Carballo
69174,2006-11-04,22:00:00.000,9,11,La Liga,39,2006/2007,Regular Season,219,RC Deportivo La Coruña,1,1,Barcelona,217,Estadio Abanca-Riazor,Luis Medina Cantalejo
68347,2006-09-30,22:00:00.000,5,11,La Liga,39,2006/2007,Regular Season,215,Athletic Club,1,3,Barcelona,217,Estadio San Mamés,David Fernández Borbalan
68327,2006-09-09,17:00:00.000,2,11,La Liga,39,2006/2007,Regular Season,217,Barcelona,3,0,Osasuna,422,Spotify Camp Nou,Julian Rodriguez Santiago
69157,2007-05-26,19:00:00.000,36,11,La Liga,39,2006/2007,Regular Season,217,Barcelona,1,0,Getafe,216,Spotify Camp Nou,Alfonso Perez Burrull
15978,2018-09-15,16:15:00.000,4,11,La Liga,4,2018/2019,Regular Season,210,Real Sociedad,1,2,Barcelona,217,Reale Arena,Carlos del Cerro Grande
15998,2018-09-26,20:00:00.000,6,11,La Liga,4,2018/2019,Regular Season,205,Leganés,2,1,Barcelona,217,Estadio Municipal de Butarque,Alberto Undiano Mallenco
16029,2018-10-20,20:45:00.000,9,11,La Liga,4,2018/2019,Regular Season,217,Barcelona,4,2,Sevilla,213,Spotify Camp Nou,
16073,2018-11-24,20:45:00.000,13,11,La Liga,4,2018/2019,Regular Season,212,Atlético Madrid,1,1,Barcelona,217,Estádio Cívitas Metropolitano,Jesús Gil Manzano
16086,2018-12-08,20:45:00.000,15,11,La Liga,4,2018/2019,Regular Season,214,Espanyol,0,4,Barcelona,217,Stage Front Stadium,
16190,2019-02-23,16:15:00.000,25,11,La Liga,4,2018/2019,Regular Season,213,Sevilla,2,4,Barcelona,217,Estadio Ramón Sánchez Pizjuán,Antonio Miguel Mateu Lahoz
16109,2018-12-22,18:30:00.000,17,11,La Liga,4,2018/2019,Regular Season,217,Barcelona,2,0,Celta Vigo,209,Spotify Camp Nou,Eduardo Prieto Iglesias
16120,2019-01-06,20:45:00.000,18,11,La Liga,4,2018/2019,Regular Season,216,Getafe,1,2,Barcelona,217,Coliseum Alfonso Pérez,
16182,2019-02-16,20:45:00.000,24,11,La Liga,4,2018/2019,Regular Season,217,Barcelona,1,0,Real Valladolid,901,Spotify Camp Nou,
16215,2019-03-17,20:45:00.000,28,11,La Liga,4,2018/2019,Regular Season,218,Real Betis,1,4,Barcelona,217,Estadio Benito Villamarín,
16173,2019-02-10,20:45:00.000,23,11,La Liga,4,2018/2019,Regular Season,215,Athletic Club,0,0,Barcelona,217,San Mamés Barria,Carlos del Cerro Grande
16265,2019-04-20,20:45:00.000,33,11,La Liga,4,2018/2019,Regular Season,217,Barcelona,2,1,Real Sociedad,210,Spotify Camp Nou,
15946,2018-08-18,22:15:00.000,1,11,La Liga,4,2018/2019,Regular Season,217,Barcelona,3,0,Deportivo Alavés,206,Spotify Camp Nou,José María Sánchez Martínez
16157,2019-02-02,18:30:00.000,22,11,La Liga,4,2018/2019,Regular Season,217,Barcelona,2,2,Valencia,207,Spotify Camp Nou,Alberto Undiano Mallenco
16136,2019-01-20,20:45:00.000,20,11,La Liga,4,2018/2019,Regular Season,217,Barcelona,3,1,Leganés,205,Spotify Camp Nou,Ricardo De Burgos Bengoetxea
16248,2019-04-06,20:45:00.000,31,11,La Liga,4,2018/2019,Regular Season,217,Barcelona,2,0,Atlético Madrid,212,Spotify Camp Nou,Jesús Gil Manzano
16056,2018-11-11,16:15:00.000,12,11,La Liga,4,2018/2019,Regular Season,217,Barcelona,3,4,Real Betis,218,Spotify Camp Nou,Antonio Miguel Mateu Lahoz
16289,2019-04-27,20:45:00.000,35,11,La Liga,4,2018/2019,Regular Season,217,Barcelona,1,0,Levante UD,221,Spotify Camp Nou,Ricardo De Burgos Bengoetxea
16079,2018-12-02,18:30:00.000,14,11,La Liga,4,2018/2019,Regular Season,217,Barcelona,2,0,Villarreal,222,Spotify Camp Nou,José Luis Munuera Montero
16149,2019-01-27,16:15:00.000,21,11,La Liga,4,2018/2019,Regular Season,211,Girona,0,2,Barcelona,217,Estadi Municipal de Montilivi,Pablo González Fuertes
16275,2019-04-23,21:30:00.000,34,11,La Liga,4,2018/2019,Regular Season,206,Deportivo Alavés,0,2,Barcelona,217,Estadio de Mendizorroza,
15973,2018-09-02,18:30:00.000,3,11,La Liga,4,2018/2019,Regular Season,217,Barcelona,8,2,Huesca,902,Spotify Camp Nou,Mario Melero López
16317,2019-05-19,16:15:00.000,38,11,La Liga,4,2018/2019,Regular Season,322,Eibar,2,2,Barcelona,217,Estadio Municipal de Ipurúa,
16131,2019-01-13,18:30:00.000,19,11,La Liga,4,2018/2019,Regular Season,217,Barcelona,3,0,Eibar,322,Spotify Camp Nou,Jesús Gil Manzano
16205,2019-03-09,18:30:00.000,27,11,La Liga,4,2018/2019,Regular Season,217,Barcelona,3,1,Rayo Vallecano,360,Spotify Camp Nou,
16095,2018-12-16,20:45:00.000,16,11,La Liga,4,2018/2019,Regular Season,221,Levante UD,0,5,Barcelona,217,Estadio Ciudad de Valencia,José Luis González González
16306,2019-05-12,18:30:00.000,37,11,La Liga,4,2018/2019,Regular Season,217,Barcelona,2,0,Getafe,216,Spotify Camp Nou,José Luis González González
16010,2018-09-29,16:15:00.000,7,11,La Liga,4,2018/2019,Regular Season,217,Barcelona,1,1,Athletic Club,215,Spotify Camp Nou,
15986,2018-09-23,20:45:00.000,5,11,La Liga,4,2018/2019,Regular Season,217,Barcelona,2,2,Girona,211,Spotify Camp Nou,Jesús Gil Manzano
16240,2019-04-02,21:30:00.000,30,11,La Liga,4,2018/2019,Regular Season,222,Villarreal,4,4,Barcelona,217,Estadio de la Cerámica,
16023,2018-10-07,20:45:00.000,8,11,La Liga,4,2018/2019,Regular Season,207,Valencia,1,1,Barcelona,217,Estadio de Mestalla,José Luis González González
16196,2019-03-02,20:45:00.000,26,11,La Liga,4,2018/2019,Regular Season,220,Real Madrid,0,1,Barcelona,217,Bernabéu,Alberto Undiano Mallenco
15956,2018-08-25,22:15:00.000,2,11,La Liga,4,2018/2019,Regular Season,901,Real Valladolid,0,1,Barcelona,217,Estadio Municipal José Zorrilla,Ricardo De Burgos Bengoetxea
16231,2019-03-30,16:15:00.000,29,11,La Liga,4,2018/2019,Regular Season,217,Barcelona,2,0,Espanyol,214,Spotify Camp Nou,
69146,2008-02-09,20:00:00.000,23,11,La Liga,40,2007/2008,Regular Season,213,Sevilla,1,1,Barcelona,217,Estadio Ramón Sánchez Pizjuán,Fernando Teixeira
69151,2007-09-29,22:00:00.000,6,11,La Liga,40,2007/2008,Regular Season,221,Levante UD,1,4,Barcelona,217,Estadio Ciudad de Valencia,Carlos Clos Gómez
69144,2007-10-07,17:00:00.000,7,11,La Liga,40,2007/2008,Regular Season,217,Barcelona,3,0,Atlético Madrid,212,Spotify Camp Nou,Eduardo Iturralde Gonzalez
69169,2007-09-02,19:00:00.000,2,11,La Liga,40,2007/2008,Regular Season,217,Barcelona,3,1,Athletic Club,215,Spotify Camp Nou,Carlos Megía Dávila
68360,2008-02-24,19:00:00.000,25,11,La Liga,40,2007/2008,Regular Season,217,Barcelona,5,1,Levante UD,221,Spotify Camp Nou,Carlos Velasco Carballo
69186,2008-05-17,22:00:00.000,38,11,La Liga,40,2007/2008,Regular Season,1230,Real Murcia CF,3,5,Barcelona,217,Estadio Enrique Roca de Murcia,Rafael Ramírez Domínguez
69180,2007-08-26,19:00:00.000,1,11,La Liga,40,2007/2008,Regular Season,1217,Racing Santander,0,0,Barcelona,217,Campos de Sport de El Sardinero,César Muñiz
69181,2008-01-27,19:00:00.000,21,11,La Liga,40,2007/2008,Regular Season,215,Athletic Club,1,1,Barcelona,217,Estadio San Mamés,Alberto Undiano Mallenco
68365,2008-03-01,20:00:00.000,26,11,La Liga,40,2007/2008,Regular Season,212,Atlético Madrid,4,2,Barcelona,217,Estadio Vicente Calderón,David Fernández Borbalan
69178,2007-11-10,20:00:00.000,12,11,La Liga,40,2007/2008,Regular Season,216,Getafe,2,0,Barcelona,217,Coliseum Alfonso Pérez,Arturo Daudén Ibáñez
68364,2007-10-20,20:00:00.000,8,11,La Liga,40,2007/2008,Regular Season,222,Villarreal,3,1,Barcelona,217,Estadio de la Cerámica,Manuel Enrique Mejuto Gonzalez
69170,2007-12-09,21:00:00.000,15,11,La Liga,40,2007/2008,Regular Season,217,Barcelona,2,1,RC Deportivo La Coruña,219,Spotify Camp Nou,David Fernández Borbalan
68359,2008-04-19,20:00:00.000,33,11,La Liga,40,2007/2008,Regular Season,217,Barcelona,0,0,Espanyol,214,Spotify Camp Nou,Miguel Pérez
68356,2007-12-01,22:00:00.000,14,11,La Liga,40,2007/2008,Regular Season,214,Espanyol,1,1,Barcelona,217,Estadi Olímpic Lluís Companys,Alfonso Perez Burrull
69158,2007-10-28,19:00:00.000,9,11,La Liga,40,2007/2008,Regular Season,217,Barcelona,2,0,Almería,403,Spotify Camp Nou,Miguel Ayza
69187,2008-02-03,17:00:00.000,22,11,La Liga,40,2007/2008,Regular Season,217,Barcelona,1,0,Osasuna,422,Spotify Camp Nou,Turienzo
68363,2007-11-01,22:00:00.000,10,11,La Liga,40,2007/2008,Regular Season,901,Real Valladolid,1,1,Barcelona,217,Estadio Municipal José Zorrilla,Carlos Velasco Carballo
69166,2007-11-04,19:00:00.000,11,11,La Liga,40,2007/2008,Regular Season,217,Barcelona,3,0,Real Betis,218,Spotify Camp Nou,Fernando Teixeira
68366,2008-05-11,21:00:00.000,37,11,La Liga,40,2007/2008,Regular Season,217,Barcelona,2,3,Mallorca,1043,Spotify Camp Nou,Antonio Rubinos Perez
69148,2007-09-22,22:00:00.000,4,11,La Liga,40,2007/2008,Regular Season,217,Barcelona,2,1,Sevilla,213,Spotify Camp Nou,Alberto Undiano Mallenco
69184,2007-11-24,20:00:00.000,13,11,La Liga,40,2007/2008,Regular Season,217,Barcelona,3,0,Recreativo Huelva,1220,Spotify Camp Nou,Antonio Rubinos Perez
69173,2008-01-20,19:00:00.000,20,11,La Liga,40,2007/2008,Regular Season,217,Barcelona,1,0,Racing Santander,1217,Spotify Camp Nou,Luis Medina Cantalejo
69182,2008-02-16,20:00:00.000,24,11,La Liga,40,2007/2008,Regular Season,395,Real Zaragoza,1,2,Barcelona,217,Estadio de la Romareda,Bernardino Gonzalez
68358,2008-04-12,22:00:00.000,32,11,La Liga,40,2007/2008,Regular Season,1220,Recreativo Huelva,2,2,Barcelona,217,Estadio Nuevo Colombino,Carlos Clos Gómez
68361,2008-05-07,22:00:00.000,36,11,La Liga,40,2007/2008,Regular Season,220,Real Madrid,4,1,Barcelona,217,Bernabéu,Alfonso Perez Burrull
69141,2008-05-04,19:00:00.000,35,11,La Liga,40,2007/2008,Regular Season,217,Barcelona,6,0,Valencia,207,Spotify Camp Nou,Alberto Undiano Mallenco
69145,2007-12-15,22:00:00.000,16,11,La Liga,40,2007/2008,Regular Season,207,Valencia,0,3,Barcelona,217,Estadio de Mestalla,Eduardo Iturralde Gonzalez
69222,2009-04-11,18:00:00.000,30,11,La Liga,41,2008/2009,Regular Season,217,Barcelona,2,0,Recreativo Huelva,1220,Spotify Camp Nou,Eduardo Iturralde Gonzalez
69225,2008-12-13,20:00:00.000,15,11,La Liga,41,2008/2009,Regular Season,217,Barcelona,2,0,Real Madrid,220,Spotify Camp Nou,Luis Medina Cantalejo
69189,2009-01-24,20:00:00.000,20,11,La Liga,41,2008/2009,Regular Season,217,Barcelona,4,1,CD Numancia de Soria,444,Spotify Camp Nou,Miguel Pérez
69211,2008-09-27,20:00:00.000,5,11,La Liga,41,2008/2009,Regular Season,214,Espanyol,1,2,Barcelona,217,Estadi Olímpic Lluís Companys,Luis Medina Cantalejo
69138,2008-09-21,19:00:00.000,3,11,La Liga,41,2008/2009,Regular Season,1041,Sporting Gijón,1,6,Barcelona,217,Estadio Municipal El Molinón,Carlos Megía Dávila
69212,2008-10-04,20:00:00.000,6,11,La Liga,41,2008/2009,Regular Season,217,Barcelona,6,1,Atlético Madrid,212,Spotify Camp Nou,Eduardo Iturralde Gonzalez
69235,2008-11-01,20:00:00.000,9,11,La Liga,41,2008/2009,Regular Season,223,Málaga,1,4,Barcelona,217,Estadio La Rosaleda,Carlos Velasco Carballo
69232,2008-10-25,22:00:00.000,8,11,La Liga,41,2008/2009,Regular Season,217,Barcelona,5,0,Almería,403,Spotify Camp Nou,Alfonso Perez Burrull
69216,2009-03-07,20:00:00.000,26,11,La Liga,41,2008/2009,Regular Season,217,Barcelona,2,0,Athletic Club,215,Spotify Camp Nou,Alberto Undiano Mallenco
69209,2009-02-01,17:00:00.000,21,11,La Liga,41,2008/2009,Regular Season,1217,Racing Santander,1,2,Barcelona,217,Campos de Sport de El Sardinero,David Fernández Borbalan
69231,2009-02-08,19:00:00.000,22,11,La Liga,41,2008/2009,Regular Season,217,Barcelona,3,1,Sporting Gijón,1041,Spotify Camp Nou,Antonio Rubinos Perez
69217,2009-05-10,19:03:00.000,35,11,La Liga,41,2008/2009,Regular Season,217,Barcelona,3,3,Villarreal,222,Spotify Camp Nou,Fernando Teixeira
69273,2009-04-04,20:00:00.000,29,11,La Liga,41,2008/2009,Regular Season,901,Real Valladolid,0,1,Barcelona,217,Estadio Municipal José Zorrilla,Miguel Pérez
69223,2009-04-18,20:00:00.000,31,11,La Liga,41,2008/2009,Regular Season,216,Getafe,0,1,Barcelona,217,Coliseum Alfonso Pérez,Turienzo
69195,2009-02-14,20:00:00.000,23,11,La Liga,41,2008/2009,Regular Season,218,Real Betis,2,2,Barcelona,217,Estadio Benito Villamarín,Eduardo Iturralde Gonzalez
69251,2009-04-25,22:00:00.000,33,11,La Liga,41,2008/2009,Regular Season,207,Valencia,2,2,Barcelona,217,Estadio de Mestalla,César Muñiz
69185,2009-03-01,19:00:00.000,25,11,La Liga,41,2008/2009,Regular Season,212,Atlético Madrid,4,3,Barcelona,217,Estadio Vicente Calderón,Bernardino Gonzalez
69142,2009-03-22,19:00:00.000,28,11,La Liga,41,2008/2009,Regular Season,217,Barcelona,6,0,Málaga,223,Spotify Camp Nou,César Muñiz
69139,2009-02-21,18:00:00.000,24,11,La Liga,41,2008/2009,Regular Season,217,Barcelona,1,2,Espanyol,214,Spotify Camp Nou,Carlos Delgado
69171,2008-11-29,22:00:00.000,13,11,La Liga,41,2008/2009,Regular Season,213,Sevilla,0,3,Barcelona,217,Estadio Ramón Sánchez Pizjuán,Alberto Undiano Mallenco
69249,2009-05-02,17:00:00.000,34,11,La Liga,41,2008/2009,Regular Season,220,Real Madrid,2,6,Barcelona,217,Bernabéu,Alberto Undiano Mallenco
69215,2008-09-13,20:00:00.000,2,11,La Liga,41,2008/2009,Regular Season,217,Barcelona,1,1,Racing Santander,1217,Spotify Camp Nou,Rafael Ramírez Domínguez
69147,2008-08-31,19:00:00.000,1,11,La Liga,41,2008/2009,Regular Season,444,CD Numancia de Soria,1,0,Barcelona,217,Los Pajaritos,David Fernández Borbalan
69177,2009-03-15,21:03:00.000,27,11,La Liga,41,2008/2009,Regular Season,403,Almería,0,2,Barcelona,217,Power Horse Stadium – Estadio de los Juegos Mediterráneos,Manuel Enrique Mejuto Gonzalez
69207,2008-09-24,20:00:00.000,4,11,La Liga,41,2008/2009,Regular Season,217,Barcelona,3,2,Real Betis,218,Spotify Camp Nou,Arturo Daudén Ibáñez
69228,2008-12-21,19:00:00.000,16,11,La Liga,41,2008/2009,Regular Season,222,Villarreal,1,2,Barcelona,217,Estadio de la Cerámica,Carlos Clos Gómez
69183,2009-01-17,20:00:00.000,19,11,La Liga,41,2008/2009,Regular Season,217,Barcelona,5,0,RC Deportivo La Coruña,219,Spotify Camp Nou,Julian Rodriguez Santiago
69279,2008-11-08,22:00:00.000,10,11,La Liga,41,2008/2009,Regular Season,217,Barcelona,6,0,Real Valladolid,901,Spotify Camp Nou,Fernando Teixeira
69285,2008-11-16,21:00:00.000,11,11,La Liga,41,2008/2009,Regular Season,1220,Recreativo Huelva,0,2,Barcelona,217,Estadio Nuevo Colombino,Miguel Pérez
69230,2009-01-11,21:00:00.000,18,11,La Liga,41,2008/2009,Regular Season,422,Osasuna,2,3,Barcelona,217,Estadio El Sadar,Fernando Teixeira
69149,2008-12-06,22:00:00.000,14,11,La Liga,41,2008/2009,Regular Season,217,Barcelona,4,0,Valencia,207,Spotify Camp Nou,David Fernández Borbalan
303731,2020-02-22,16:00:00.000,25,11,La Liga,42,2019/2020,Regular Season,217,Barcelona,5,0,Eibar,322,Spotify Camp Nou,
303532,2020-06-16,22:00:00.000,29,11,La Liga,42,2019/2020,Regular Season,217,Barcelona,2,0,Leganés,205,Spotify Camp Nou,
303516,2020-06-27,17:00:00.000,32,11,La Liga,42,2019/2020,Regular Season,209,Celta Vigo,2,2,Barcelona,217,Abanca-Balaídos,
303596,2019-12-18,20:00:00.000,10,11,La Liga,42,2019/2020,Regular Season,217,Barcelona,0,0,Real Madrid,220,Spotify Camp Nou,
303430,2019-09-24,21:00:00.000,6,11,La Liga,42,2019/2020,Regular Season,217,Barcelona,2,1,Villarreal,222,Spotify Camp Nou,
303725,2020-07-05,22:00:00.000,34,11,La Liga,42,2019/2020,Regular Season,222,Villarreal,1,4,Barcelona,217,Estadio de la Cerámica,
303504,2019-11-02,16:00:00.000,12,11,La Liga,42,2019/2020,Regular Season,221,Levante UD,3,1,Barcelona,217,Estadio Ciudad de Valencia,
303451,2019-12-07,21:00:00.000,16,11,La Liga,42,2019/2020,Regular Season,217,Barcelona,5,2,Mallorca,1043,Spotify Camp Nou,
303664,2019-12-14,16:00:00.000,17,11,La Liga,42,2019/2020,Regular Season,210,Real Sociedad,2,2,Barcelona,217,Reale Arena,
303682,2020-02-02,21:00:00.000,22,11,La Liga,42,2019/2020,Regular Season,217,Barcelona,2,1,Levante UD,221,Spotify Camp Nou,
303400,2020-01-25,16:00:00.000,21,11,La Liga,42,2019/2020,Regular Season,207,Valencia,2,0,Barcelona,217,Estadio de Mestalla,Jesús Gil Manzano
303634,2020-07-16,21:00:00.000,37,11,La Liga,42,2019/2020,Regular Season,217,Barcelona,1,2,Osasuna,422,Spotify Camp Nou,
303421,2020-07-19,17:00:00.000,38,11,La Liga,42,2019/2020,Regular Season,206,Deportivo Alavés,0,5,Barcelona,217,Estadio de Mendizorroza,
303493,2020-06-23,22:00:00.000,31,11,La Liga,42,2019/2020,Regular Season,217,Barcelona,1,0,Athletic Club,215,Spotify Camp Nou,Jesús Gil Manzano
303680,2020-07-11,19:30:00.000,36,11,La Liga,42,2019/2020,Regular Season,901,Real Valladolid,0,1,Barcelona,217,Estadio Municipal José Zorrilla,Antonio Miguel Mateu Lahoz
303479,2020-03-07,18:30:00.000,27,11,La Liga,42,2019/2020,Regular Season,217,Barcelona,1,0,Real Sociedad,210,Spotify Camp Nou,
303615,2020-07-08,22:00:00.000,35,11,La Liga,42,2019/2020,Regular Season,217,Barcelona,1,0,Espanyol,214,Spotify Camp Nou,
303696,2020-06-30,22:00:00.000,33,11,La Liga,42,2019/2020,Regular Season,217,Barcelona,2,2,Atlético Madrid,212,Spotify Camp Nou,
303487,2019-11-09,21:00:00.000,13,11,La Liga,42,2019/2020,Regular Season,217,Barcelona,4,1,Celta Vigo,209,Spotify Camp Nou,
303600,2019-10-29,21:15:00.000,11,11,La Liga,42,2019/2020,Regular Season,217,Barcelona,5,1,Real Valladolid,901,Spotify Camp Nou,
303548,2020-06-13,22:00:00.000,28,11,La Liga,42,2019/2020,Regular Season,1043,Mallorca,0,4,Barcelona,217,Visit Mallorca Estadi,
303652,2020-01-04,21:00:00.000,19,11,La Liga,42,2019/2020,Regular Season,214,Espanyol,2,2,Barcelona,217,Stage Front Stadium,
303674,2020-06-19,22:00:00.000,30,11,La Liga,42,2019/2020,Regular Season,213,Sevilla,0,0,Barcelona,217,Estadio Ramón Sánchez Pizjuán,José Luis González González
303470,2020-03-01,21:00:00.000,26,11,La Liga,42,2019/2020,Regular Season,220,Real Madrid,2,0,Barcelona,217,Bernabéu,Antonio Miguel Mateu Lahoz
303700,2019-10-19,13:00:00.000,9,11,La Liga,42,2019/2020,Regular Season,322,Eibar,0,3,Barcelona,217,Estadio Municipal de Ipurúa,
303707,2020-02-09,21:00:00.000,23,11,La Liga,42,2019/2020,Regular Season,218,Real Betis,2,3,Barcelona,217,Estadio Benito Villamarín,
303666,2019-09-21,21:00:00.000,5,11,La Liga,42,2019/2020,Regular Season,1049,Granada,2,0,Barcelona,217,Estadio Nuevo Los Cármenes,
303715,2019-11-23,13:00:00.000,14,11,La Liga,42,2019/2020,Regular Season,205,Leganés,1,2,Barcelona,217,Estadio Municipal de Butarque,
303377,2020-02-15,16:00:00.000,24,11,La Liga,42,2019/2020,Regular Season,217,Barcelona,2,1,Getafe,216,Spotify Camp Nou,
303524,2019-12-01,21:00:00.000,15,11,La Liga,42,2019/2020,Regular Season,212,Atlético Madrid,0,1,Barcelona,217,Estádio Cívitas Metropolitano,Antonio Miguel Mateu Lahoz
303517,2019-12-21,16:00:00.000,18,11,La Liga,42,2019/2020,Regular Season,217,Barcelona,4,1,Deportivo Alavés,206,Spotify Camp Nou,
303610,2020-01-19,21:00:00.000,20,11,La Liga,42,2019/2020,Regular Season,217,Barcelona,1,0,Granada,1049,Spotify Camp Nou,
303473,2019-10-06,21:00:00.000,8,11,La Liga,42,2019/2020,Regular Season,217,Barcelona,4,0,Sevilla,213,Spotify Camp Nou,Antonio Miguel Mateu Lahoz
3773386,2020-10-31,21:00:00.000,8,11,La Liga,90,2020/2021,Regular Season,206,Deportivo Alavés,1,1,Barcelona,217,Estadio de Mendizorroza,
3773565,2021-01-09,18:30:00.000,18,11,La Liga,90,2020/2021,Regular Season,1049,Granada,0,4,Barcelona,217,Estadio Nuevo Los Cármenes,Ricardo De Burgos Bengoetxea
3773457,2021-05-16,18:30:00.000,37,11,La Liga,90,2020/2021,Regular Season,217,Barcelona,1,2,Celta Vigo,209,Spotify Camp Nou,
3773631,2021-02-07,21:00:00.000,22,11,La Liga,90,2020/2021,Regular Season,218,Real Betis,2,3,Barcelona,217,Estadio Benito Villamarín,
3773665,2021-03-06,21:00:00.000,26,11,La Liga,90,2020/2021,Regular Season,422,Osasuna,0,2,Barcelona,217,Estadio El Sadar,Guillermo Cuadra Fernández
3773497,2021-04-10,21:00:00.000,30,11,La Liga,90,2020/2021,Regular Season,220,Real Madrid,2,1,Barcelona,217,Estadio Alfredo Di Stéfano,Jesús Gil Manzano
3773660,2020-12-13,21:00:00.000,13,11,La Liga,90,2020/2021,Regular Season,217,Barcelona,1,0,Levante UD,221,Spotify Camp Nou,Ricardo De Burgos Bengoetxea
3773593,2020-09-27,21:00:00.000,3,11,La Liga,90,2020/2021,Regular Season,217,Barcelona,4,0,Villarreal,222,Spotify Camp Nou,Guillermo Cuadra Fernández
3773466,2020-10-01,21:30:00.000,4,11,La Liga,90,2020/2021,Regular Season,209,Celta Vigo,0,3,Barcelona,217,Abanca-Balaídos,Carlos del Cerro Grande
3773585,2020-10-24,16:00:00.000,7,11,La Liga,90,2020/2021,Regular Season,217,Barcelona,1,3,Real Madrid,220,Spotify Camp Nou,Juan Martínez Munuera
3773552,2021-01-03,21:00:00.000,17,11,La Liga,90,2020/2021,Regular Season,902,Huesca,0,1,Barcelona,217,Estadio El Alcoraz,Guillermo Cuadra Fernández
3773672,2020-10-04,21:00:00.000,5,11,La Liga,90,2020/2021,Regular Season,217,Barcelona,1,1,Sevilla,213,Spotify Camp Nou,Jesús Gil Manzano
3773587,2020-10-17,21:00:00.000,6,11,La Liga,90,2020/2021,Regular Season,216,Getafe,1,0,Barcelona,217,Coliseum Alfonso Pérez,César Soto Grado
3773656,2020-11-21,21:00:00.000,10,11,La Liga,90,2020/2021,Regular Season,212,Atlético Madrid,1,0,Barcelona,217,Estádio Cívitas Metropolitano,
3773377,2020-12-19,16:15:00.000,14,11,La Liga,90,2020/2021,Regular Season,217,Barcelona,2,2,Valencia,207,Spotify Camp Nou,Alejandro José Hernández Hernández
3773586,2021-04-29,19:00:00.000,33,11,La Liga,90,2020/2021,Regular Season,217,Barcelona,1,2,Granada,1049,Spotify Camp Nou,Pablo González Fuertes
3773372,2021-05-08,16:15:00.000,35,11,La Liga,90,2020/2021,Regular Season,217,Barcelona,0,0,Atlético Madrid,212,Spotify Camp Nou,Antonio Miguel Mateu Lahoz
3773387,2021-05-11,22:00:00.000,36,11,La Liga,90,2020/2021,Regular Season,221,Levante UD,3,3,Barcelona,217,Estadio Ciudad de Valencia,José Luis Munuera Montero
3773695,2021-05-02,21:00:00.000,34,11,La Liga,90,2020/2021,Regular Season,207,Valencia,2,3,Barcelona,217,Estadio de Mestalla,José María Sánchez Martínez
3773369,2021-03-15,21:00:00.000,27,11,La Liga,90,2020/2021,Regular Season,217,Barcelona,4,1,Huesca,902,Spotify Camp Nou,Adrián Cordero Vega
3773661,2021-04-22,22:00:00.000,31,11,La Liga,90,2020/2021,Regular Season,217,Barcelona,5,2,Getafe,216,Spotify Camp Nou,Jorge Figueroa Vázquez
3773597,2021-03-21,21:00:00.000,28,11,La Liga,90,2020/2021,Regular Season,210,Real Sociedad,1,6,Barcelona,217,Reale Arena,José Luis Munuera Montero
3773523,2020-12-16,21:00:00.000,19,11,La Liga,90,2020/2021,Regular Season,217,Barcelona,2,1,Real Sociedad,210,Spotify Camp Nou,José María Sánchez Martínez
3773571,2020-12-22,22:00:00.000,15,11,La Liga,90,2020/2021,Regular Season,901,Real Valladolid,0,3,Barcelona,217,Estadio Municipal José Zorrilla,Mario Melero López
3773428,2020-12-05,21:00:00.000,12,11,La Liga,90,2020/2021,Regular Season,552,Cádiz,2,1,Barcelona,217,Estadio Nuevo Mirandilla,César Soto Grado
3764661,2021-01-06,21:00:00.000,2,11,La Liga,90,2020/2021,Regular Season,215,Athletic Club,2,3,Barcelona,217,San Mamés Barria,Carlos del Cerro Grande
3773526,2021-02-13,21:00:00.000,23,11,La Liga,90,2020/2021,Regular Season,217,Barcelona,5,1,Deportivo Alavés,206,Spotify Camp Nou,Jorge Figueroa Vázquez
3773474,2021-04-05,21:00:00.000,29,11,La Liga,90,2020/2021,Regular Season,217,Barcelona,1,0,Real Valladolid,901,Spotify Camp Nou,Santiago Jaime Latre
3773625,2021-02-27,16:15:00.000,25,11,La Liga,90,2020/2021,Regular Season,213,Sevilla,0,2,Barcelona,217,Estadio Ramón Sánchez Pizjuán,Alejandro José Hernández Hernández
3773403,2021-01-31,21:00:00.000,21,11,La Liga,90,2020/2021,Regular Season,217,Barcelona,2,1,Athletic Club,215,Spotify Camp Nou,Antonio Miguel Mateu Lahoz
3773547,2020-11-29,14:00:00.000,11,11,La Liga,90,2020/2021,Regular Season,217,Barcelona,4,0,Osasuna,422,Spotify Camp Nou,Antonio Miguel Mateu Lahoz
3773415,2021-02-21,14:00:00.000,24,11,La Liga,90,2020/2021,Regular Season,217,Barcelona,1,1,Cádiz,552,Spotify Camp Nou,Juan Martínez Munuera
3764440,2021-02-24,19:00:00.000,1,11,La Liga,90,2020/2021,Regular Season,217,Barcelona,3,0,Elche,1042,Spotify Camp Nou,Isidro Díaz de Mera Escuderos
3773689,2021-04-25,16:15:00.000,32,11,La Liga,90,2020/2021,Regular Season,222,Villarreal,1,2,Barcelona,217,Estadio de la Cerámica,Carlos del Cerro Grande
3773477,2020-11-07,16:15:00.000,9,11,La Liga,90,2020/2021,Regular Season,217,Barcelona,5,2,Real Betis,218,Spotify Camp Nou,
3750234,1977-08-28,12:00:00.000,1,116,North American League,68,1977,Final,2735,NY Cosmos,2,1,Seattle Sounders,488,Providence Park,Toros Kibritjian
3879608,2015-11-07,17:00:00.000,12,12,Serie A,27,2015/2016,Regular Season,226,Hellas Verona,0,2,Bologna,240,Stadio Marc'Antonio Bentegodi,Daniele Orsato
3879551,2015-09-27,13:00:00.000,6,12,Serie A,27,2015/2016,Regular Season,226,Hellas Verona,1,2,Lazio,236,Stadio Marc'Antonio Bentegodi,Piero Giacomelli
3879575,2015-10-18,13:00:00.000,8,12,Serie A,27,2015/2016,Regular Season,226,Hellas Verona,1,1,Udinese,230,Stadio Marc'Antonio Bentegodi,Claudio Gavillucci
3879542,2015-09-23,18:45:00.000,5,12,Serie A,27,2015/2016,Regular Season,238,Inter Milan,1,0,Hellas Verona,226,Stadio Giuseppe Meazza    ,Carmine Russo
3879600,2015-11-01,14:00:00.000,11,12,Serie A,27,2015/2016,Regular Season,1683,Carpi,0,0,Hellas Verona,226,Stadio Alberto Braglia (Modena),Paolo Silvio Mazzoleni
3879557,2015-10-03,18:45:00.000,7,12,Serie A,27,2015/2016,Regular Season,231,Chievo,1,1,Hellas Verona,226,Stadio Marc'Antonio Bentegodi,Daniele Doveri
3879819,2016-04-16,16:00:00.000,33,12,Serie A,27,2015/2016,Regular Season,1683,Carpi,4,1,Genoa,233,Stadio Alberto Braglia (Modena),Nicola Rizzoli
3878541,2015-08-22,18:00:00.000,1,12,Serie A,27,2015/2016,Regular Season,226,Hellas Verona,1,1,AS Roma,229,Stadio Marc'Antonio Bentegodi,Marco Guida
3879664,2015-12-20,19:00:00.000,17,12,Serie A,27,2015/2016,Regular Season,234,Sampdoria,2,0,Palermo,2256,Stadio Comunale Luigi Ferraris,Michael Fabbri
3879863,2016-05-08,15:00:00.000,37,12,Serie A,27,2015/2016,Regular Season,228,Atalanta,1,1,Udinese,230,New Balance Arena,Nicola Rizzoli
3879773,2016-03-06,16:00:00.000,28,12,Serie A,27,2015/2016,Regular Season,291,Frosinone,2,0,Udinese,230,Stadio Comunale Matusa,Nicola Rizzoli
3879847,2016-04-30,18:00:00.000,36,12,Serie A,27,2015/2016,Regular Season,230,Udinese,1,5,Torino,241,Stadio Friuli,Maurizio Mariani
3879862,2016-05-08,20:45:00.000,37,12,Serie A,27,2015/2016,Regular Season,241,Torino,1,2,Napoli,227,Stadio Olimpico Grande Torino,Antonio Damato
3879817,2016-04-16,20:45:00.000,33,12,Serie A,27,2015/2016,Regular Season,238,Inter Milan,2,0,Napoli,227,Stadio Giuseppe Meazza    ,Gianluca Rocchi
3879825,2016-04-17,18:00:00.000,33,12,Serie A,27,2015/2016,Regular Season,236,Lazio,2,0,Empoli,290,Estadio Olímpico,Angelo Cervellera
3879750,2016-02-21,16:00:00.000,26,12,Serie A,27,2015/2016,Regular Season,228,Atalanta,2,3,Fiorentina,239,New Balance Arena,Domenico Celi
3879567,2015-10-17,18:00:00.000,8,12,Serie A,27,2015/2016,Regular Season,229,AS Roma,3,1,Empoli,290,Estadio Olímpico,Piero Giacomelli
3879785,2016-03-13,21:45:00.000,29,12,Serie A,27,2015/2016,Regular Season,236,Lazio,2,0,Atalanta,228,Estadio Olímpico,Marco Guida
3879705,2016-01-24,16:00:00.000,21,12,Serie A,27,2015/2016,Regular Season,232,Sassuolo,0,2,Bologna,240,MAPEI Stadium - Città del Tricolore,Angelo Cervellera
3879628,2015-11-28,21:45:00.000,14,12,Serie A,27,2015/2016,Regular Season,243,AC Milan,4,1,Sampdoria,234,Stadio Giuseppe Meazza    ,Daniele Doveri
3879665,2015-12-20,19:00:00.000,17,12,Serie A,27,2015/2016,Regular Season,291,Frosinone,2,4,AC Milan,243,Stadio Comunale Matusa,Luca Banti
3879699,2016-01-24,16:00:00.000,21,12,Serie A,27,2015/2016,Regular Season,234,Sampdoria,2,4,Napoli,227,Stadio Comunale Luigi Ferraris,Daniele Orsato
3879703,2016-01-24,16:00:00.000,21,12,Serie A,27,2015/2016,Regular Season,236,Lazio,4,1,Chievo,231,Estadio Olímpico,Gianpaolo Calvarese	
3879609,2015-11-08,19:00:00.000,12,12,Serie A,27,2015/2016,Regular Season,227,Napoli,1,0,Udinese,230,Stadio Diego Armando Maradona,Domenico Celi
3879653,2015-12-13,21:45:00.000,16,12,Serie A,27,2015/2016,Regular Season,224,Juventus,3,1,Fiorentina,239,Allianz Stadium    	,Daniele Orsato
3879632,2015-11-29,16:00:00.000,14,12,Serie A,27,2015/2016,Regular Season,229,AS Roma,0,2,Atalanta,228,Estadio Olímpico,Gianpaolo Calvarese	
3879663,2015-12-20,14:00:00.000,17,12,Serie A,27,2015/2016,Regular Season,226,Hellas Verona,1,1,Sassuolo,232,Stadio Marc'Antonio Bentegodi,Marco Guida
3879645,2015-12-06,13:30:00.000,15,12,Serie A,27,2015/2016,Regular Season,240,Bologna,3,2,Napoli,227,Stadio Renato Dall''Ara,Paolo Silvio Mazzoleni
3879579,2015-10-24,20:45:00.000,9,12,Serie A,27,2015/2016,Regular Season,2256,Palermo,1,1,Inter Milan,238,Stadio Renzo Barbera,Daniele Doveri
3879566,2015-10-04,15:00:00.000,7,12,Serie A,27,2015/2016,Regular Season,230,Udinese,1,1,Genoa,233,Stadio Friuli,Angelo Cervellera
3879587,2015-10-27,21:45:00.000,10,12,Serie A,27,2015/2016,Regular Season,240,Bologna,0,1,Inter Milan,238,Stadio Renato Dall''Ara,Luca Banti
3879556,2015-09-28,19:00:00.000,6,12,Serie A,27,2015/2016,Regular Season,291,Frosinone,2,0,Empoli,290,Stadio Comunale Matusa,Marco Guida
3879585,2015-10-25,15:00:00.000,9,12,Serie A,27,2015/2016,Regular Season,243,AC Milan,2,1,Sassuolo,232,Stadio Giuseppe Meazza    ,Gianluca Rocchi
3879582,2015-10-25,18:00:00.000,9,12,Serie A,27,2015/2016,Regular Season,236,Lazio,3,0,Torino,241,Estadio Olímpico,Paolo Silvio Mazzoleni
3879564,2015-10-04,15:00:00.000,7,12,Serie A,27,2015/2016,Regular Season,2256,Palermo,2,4,AS Roma,229,Stadio Renzo Barbera,Antonio Damato
3879562,2015-10-04,20:45:00.000,7,12,Serie A,27,2015/2016,Regular Season,243,AC Milan,0,4,Napoli,227,Stadio Giuseppe Meazza    ,Nicola Rizzoli
3879837,2016-04-23,20:45:00.000,35,12,Serie A,27,2015/2016,Regular Season,238,Inter Milan,3,1,Udinese,230,Stadio Giuseppe Meazza    ,Domenico Celi
3879838,2016-04-24,15:00:00.000,35,12,Serie A,27,2015/2016,Regular Season,234,Sampdoria,2,1,Lazio,236,Stadio Comunale Luigi Ferraris,Nicola Rizzoli
3879839,2016-04-24,20:45:00.000,35,12,Serie A,27,2015/2016,Regular Season,239,Fiorentina,1,2,Juventus,224,Stadio Artemio Franchi    	,Paolo Tagliavento
3879840,2016-04-24,15:00:00.000,35,12,Serie A,27,2015/2016,Regular Season,240,Bologna,2,0,Genoa,233,Stadio Renato Dall''Ara,Antonio Damato
3879836,2016-04-21,20:45:00.000,34,12,Serie A,27,2015/2016,Regular Season,243,AC Milan,0,0,Carpi,1683,Stadio Giuseppe Meazza    ,Marco Guida
3879833,2016-04-20,20:45:00.000,34,12,Serie A,27,2015/2016,Regular Season,224,Juventus,3,0,Lazio,236,Allianz Stadium    	,Paolo Silvio Mazzoleni
3879828,2016-04-20,20:45:00.000,34,12,Serie A,27,2015/2016,Regular Season,229,AS Roma,3,2,Torino,241,Estadio Olímpico,Gianpaolo Calvarese	
3879832,2016-04-20,20:45:00.000,34,12,Serie A,27,2015/2016,Regular Season,2256,Palermo,2,2,Atalanta,228,Stadio Renzo Barbera,Daniele Doveri
3879830,2016-04-20,20:45:00.000,34,12,Serie A,27,2015/2016,Regular Season,233,Genoa,1,0,Inter Milan,238,Stadio Comunale Luigi Ferraris,Massimiliano Irrati
3879792,2016-03-20,16:00:00.000,30,12,Serie A,27,2015/2016,Regular Season,234,Sampdoria,0,1,Chievo,231,Stadio Comunale Luigi Ferraris,Luca Pairetto
3879795,2016-03-20,16:00:00.000,30,12,Serie A,27,2015/2016,Regular Season,226,Hellas Verona,1,2,Carpi,1683,Stadio Marc'Antonio Bentegodi,Carmine Russo
3879794,2016-03-20,13:30:00.000,30,12,Serie A,27,2015/2016,Regular Season,228,Atalanta,2,0,Bologna,240,New Balance Arena,Piero Giacomelli
3879788,2016-03-19,19:00:00.000,30,12,Serie A,27,2015/2016,Regular Season,290,Empoli,0,0,Palermo,2256,Stadio Carlo Castellani,Davide Massa
3879787,2016-03-19,21:45:00.000,30,12,Serie A,27,2015/2016,Regular Season,229,AS Roma,1,1,Inter Milan,238,Estadio Olímpico,Daniele Orsato
3879786,2016-03-13,21:45:00.000,29,12,Serie A,27,2015/2016,Regular Season,2256,Palermo,0,1,Napoli,227,Stadio Renzo Barbera,Gianluca Rocchi
3879784,2016-03-13,16:00:00.000,29,12,Serie A,27,2015/2016,Regular Season,233,Genoa,3,2,Torino,241,Stadio Comunale Luigi Ferraris,Daniele Doveri
3879783,2016-03-13,16:00:00.000,29,12,Serie A,27,2015/2016,Regular Season,230,Udinese,1,2,AS Roma,229,Stadio Friuli,Paolo Silvio Mazzoleni
3879782,2016-03-13,16:00:00.000,29,12,Serie A,27,2015/2016,Regular Season,1683,Carpi,2,1,Frosinone,291,Stadio Alberto Braglia (Modena),Luca Banti
3879781,2016-03-13,13:30:00.000,29,12,Serie A,27,2015/2016,Regular Season,231,Chievo,0,0,AC Milan,243,Stadio Marc'Antonio Bentegodi,Antonio Damato
3879780,2016-03-13,16:00:00.000,29,12,Serie A,27,2015/2016,Regular Season,239,Fiorentina,1,1,Hellas Verona,226,Stadio Artemio Franchi    	,Claudio Gavillucci
3879779,2016-03-12,21:45:00.000,29,12,Serie A,27,2015/2016,Regular Season,238,Inter Milan,2,1,Bologna,240,Stadio Giuseppe Meazza    ,Gianpaolo Calvarese	
3879778,2016-03-12,19:00:00.000,29,12,Serie A,27,2015/2016,Regular Season,290,Empoli,1,1,Sampdoria,234,Stadio Carlo Castellani,Michael Fabbri
3879777,2016-03-11,21:45:00.000,29,12,Serie A,27,2015/2016,Regular Season,224,Juventus,1,0,Sassuolo,232,Allianz Stadium    	,Domenico Celi
3879774,2016-03-06,21:45:00.000,28,12,Serie A,27,2015/2016,Regular Season,238,Inter Milan,3,1,Palermo,2256,Stadio Giuseppe Meazza    ,Carmine Russo
3879776,2016-03-06,16:00:00.000,28,12,Serie A,27,2015/2016,Regular Season,240,Bologna,0,0,Carpi,1683,Stadio Renato Dall''Ara,Paolo Silvio Mazzoleni
3879771,2016-03-06,16:00:00.000,28,12,Serie A,27,2015/2016,Regular Season,232,Sassuolo,2,0,AC Milan,243,MAPEI Stadium - Città del Tricolore,Piero Giacomelli
3879772,2016-03-06,13:30:00.000,28,12,Serie A,27,2015/2016,Regular Season,241,Torino,1,1,Lazio,236,Stadio Olimpico Grande Torino,Davide Massa
3879756,2016-02-22,22:00:00.000,26,12,Serie A,27,2015/2016,Regular Season,227,Napoli,1,1,AC Milan,243,Stadio Diego Armando Maradona,Luca Banti
3879754,2016-02-21,16:00:00.000,26,12,Serie A,27,2015/2016,Regular Season,241,Torino,0,0,Carpi,1683,Stadio Olimpico Grande Torino,Claudio Gavillucci
3879748,2016-02-20,19:00:00.000,26,12,Serie A,27,2015/2016,Regular Season,226,Hellas Verona,3,1,Chievo,231,Stadio Marc'Antonio Bentegodi,Marco Guida
3879749,2016-02-20,21:45:00.000,26,12,Serie A,27,2015/2016,Regular Season,238,Inter Milan,3,1,Sampdoria,234,Stadio Giuseppe Meazza    ,Davide Massa
3879747,2016-02-19,21:45:00.000,26,12,Serie A,27,2015/2016,Regular Season,240,Bologna,0,0,Juventus,224,Stadio Renato Dall''Ara,Massimiliano Irrati
3879742,2016-02-14,13:30:00.000,25,12,Serie A,27,2015/2016,Regular Season,243,AC Milan,2,1,Genoa,233,Stadio Giuseppe Meazza    ,Gianpaolo Calvarese	
3879746,2016-02-14,21:45:00.000,25,12,Serie A,27,2015/2016,Regular Season,239,Fiorentina,2,1,Inter Milan,238,Stadio Artemio Franchi    	,Paolo Silvio Mazzoleni
3879744,2016-02-14,16:00:00.000,25,12,Serie A,27,2015/2016,Regular Season,234,Sampdoria,0,0,Atalanta,228,Stadio Comunale Luigi Ferraris,Antonio Damato
3879745,2016-02-14,16:00:00.000,25,12,Serie A,27,2015/2016,Regular Season,2256,Palermo,1,3,Torino,241,Stadio Renzo Barbera,Angelo Cervellera
3879743,2016-02-14,16:00:00.000,25,12,Serie A,27,2015/2016,Regular Season,230,Udinese,0,1,Bologna,240,Stadio Friuli,Carmine Russo
3879739,2016-02-13,21:45:00.000,25,12,Serie A,27,2015/2016,Regular Season,224,Juventus,1,0,Napoli,227,Allianz Stadium    	,Daniele Orsato
3879741,2016-02-13,19:00:00.000,25,12,Serie A,27,2015/2016,Regular Season,231,Chievo,1,1,Sassuolo,232,Stadio Marc'Antonio Bentegodi,Davide Ghersini
3879740,2016-02-13,16:00:00.000,25,12,Serie A,27,2015/2016,Regular Season,290,Empoli,1,2,Frosinone,291,Stadio Carlo Castellani,Marco Di Bello
3879738,2016-02-12,21:45:00.000,25,12,Serie A,27,2015/2016,Regular Season,1683,Carpi,1,3,AS Roma,229,Stadio Alberto Braglia (Modena),Paolo Tagliavento
3879737,2016-02-11,21:45:00.000,25,12,Serie A,27,2015/2016,Regular Season,236,Lazio,5,2,Hellas Verona,226,Estadio Olímpico,Andrea Gervasoni
3879732,2016-02-07,16:00:00.000,24,12,Serie A,27,2015/2016,Regular Season,241,Torino,1,2,Chievo,231,Stadio Olimpico Grande Torino,Gianluca Rocchi
3879707,2016-01-30,21:45:00.000,22,12,Serie A,27,2015/2016,Regular Season,229,AS Roma,3,1,Frosinone,291,Estadio Olímpico,Marco Guida
3879702,2016-01-24,16:00:00.000,21,12,Serie A,27,2015/2016,Regular Season,226,Hellas Verona,1,1,Genoa,233,Stadio Marc'Antonio Bentegodi,Gianluca Rocchi
3879704,2016-01-24,16:00:00.000,21,12,Serie A,27,2015/2016,Regular Season,238,Inter Milan,1,1,Carpi,1683,Stadio Giuseppe Meazza    ,Andrea Gervasoni
3879701,2016-01-24,21:45:00.000,21,12,Serie A,27,2015/2016,Regular Season,224,Juventus,1,0,AS Roma,229,Allianz Stadium    	,Luca Banti
3879700,2016-01-24,16:00:00.000,21,12,Serie A,27,2015/2016,Regular Season,2256,Palermo,4,1,Udinese,230,Stadio Renzo Barbera,Paolo Tagliavento
3879706,2016-01-24,13:30:00.000,21,12,Serie A,27,2015/2016,Regular Season,239,Fiorentina,2,0,Torino,241,Stadio Artemio Franchi    	,Paolo Silvio Mazzoleni
3878559,2015-08-30,20:45:00.000,2,12,Serie A,27,2015/2016,Regular Season,228,Atalanta,2,0,Frosinone,291,New Balance Arena,Domenico Celi
3879636,2015-11-30,20:00:00.000,14,12,Serie A,27,2015/2016,Regular Season,232,Sassuolo,1,1,Fiorentina,239,MAPEI Stadium - Città del Tricolore,Davide Massa
3879627,2015-11-28,19:00:00.000,14,12,Serie A,27,2015/2016,Regular Season,241,Torino,2,0,Bologna,240,Stadio Olimpico Grande Torino,Davide Ghersini
3879626,2015-11-22,21:45:00.000,13,12,Serie A,27,2015/2016,Regular Season,238,Inter Milan,4,0,Frosinone,291,Stadio Giuseppe Meazza    ,Marco Guida
3879625,2015-11-22,16:00:00.000,13,12,Serie A,27,2015/2016,Regular Season,230,Udinese,1,0,Sampdoria,234,Stadio Friuli,Marco Di Bello
3879624,2015-11-22,16:00:00.000,13,12,Serie A,27,2015/2016,Regular Season,236,Lazio,1,1,Palermo,2256,Estadio Olímpico,Domenico Celi
3879623,2015-11-22,16:00:00.000,13,12,Serie A,27,2015/2016,Regular Season,239,Fiorentina,2,2,Empoli,290,Stadio Artemio Franchi    	,Luca Banti
3879622,2015-11-22,16:00:00.000,13,12,Serie A,27,2015/2016,Regular Season,1683,Carpi,1,2,Chievo,231,Stadio Alberto Braglia (Modena),Fabio Maresca
3879621,2015-11-22,16:00:00.000,13,12,Serie A,27,2015/2016,Regular Season,228,Atalanta,0,1,Torino,241,New Balance Arena,Angelo Cervellera
3879620,2015-11-22,13:30:00.000,13,12,Serie A,27,2015/2016,Regular Season,226,Hellas Verona,0,2,Napoli,227,Stadio Marc'Antonio Bentegodi,Antonio Damato
3878611,2015-09-20,12:30:00.000,4,12,Serie A,27,2015/2016,Regular Season,231,Chievo,0,1,Inter Milan,238,Stadio Marc'Antonio Bentegodi,Paolo Tagliavento
3878610,2015-09-20,15:00:00.000,4,12,Serie A,27,2015/2016,Regular Season,228,Atalanta,1,1,Hellas Verona,226,New Balance Arena,Fabio Maresca
3878608,2015-09-20,15:00:00.000,4,12,Serie A,27,2015/2016,Regular Season,240,Bologna,1,0,Frosinone,291,Stadio Renato Dall''Ara,Daniele Orsato
3878607,2015-09-20,15:00:00.000,4,12,Serie A,27,2015/2016,Regular Season,229,AS Roma,2,2,Sassuolo,232,Estadio Olímpico,Davide Massa
3878606,2015-09-20,15:00:00.000,4,12,Serie A,27,2015/2016,Regular Season,241,Torino,2,0,Sampdoria,234,Stadio Olimpico Grande Torino,Piero Giacomelli
3878605,2015-09-20,18:00:00.000,4,12,Serie A,27,2015/2016,Regular Season,1683,Carpi,0,1,Fiorentina,239,Stadio Alberto Braglia (Modena),Marco Di Bello
3879876,2016-05-15,18:00:00.000,38,12,Serie A,27,2015/2016,Regular Season,233,Genoa,1,2,Atalanta,228,Stadio Comunale Luigi Ferraris,Gianluca Aureliano
3879875,2016-05-15,20:45:00.000,38,12,Serie A,27,2015/2016,Regular Season,2256,Palermo,3,2,Hellas Verona,226,Stadio Renzo Barbera,Massimiliano Irrati
3879874,2016-05-15,20:45:00.000,38,12,Serie A,27,2015/2016,Regular Season,236,Lazio,2,4,Fiorentina,239,Estadio Olímpico,Gianluca Manganiello
3879873,2016-05-15,18:00:00.000,38,12,Serie A,27,2015/2016,Regular Season,290,Empoli,2,1,Torino,241,Stadio Carlo Castellani,Francesco Paolo Saia
3879872,2016-05-15,18:00:00.000,38,12,Serie A,27,2015/2016,Regular Season,231,Chievo,0,0,Bologna,240,Stadio Marc'Antonio Bentegodi,Riccardo Ros
3879871,2016-05-15,20:45:00.000,38,12,Serie A,27,2015/2016,Regular Season,230,Udinese,1,2,Carpi,1683,Stadio Friuli,Paolo Silvio Mazzoleni
3879870,2016-05-14,17:00:00.000,38,12,Serie A,27,2015/2016,Regular Season,224,Juventus,5,0,Sampdoria,234,Allianz Stadium    	,Claudio Gavillucci
3879869,2016-05-14,20:45:00.000,38,12,Serie A,27,2015/2016,Regular Season,243,AC Milan,1,3,AS Roma,229,Stadio Giuseppe Meazza    ,Nicola Rizzoli
3879868,2016-05-14,20:45:00.000,38,12,Serie A,27,2015/2016,Regular Season,232,Sassuolo,3,1,Inter Milan,238,MAPEI Stadium - Città del Tricolore,Andrea Gervasoni
3879867,2016-05-14,20:45:00.000,38,12,Serie A,27,2015/2016,Regular Season,227,Napoli,4,0,Frosinone,291,Stadio Diego Armando Maradona,Domenico Celi
3879866,2016-05-08,12:30:00.000,37,12,Serie A,27,2015/2016,Regular Season,229,AS Roma,3,0,Chievo,231,Estadio Olímpico,Domenico Celi
3879865,2016-05-08,15:00:00.000,37,12,Serie A,27,2015/2016,Regular Season,234,Sampdoria,0,3,Genoa,233,Stadio Comunale Luigi Ferraris,Luca Banti
3879864,2016-05-08,20:45:00.000,37,12,Serie A,27,2015/2016,Regular Season,226,Hellas Verona,2,1,Juventus,224,Stadio Marc'Antonio Bentegodi,Fabio Maresca
3879861,2016-05-08,15:00:00.000,37,12,Serie A,27,2015/2016,Regular Season,291,Frosinone,0,1,Sassuolo,232,Stadio Comunale Matusa,Angelo Cervellera
3879860,2016-05-08,15:00:00.000,37,12,Serie A,27,2015/2016,Regular Season,239,Fiorentina,0,0,Palermo,2256,Stadio Artemio Franchi    	,Daniele Orsato
3879859,2016-05-08,15:00:00.000,37,12,Serie A,27,2015/2016,Regular Season,1683,Carpi,1,3,Lazio,236,Stadio Alberto Braglia (Modena),Gianluca Rocchi
3879858,2016-05-07,20:45:00.000,37,12,Serie A,27,2015/2016,Regular Season,240,Bologna,0,1,AC Milan,243,Stadio Renato Dall''Ara,Daniele Doveri
3879857,2016-05-07,18:00:00.000,37,12,Serie A,27,2015/2016,Regular Season,238,Inter Milan,2,1,Empoli,290,Stadio Giuseppe Meazza    ,Marco Di Bello
3879856,2016-05-02,19:00:00.000,36,12,Serie A,27,2015/2016,Regular Season,233,Genoa,2,3,AS Roma,229,Stadio Comunale Luigi Ferraris,Andrea Gervasoni
3879855,2016-05-02,21:00:00.000,36,12,Serie A,27,2015/2016,Regular Season,227,Napoli,2,1,Atalanta,228,Stadio Diego Armando Maradona,Piero Giacomelli
3879854,2016-05-01,15:00:00.000,36,12,Serie A,27,2015/2016,Regular Season,232,Sassuolo,1,0,Hellas Verona,226,MAPEI Stadium - Città del Tricolore,Claudio Gavillucci
3879853,2016-05-01,20:45:00.000,36,12,Serie A,27,2015/2016,Regular Season,236,Lazio,2,0,Inter Milan,238,Estadio Olímpico,Luca Banti
3879852,2016-05-01,15:00:00.000,36,12,Serie A,27,2015/2016,Regular Season,2256,Palermo,2,0,Sampdoria,234,Stadio Renzo Barbera,Paolo Silvio Mazzoleni
3879851,2016-05-01,15:00:00.000,36,12,Serie A,27,2015/2016,Regular Season,243,AC Milan,3,3,Frosinone,291,Stadio Giuseppe Meazza    ,Davide Massa
3879850,2016-05-01,12:30:00.000,36,12,Serie A,27,2015/2016,Regular Season,224,Juventus,2,0,Carpi,1683,Allianz Stadium    	,Massimiliano Irrati
3879849,2016-05-01,15:00:00.000,36,12,Serie A,27,2015/2016,Regular Season,290,Empoli,0,0,Bologna,240,Stadio Carlo Castellani,Daniele Chiffi
3879848,2016-04-30,20:45:00.000,36,12,Serie A,27,2015/2016,Regular Season,231,Chievo,0,0,Fiorentina,239,Stadio Marc'Antonio Bentegodi,Marco Guida
3879846,2016-04-25,17:00:00.000,35,12,Serie A,27,2015/2016,Regular Season,226,Hellas Verona,2,1,AC Milan,243,Stadio Marc'Antonio Bentegodi,Marco Di Bello
3879845,2016-04-25,15:00:00.000,35,12,Serie A,27,2015/2016,Regular Season,229,AS Roma,1,0,Napoli,227,Estadio Olímpico,Daniele Orsato
3879844,2016-04-25,19:00:00.000,35,12,Serie A,27,2015/2016,Regular Season,1683,Carpi,1,0,Empoli,290,Stadio Alberto Braglia (Modena),Paolo Valeri
3879843,2016-04-24,15:00:00.000,35,12,Serie A,27,2015/2016,Regular Season,241,Torino,1,3,Sassuolo,232,Stadio Olimpico Grande Torino,Michael Fabbri
3879842,2016-04-24,15:00:00.000,35,12,Serie A,27,2015/2016,Regular Season,228,Atalanta,1,0,Chievo,231,New Balance Arena,Angelo Cervellera
3879841,2016-04-24,12:30:00.000,35,12,Serie A,27,2015/2016,Regular Season,291,Frosinone,0,2,Palermo,2256,Stadio Comunale Matusa,Gianluca Rocchi
3879835,2016-04-20,20:45:00.000,34,12,Serie A,27,2015/2016,Regular Season,231,Chievo,5,1,Frosinone,291,Stadio Marc'Antonio Bentegodi,Carmine Russo
3879834,2016-04-20,20:45:00.000,34,12,Serie A,27,2015/2016,Regular Season,230,Udinese,2,1,Fiorentina,239,Stadio Friuli,Davide Massa
3879831,2016-04-20,18:30:00.000,34,12,Serie A,27,2015/2016,Regular Season,232,Sassuolo,0,0,Sampdoria,234,MAPEI Stadium - Città del Tricolore,Maurizio Mariani
3879829,2016-04-20,20:45:00.000,34,12,Serie A,27,2015/2016,Regular Season,290,Empoli,1,0,Hellas Verona,226,Stadio Carlo Castellani,Marco Serra
3879827,2016-04-19,20:45:00.000,34,12,Serie A,27,2015/2016,Regular Season,227,Napoli,6,0,Bologna,240,Stadio Diego Armando Maradona,Andrea Gervasoni
3879826,2016-04-17,15:00:00.000,33,12,Serie A,27,2015/2016,Regular Season,226,Hellas Verona,1,2,Frosinone,291,Stadio Marc'Antonio Bentegodi,Daniele Doveri
3879824,2016-04-17,20:45:00.000,33,12,Serie A,27,2015/2016,Regular Season,234,Sampdoria,0,1,AC Milan,243,Stadio Comunale Luigi Ferraris,Paolo Valeri
3879823,2016-04-17,12:30:00.000,33,12,Serie A,27,2015/2016,Regular Season,228,Atalanta,3,3,AS Roma,229,New Balance Arena,Massimiliano Irrati
3879822,2016-04-17,15:00:00.000,33,12,Serie A,27,2015/2016,Regular Season,230,Udinese,0,0,Chievo,231,Stadio Friuli,Claudio Gavillucci
3879821,2016-04-17,15:00:00.000,33,12,Serie A,27,2015/2016,Regular Season,239,Fiorentina,3,1,Sassuolo,232,Stadio Artemio Franchi    	,Luca Banti
3879820,2016-04-17,15:00:00.000,33,12,Serie A,27,2015/2016,Regular Season,224,Juventus,4,0,Palermo,2256,Allianz Stadium    	,Piero Giacomelli
3879818,2016-04-16,15:00:00.000,33,12,Serie A,27,2015/2016,Regular Season,240,Bologna,0,1,Torino,241,Stadio Renato Dall''Ara,Rosario Abisso
3879816,2016-04-11,20:45:00.000,32,12,Serie A,27,2015/2016,Regular Season,229,AS Roma,1,1,Bologna,240,Estadio Olímpico,Davide Massa
3879815,2016-04-10,15:00:00.000,32,12,Serie A,27,2015/2016,Regular Season,241,Torino,2,1,Atalanta,228,Stadio Olimpico Grande Torino,Marco Di Bello
3879814,2016-04-10,12:30:00.000,32,12,Serie A,27,2015/2016,Regular Season,290,Empoli,2,0,Fiorentina,239,Stadio Carlo Castellani,Antonio Damato
3879813,2016-04-10,15:00:00.000,32,12,Serie A,27,2015/2016,Regular Season,234,Sampdoria,2,0,Udinese,230,Stadio Comunale Luigi Ferraris,Carmine Russo
3879812,2016-04-10,20:45:00.000,32,12,Serie A,27,2015/2016,Regular Season,2256,Palermo,0,3,Lazio,236,Stadio Renzo Barbera,Andrea Gervasoni
3879811,2016-04-10,15:00:00.000,32,12,Serie A,27,2015/2016,Regular Season,227,Napoli,3,0,Hellas Verona,226,Stadio Diego Armando Maradona,Domenico Celi
3879810,2016-04-09,20:45:00.000,32,12,Serie A,27,2015/2016,Regular Season,243,AC Milan,1,2,Juventus,224,Stadio Giuseppe Meazza    ,Daniele Orsato
3879809,2016-04-09,18:00:00.000,32,12,Serie A,27,2015/2016,Regular Season,232,Sassuolo,0,1,Genoa,233,MAPEI Stadium - Città del Tricolore,Claudio Gavillucci
3879808,2016-04-09,15:00:00.000,32,12,Serie A,27,2015/2016,Regular Season,291,Frosinone,0,1,Inter Milan,238,Stadio Comunale Matusa,Paolo Tagliavento
3879807,2016-04-09,18:00:00.000,32,12,Serie A,27,2015/2016,Regular Season,231,Chievo,1,0,Carpi,1683,Stadio Marc'Antonio Bentegodi,Michael Fabbri
3879806,2016-04-04,20:45:00.000,31,12,Serie A,27,2015/2016,Regular Season,240,Bologna,0,1,Hellas Verona,226,Stadio Renato Dall''Ara,Davide Ghersini
3879805,2016-04-03,15:00:00.000,31,12,Serie A,27,2015/2016,Regular Season,228,Atalanta,2,1,AC Milan,243,New Balance Arena,Gianluca Rocchi
3879804,2016-04-03,15:00:00.000,31,12,Serie A,27,2015/2016,Regular Season,233,Genoa,4,0,Frosinone,291,Stadio Comunale Luigi Ferraris,Paolo Silvio Mazzoleni
3879803,2016-04-03,12:30:00.000,31,12,Serie A,27,2015/2016,Regular Season,230,Udinese,3,1,Napoli,227,Stadio Friuli,Massimiliano Irrati
3879802,2016-04-03,15:00:00.000,31,12,Serie A,27,2015/2016,Regular Season,231,Chievo,3,1,Palermo,2256,Stadio Marc'Antonio Bentegodi,Maurizio Mariani
3879801,2016-04-03,20:45:00.000,31,12,Serie A,27,2015/2016,Regular Season,238,Inter Milan,1,2,Torino,241,Stadio Giuseppe Meazza    ,Marco Guida
3879800,2016-04-03,15:00:00.000,31,12,Serie A,27,2015/2016,Regular Season,239,Fiorentina,1,1,Sampdoria,234,Stadio Artemio Franchi    	,Andrea Gervasoni
3879799,2016-04-03,15:00:00.000,31,12,Serie A,27,2015/2016,Regular Season,236,Lazio,1,4,AS Roma,229,Estadio Olímpico,Luca Banti
3879798,2016-04-02,20:45:00.000,31,12,Serie A,27,2015/2016,Regular Season,224,Juventus,1,0,Empoli,290,Allianz Stadium    	,Gianpaolo Calvarese	
3879797,2016-04-02,18:00:00.000,31,12,Serie A,27,2015/2016,Regular Season,1683,Carpi,1,3,Sassuolo,232,Stadio Alberto Braglia (Modena),Angelo Cervellera
3879796,2016-03-20,19:00:00.000,30,12,Serie A,27,2015/2016,Regular Season,227,Napoli,3,1,Genoa,233,Stadio Diego Armando Maradona,Andrea Gervasoni
3879793,2016-03-20,16:00:00.000,30,12,Serie A,27,2015/2016,Regular Season,232,Sassuolo,1,1,Udinese,230,MAPEI Stadium - Città del Tricolore,Marco Di Bello
3879791,2016-03-20,21:45:00.000,30,12,Serie A,27,2015/2016,Regular Season,243,AC Milan,1,1,Lazio,236,Stadio Giuseppe Meazza    ,Paolo Tagliavento
3879790,2016-03-20,16:00:00.000,30,12,Serie A,27,2015/2016,Regular Season,241,Torino,1,4,Juventus,224,Stadio Olimpico Grande Torino,Nicola Rizzoli
3879789,2016-03-20,16:00:00.000,30,12,Serie A,27,2015/2016,Regular Season,291,Frosinone,0,0,Fiorentina,239,Stadio Comunale Matusa,Paolo Valeri
3879775,2016-03-06,16:00:00.000,28,12,Serie A,27,2015/2016,Regular Season,233,Genoa,1,0,Empoli,290,Stadio Comunale Luigi Ferraris,Maurizio Mariani
3879770,2016-03-06,16:00:00.000,28,12,Serie A,27,2015/2016,Regular Season,228,Atalanta,0,2,Juventus,224,New Balance Arena,Paolo Valeri
3879769,2016-03-05,21:45:00.000,28,12,Serie A,27,2015/2016,Regular Season,227,Napoli,3,1,Chievo,231,Stadio Diego Armando Maradona,Marco Di Bello
3879768,2016-03-05,19:00:00.000,28,12,Serie A,27,2015/2016,Regular Season,226,Hellas Verona,0,3,Sampdoria,234,Stadio Marc'Antonio Bentegodi,Angelo Cervellera
3879767,2016-03-04,21:45:00.000,28,12,Serie A,27,2015/2016,Regular Season,229,AS Roma,4,1,Fiorentina,239,Estadio Olímpico,Massimiliano Irrati
3879766,2016-02-29,20:00:00.000,27,12,Serie A,27,2015/2016,Regular Season,236,Lazio,0,2,Sassuolo,232,Estadio Olímpico,Antonio Damato
3879765,2016-02-29,22:00:00.000,27,12,Serie A,27,2015/2016,Regular Season,239,Fiorentina,1,1,Napoli,227,Stadio Artemio Franchi    	,Paolo Tagliavento
3879764,2016-02-28,16:00:00.000,27,12,Serie A,27,2015/2016,Regular Season,231,Chievo,1,0,Genoa,233,Stadio Marc'Antonio Bentegodi,Michael Fabbri
3879763,2016-02-28,16:00:00.000,27,12,Serie A,27,2015/2016,Regular Season,234,Sampdoria,2,0,Frosinone,291,Stadio Comunale Luigi Ferraris,Daniele Orsato
3879762,2016-02-28,16:00:00.000,27,12,Serie A,27,2015/2016,Regular Season,230,Udinese,2,0,Hellas Verona,226,Stadio Friuli,Daniele Doveri
3879761,2016-02-28,16:00:00.000,27,12,Serie A,27,2015/2016,Regular Season,1683,Carpi,1,1,Atalanta,228,Stadio Alberto Braglia (Modena),Gianpaolo Calvarese	
3879760,2016-02-28,13:30:00.000,27,12,Serie A,27,2015/2016,Regular Season,2256,Palermo,0,0,Bologna,240,Stadio Renzo Barbera,Marco Di Bello
3879759,2016-02-28,21:45:00.000,27,12,Serie A,27,2015/2016,Regular Season,224,Juventus,2,0,Inter Milan,238,Allianz Stadium    	,Gianluca Rocchi
3879758,2016-02-27,21:45:00.000,27,12,Serie A,27,2015/2016,Regular Season,243,AC Milan,1,0,Torino,241,Stadio Giuseppe Meazza    ,Domenico Celi
3879757,2016-02-27,19:00:00.000,27,12,Serie A,27,2015/2016,Regular Season,290,Empoli,1,3,AS Roma,229,Stadio Carlo Castellani,Andrea Gervasoni
3879755,2016-02-21,19:00:00.000,26,12,Serie A,27,2015/2016,Regular Season,291,Frosinone,0,0,Lazio,236,Stadio Comunale Matusa,Carmine Russo
3879753,2016-02-21,16:00:00.000,26,12,Serie A,27,2015/2016,Regular Season,232,Sassuolo,3,2,Empoli,290,MAPEI Stadium - Città del Tricolore,Paolo Valeri
3879752,2016-02-21,16:00:00.000,26,12,Serie A,27,2015/2016,Regular Season,233,Genoa,2,1,Udinese,230,Stadio Comunale Luigi Ferraris,Andrea Gervasoni
3879751,2016-02-21,21:45:00.000,26,12,Serie A,27,2015/2016,Regular Season,229,AS Roma,5,0,Palermo,2256,Estadio Olímpico,Piero Giacomelli
3879736,2016-02-07,21:45:00.000,24,12,Serie A,27,2015/2016,Regular Season,229,AS Roma,2,1,Sampdoria,234,Estadio Olímpico,Domenico Celi
3879735,2016-02-07,19:00:00.000,24,12,Serie A,27,2015/2016,Regular Season,228,Atalanta,0,0,Empoli,290,New Balance Arena,Michael Fabbri
3879734,2016-02-07,16:00:00.000,24,12,Serie A,27,2015/2016,Regular Season,243,AC Milan,1,1,Udinese,230,Stadio Giuseppe Meazza    ,Massimiliano Irrati
3879733,2016-02-07,16:00:00.000,24,12,Serie A,27,2015/2016,Regular Season,291,Frosinone,0,2,Juventus,224,Stadio Comunale Matusa,Davide Massa
3879731,2016-02-07,16:00:00.000,24,12,Serie A,27,2015/2016,Regular Season,227,Napoli,1,0,Carpi,1683,Stadio Diego Armando Maradona,Daniele Doveri
3879730,2016-02-07,13:30:00.000,24,12,Serie A,27,2015/2016,Regular Season,226,Hellas Verona,3,3,Inter Milan,238,Stadio Marc'Antonio Bentegodi,Piero Giacomelli
3879729,2016-02-07,16:00:00.000,24,12,Serie A,27,2015/2016,Regular Season,232,Sassuolo,2,2,Palermo,2256,MAPEI Stadium - Città del Tricolore,Maurizio Mariani
3879728,2016-02-06,19:00:00.000,24,12,Serie A,27,2015/2016,Regular Season,240,Bologna,1,1,Fiorentina,239,Stadio Renato Dall''Ara,Luca Banti
3879727,2016-02-06,21:45:00.000,24,12,Serie A,27,2015/2016,Regular Season,233,Genoa,0,0,Lazio,236,Stadio Comunale Luigi Ferraris,Daniele Orsato
3879726,2016-02-03,21:45:00.000,23,12,Serie A,27,2015/2016,Regular Season,224,Juventus,1,0,Genoa,233,Allianz Stadium    	,Carmine Russo
3879725,2016-02-03,19:30:00.000,23,12,Serie A,27,2015/2016,Regular Season,291,Frosinone,1,0,Bologna,240,Stadio Comunale Matusa,Andrea Gervasoni
3879724,2016-02-03,21:45:00.000,23,12,Serie A,27,2015/2016,Regular Season,239,Fiorentina,2,1,Carpi,1683,Stadio Artemio Franchi    	,Angelo Cervellera
3879723,2016-02-03,21:45:00.000,23,12,Serie A,27,2015/2016,Regular Season,238,Inter Milan,1,0,Chievo,231,Stadio Giuseppe Meazza    ,Paolo Valeri
3879722,2016-02-03,21:45:00.000,23,12,Serie A,27,2015/2016,Regular Season,226,Hellas Verona,2,1,Atalanta,228,Stadio Marc'Antonio Bentegodi,Marco Di Bello
3879721,2016-02-03,21:45:00.000,23,12,Serie A,27,2015/2016,Regular Season,2256,Palermo,0,2,AC Milan,243,Stadio Renzo Barbera,Paolo Silvio Mazzoleni
3879720,2016-02-03,21:45:00.000,23,12,Serie A,27,2015/2016,Regular Season,236,Lazio,0,2,Napoli,227,Estadio Olímpico,Massimiliano Irrati
3879719,2016-02-03,21:45:00.000,23,12,Serie A,27,2015/2016,Regular Season,234,Sampdoria,2,2,Torino,241,Stadio Comunale Luigi Ferraris,Marco Guida
3879718,2016-02-03,21:45:00.000,23,12,Serie A,27,2015/2016,Regular Season,290,Empoli,1,1,Udinese,230,Stadio Carlo Castellani,Eugenio Abbattista
3879717,2016-02-02,21:45:00.000,23,12,Serie A,27,2015/2016,Regular Season,232,Sassuolo,0,2,AS Roma,229,MAPEI Stadium - Città del Tricolore,Gianpaolo Calvarese	
3879716,2016-01-31,16:00:00.000,22,12,Serie A,27,2015/2016,Regular Season,233,Genoa,0,0,Fiorentina,239,Stadio Comunale Luigi Ferraris,Piero Giacomelli
3879715,2016-01-31,16:00:00.000,22,12,Serie A,27,2015/2016,Regular Season,241,Torino,0,0,Hellas Verona,226,Stadio Olimpico Grande Torino,Maurizio Mariani
3879714,2016-01-31,16:00:00.000,22,12,Serie A,27,2015/2016,Regular Season,227,Napoli,5,1,Empoli,290,Stadio Diego Armando Maradona,Davide Massa
3879713,2016-01-31,13:30:00.000,22,12,Serie A,27,2015/2016,Regular Season,231,Chievo,0,4,Juventus,224,Stadio Marc'Antonio Bentegodi,Daniele Doveri
3879712,2016-01-31,21:45:00.000,22,12,Serie A,27,2015/2016,Regular Season,243,AC Milan,3,0,Inter Milan,238,Stadio Giuseppe Meazza    ,Antonio Damato
3879711,2016-01-31,16:00:00.000,22,12,Serie A,27,2015/2016,Regular Season,230,Udinese,0,0,Lazio,236,Stadio Friuli,Domenico Celi
3879710,2016-01-31,16:00:00.000,22,12,Serie A,27,2015/2016,Regular Season,240,Bologna,3,2,Sampdoria,234,Stadio Renato Dall''Ara,Michael Fabbri
3879709,2016-01-30,16:00:00.000,22,12,Serie A,27,2015/2016,Regular Season,1683,Carpi,1,1,Palermo,2256,Stadio Alberto Braglia (Modena),Nicola Rizzoli
3879708,2016-01-30,19:00:00.000,22,12,Serie A,27,2015/2016,Regular Season,228,Atalanta,1,1,Sassuolo,232,New Balance Arena,Claudio Gavillucci
3879698,2016-01-23,21:45:00.000,21,12,Serie A,27,2015/2016,Regular Season,290,Empoli,2,2,AC Milan,243,Stadio Carlo Castellani,Carmine Russo
3879697,2016-01-23,19:00:00.000,21,12,Serie A,27,2015/2016,Regular Season,291,Frosinone,0,0,Atalanta,228,Stadio Comunale Matusa,Paolo Valeri
3879696,2016-01-20,21:45:00.000,16,12,Serie A,27,2015/2016,Regular Season,232,Sassuolo,1,1,Torino,241,MAPEI Stadium - Città del Tricolore,Domenico Celi
3879695,2016-01-17,13:30:00.000,20,12,Serie A,27,2015/2016,Regular Season,233,Genoa,4,0,Palermo,2256,Stadio Comunale Luigi Ferraris,Domenico Celi
3879694,2016-01-17,16:00:00.000,20,12,Serie A,27,2015/2016,Regular Season,240,Bologna,2,2,Lazio,236,Stadio Renato Dall''Ara,Marco Di Bello
3879693,2016-01-17,16:00:00.000,20,12,Serie A,27,2015/2016,Regular Season,230,Udinese,0,4,Juventus,224,Stadio Friuli,Gianluca Rocchi
3879692,2016-01-17,16:00:00.000,20,12,Serie A,27,2015/2016,Regular Season,231,Chievo,1,1,Empoli,290,Stadio Marc'Antonio Bentegodi,Rosario Abisso
3879691,2016-01-17,16:00:00.000,20,12,Serie A,27,2015/2016,Regular Season,229,AS Roma,1,1,Hellas Verona,226,Estadio Olímpico,Davide Massa
3879690,2016-01-17,21:45:00.000,20,12,Serie A,27,2015/2016,Regular Season,243,AC Milan,2,0,Fiorentina,239,Stadio Giuseppe Meazza    ,Daniele Doveri
3879689,2016-01-17,16:00:00.000,20,12,Serie A,27,2015/2016,Regular Season,1683,Carpi,2,1,Sampdoria,234,Stadio Alberto Braglia (Modena),Maurizio Mariani
3879688,2016-01-16,16:00:00.000,20,12,Serie A,27,2015/2016,Regular Season,228,Atalanta,1,1,Inter Milan,238,New Balance Arena,Nicola Rizzoli
3879687,2016-01-16,19:00:00.000,20,12,Serie A,27,2015/2016,Regular Season,241,Torino,4,2,Frosinone,291,Stadio Olimpico Grande Torino,Massimiliano Irrati
3879686,2016-01-16,21:45:00.000,20,12,Serie A,27,2015/2016,Regular Season,227,Napoli,3,1,Sassuolo,232,Stadio Diego Armando Maradona,Piero Giacomelli
3879685,2016-01-10,16:00:00.000,19,12,Serie A,27,2015/2016,Regular Season,228,Atalanta,0,2,Genoa,233,New Balance Arena,Marco Guida
3879684,2016-01-10,21:45:00.000,19,12,Serie A,27,2015/2016,Regular Season,234,Sampdoria,1,2,Juventus,224,Stadio Comunale Luigi Ferraris,Paolo Silvio Mazzoleni
3879683,2016-01-10,16:00:00.000,19,12,Serie A,27,2015/2016,Regular Season,226,Hellas Verona,0,1,Palermo,2256,Stadio Marc'Antonio Bentegodi,Luca Banti
3879682,2016-01-10,16:00:00.000,19,12,Serie A,27,2015/2016,Regular Season,241,Torino,0,1,Empoli,290,Stadio Olimpico Grande Torino,Andrea Gervasoni
3879681,2016-01-10,13:30:00.000,19,12,Serie A,27,2015/2016,Regular Season,238,Inter Milan,0,1,Sassuolo,232,Stadio Giuseppe Meazza    ,Daniele Doveri
3879680,2016-01-10,16:00:00.000,19,12,Serie A,27,2015/2016,Regular Season,240,Bologna,0,1,Chievo,231,Stadio Renato Dall''Ara,Claudio Gavillucci
3879679,2016-01-10,16:00:00.000,19,12,Serie A,27,2015/2016,Regular Season,291,Frosinone,1,5,Napoli,227,Stadio Comunale Matusa,Paolo Tagliavento
3879678,2016-01-09,16:00:00.000,19,12,Serie A,27,2015/2016,Regular Season,1683,Carpi,2,1,Udinese,230,Stadio Alberto Braglia (Modena),Michael Fabbri
3879677,2016-01-09,19:00:00.000,19,12,Serie A,27,2015/2016,Regular Season,239,Fiorentina,1,3,Lazio,236,Stadio Artemio Franchi    	,Nicola Rizzoli
3879676,2016-01-09,21:45:00.000,19,12,Serie A,27,2015/2016,Regular Season,229,AS Roma,1,1,AC Milan,243,Estadio Olímpico,Daniele Orsato
3879675,2016-01-06,16:00:00.000,18,12,Serie A,27,2015/2016,Regular Season,236,Lazio,0,0,Carpi,1683,Estadio Olímpico,Carmine Russo
3879674,2016-01-06,16:00:00.000,18,12,Serie A,27,2015/2016,Regular Season,243,AC Milan,0,1,Bologna,240,Stadio Giuseppe Meazza    ,Davide Massa
3879673,2016-01-06,13:30:00.000,18,12,Serie A,27,2015/2016,Regular Season,230,Udinese,2,1,Atalanta,228,Stadio Friuli,Angelo Cervellera
3879672,2016-01-06,16:00:00.000,18,12,Serie A,27,2015/2016,Regular Season,231,Chievo,3,3,AS Roma,229,Stadio Marc'Antonio Bentegodi,Massimiliano Irrati
3879671,2016-01-06,16:00:00.000,18,12,Serie A,27,2015/2016,Regular Season,2256,Palermo,1,3,Fiorentina,239,Stadio Renzo Barbera,Antonio Damato
3879670,2016-01-06,16:00:00.000,18,12,Serie A,27,2015/2016,Regular Season,224,Juventus,3,0,Hellas Verona,226,Allianz Stadium    	,Gianpaolo Calvarese	
3879669,2016-01-06,21:45:00.000,18,12,Serie A,27,2015/2016,Regular Season,227,Napoli,2,1,Torino,241,Stadio Diego Armando Maradona,Marco Di Bello
3879668,2016-01-06,19:00:00.000,18,12,Serie A,27,2015/2016,Regular Season,290,Empoli,0,1,Inter Milan,238,Stadio Carlo Castellani,Domenico Celi
3879667,2016-01-06,16:00:00.000,18,12,Serie A,27,2015/2016,Regular Season,232,Sassuolo,2,2,Frosinone,291,MAPEI Stadium - Città del Tricolore,Luca Pairetto
3879666,2016-01-05,21:45:00.000,18,12,Serie A,27,2015/2016,Regular Season,233,Genoa,2,3,Sampdoria,234,Stadio Comunale Luigi Ferraris,Paolo Valeri
3879662,2015-12-20,16:00:00.000,17,12,Serie A,27,2015/2016,Regular Season,239,Fiorentina,2,0,Chievo,231,Stadio Artemio Franchi    	,Paolo Tagliavento
3879661,2015-12-20,16:00:00.000,17,12,Serie A,27,2015/2016,Regular Season,228,Atalanta,1,3,Napoli,227,New Balance Arena,Gianluca Rocchi
3879660,2015-12-20,13:30:00.000,17,12,Serie A,27,2015/2016,Regular Season,1683,Carpi,2,3,Juventus,224,Stadio Alberto Braglia (Modena),Piero Giacomelli
3879659,2015-12-20,21:45:00.000,17,12,Serie A,27,2015/2016,Regular Season,238,Inter Milan,1,2,Lazio,236,Stadio Giuseppe Meazza    ,Paolo Silvio Mazzoleni
3879658,2015-12-20,19:00:00.000,17,12,Serie A,27,2015/2016,Regular Season,241,Torino,0,1,Udinese,230,Stadio Olimpico Grande Torino,Claudio Gavillucci
3879657,2015-12-20,16:00:00.000,17,12,Serie A,27,2015/2016,Regular Season,229,AS Roma,2,0,Genoa,233,Estadio Olímpico,Andrea Gervasoni
3879656,2015-12-19,21:45:00.000,17,12,Serie A,27,2015/2016,Regular Season,240,Bologna,2,3,Empoli,290,Stadio Renato Dall''Ara,Maurizio Mariani
3879655,2015-12-14,21:45:00.000,16,12,Serie A,27,2015/2016,Regular Season,236,Lazio,1,1,Sampdoria,234,Estadio Olímpico,Gianpaolo Calvarese	
3879654,2015-12-13,16:00:00.000,16,12,Serie A,27,2015/2016,Regular Season,231,Chievo,1,0,Atalanta,228,Stadio Marc'Antonio Bentegodi,Fabrizio Pasqua
3879652,2015-12-13,16:00:00.000,16,12,Serie A,27,2015/2016,Regular Season,243,AC Milan,1,1,Hellas Verona,226,Stadio Giuseppe Meazza    ,Paolo Valeri
3879651,2015-12-13,19:00:00.000,16,12,Serie A,27,2015/2016,Regular Season,227,Napoli,0,0,AS Roma,229,Stadio Diego Armando Maradona,Nicola Rizzoli
3879650,2015-12-13,16:00:00.000,16,12,Serie A,27,2015/2016,Regular Season,290,Empoli,3,0,Carpi,1683,Stadio Carlo Castellani,Angelo Cervellera
3879649,2015-12-12,19:00:00.000,16,12,Serie A,27,2015/2016,Regular Season,2256,Palermo,4,1,Frosinone,291,Stadio Renzo Barbera,Daniele Doveri
3879648,2015-12-12,21:45:00.000,16,12,Serie A,27,2015/2016,Regular Season,230,Udinese,0,4,Inter Milan,238,Stadio Friuli,Davide Massa
3879647,2015-12-12,16:00:00.000,16,12,Serie A,27,2015/2016,Regular Season,233,Genoa,0,1,Bologna,240,Stadio Comunale Luigi Ferraris,Marco Di Bello
3879646,2015-12-06,16:00:00.000,15,12,Serie A,27,2015/2016,Regular Season,239,Fiorentina,3,0,Udinese,230,Stadio Artemio Franchi    	,Marco Guida
3879644,2015-12-06,16:00:00.000,15,12,Serie A,27,2015/2016,Regular Season,228,Atalanta,3,0,Palermo,2256,New Balance Arena,Carmine Russo
3879643,2015-12-06,19:00:00.000,15,12,Serie A,27,2015/2016,Regular Season,234,Sampdoria,1,3,Sassuolo,232,Stadio Comunale Luigi Ferraris,Maurizio Mariani
3879642,2015-12-06,21:45:00.000,15,12,Serie A,27,2015/2016,Regular Season,1683,Carpi,0,0,AC Milan,243,Stadio Alberto Braglia (Modena),Massimiliano Irrati
3879641,2015-12-06,16:00:00.000,15,12,Serie A,27,2015/2016,Regular Season,226,Hellas Verona,0,1,Empoli,290,Stadio Marc'Antonio Bentegodi,Paolo Tagliavento
3879640,2015-12-06,16:00:00.000,15,12,Serie A,27,2015/2016,Regular Season,291,Frosinone,0,2,Chievo,231,Stadio Comunale Matusa,Gianluca Rocchi
3879639,2015-12-05,16:00:00.000,15,12,Serie A,27,2015/2016,Regular Season,241,Torino,1,1,AS Roma,229,Stadio Olimpico Grande Torino,Antonio Damato
3879638,2015-12-05,21:45:00.000,15,12,Serie A,27,2015/2016,Regular Season,238,Inter Milan,1,0,Genoa,233,Stadio Giuseppe Meazza    ,Piero Giacomelli
3879637,2015-12-04,21:45:00.000,15,12,Serie A,27,2015/2016,Regular Season,236,Lazio,0,2,Juventus,224,Estadio Olímpico,Luca Banti
3879635,2015-11-30,22:00:00.000,14,12,Serie A,27,2015/2016,Regular Season,227,Napoli,2,1,Inter Milan,238,Stadio Diego Armando Maradona,Daniele Orsato
3879634,2015-11-29,16:00:00.000,14,12,Serie A,27,2015/2016,Regular Season,233,Genoa,1,2,Carpi,1683,Stadio Comunale Luigi Ferraris,Claudio Gavillucci
3879633,2015-11-29,19:00:00.000,14,12,Serie A,27,2015/2016,Regular Season,290,Empoli,1,0,Lazio,236,Stadio Carlo Castellani,Michael Fabbri
3879631,2015-11-29,16:00:00.000,14,12,Serie A,27,2015/2016,Regular Season,231,Chievo,2,3,Udinese,230,Stadio Marc'Antonio Bentegodi,Andrea Gervasoni
3879630,2015-11-29,21:45:00.000,14,12,Serie A,27,2015/2016,Regular Season,2256,Palermo,0,3,Juventus,224,Stadio Renzo Barbera,Paolo Valeri
3879629,2015-11-29,16:00:00.000,14,12,Serie A,27,2015/2016,Regular Season,291,Frosinone,3,2,Hellas Verona,226,Stadio Comunale Matusa,Nicola Rizzoli
3879619,2015-11-22,16:00:00.000,13,12,Serie A,27,2015/2016,Regular Season,233,Genoa,2,1,Sassuolo,232,Stadio Comunale Luigi Ferraris,Nicola Rizzoli
3879618,2015-11-21,21:45:00.000,13,12,Serie A,27,2015/2016,Regular Season,224,Juventus,1,0,AC Milan,243,Allianz Stadium    	,Paolo Silvio Mazzoleni
3879617,2015-11-21,19:00:00.000,13,12,Serie A,27,2015/2016,Regular Season,240,Bologna,2,2,AS Roma,229,Stadio Renato Dall''Ara,Gianluca Rocchi
3879616,2015-11-08,21:45:00.000,12,12,Serie A,27,2015/2016,Regular Season,234,Sampdoria,0,2,Fiorentina,239,Stadio Comunale Luigi Ferraris,Carmine Russo
3879615,2015-11-08,16:00:00.000,12,12,Serie A,27,2015/2016,Regular Season,232,Sassuolo,1,0,Carpi,1683,MAPEI Stadium - Città del Tricolore,Paolo Valeri
3879614,2015-11-08,13:30:00.000,12,12,Serie A,27,2015/2016,Regular Season,241,Torino,0,1,Inter Milan,238,Stadio Olimpico Grande Torino,Massimiliano Irrati
3879613,2015-11-08,16:00:00.000,12,12,Serie A,27,2015/2016,Regular Season,290,Empoli,1,3,Juventus,224,Stadio Carlo Castellani,Davide Massa
3879612,2015-11-08,16:00:00.000,12,12,Serie A,27,2015/2016,Regular Season,291,Frosinone,2,2,Genoa,233,Stadio Comunale Matusa,Gianpaolo Calvarese	
3879611,2015-11-08,16:00:00.000,12,12,Serie A,27,2015/2016,Regular Season,2256,Palermo,1,0,Chievo,231,Stadio Renzo Barbera,Maurizio Mariani
3879610,2015-11-08,16:00:00.000,12,12,Serie A,27,2015/2016,Regular Season,229,AS Roma,2,0,Lazio,236,Estadio Olímpico,Paolo Tagliavento
3879607,2015-11-07,21:45:00.000,12,12,Serie A,27,2015/2016,Regular Season,243,AC Milan,0,0,Atalanta,228,Stadio Giuseppe Meazza    ,Piero Giacomelli
3879606,2015-11-02,20:00:00.000,11,12,Serie A,27,2015/2016,Regular Season,231,Chievo,1,1,Sampdoria,234,Stadio Marc'Antonio Bentegodi,Claudio Gavillucci
3879605,2015-11-02,22:00:00.000,11,12,Serie A,27,2015/2016,Regular Season,2256,Palermo,0,1,Empoli,290,Stadio Renzo Barbera,Marco Di Bello
3879604,2015-11-01,16:00:00.000,11,12,Serie A,27,2015/2016,Regular Season,233,Genoa,0,0,Napoli,227,Stadio Comunale Luigi Ferraris,Daniele Doveri
3879603,2015-11-01,16:00:00.000,11,12,Serie A,27,2015/2016,Regular Season,230,Udinese,0,0,Sassuolo,232,Stadio Friuli,Federico La Penna
3879602,2015-11-01,13:30:00.000,11,12,Serie A,27,2015/2016,Regular Season,239,Fiorentina,4,1,Frosinone,291,Stadio Artemio Franchi    	,Michael Fabbri
3879601,2015-11-01,16:00:00.000,11,12,Serie A,27,2015/2016,Regular Season,240,Bologna,3,0,Atalanta,228,Stadio Renato Dall''Ara,Marco Guida
3879599,2015-11-01,21:45:00.000,11,12,Serie A,27,2015/2016,Regular Season,236,Lazio,1,3,AC Milan,243,Estadio Olímpico,Antonio Damato
3879598,2015-10-31,21:45:00.000,11,12,Serie A,27,2015/2016,Regular Season,238,Inter Milan,1,0,AS Roma,229,Stadio Giuseppe Meazza    ,Nicola Rizzoli
3879597,2015-10-31,19:00:00.000,11,12,Serie A,27,2015/2016,Regular Season,224,Juventus,2,1,Torino,241,Allianz Stadium    	,Gianluca Rocchi
3879596,2015-10-29,21:45:00.000,10,12,Serie A,27,2015/2016,Regular Season,234,Sampdoria,1,1,Empoli,290,Stadio Comunale Luigi Ferraris,Angelo Cervellera
3879595,2015-10-28,19:45:00.000,10,12,Serie A,27,2015/2016,Regular Season,226,Hellas Verona,0,2,Fiorentina,239,Stadio Marc'Antonio Bentegodi,Paolo Valeri
3879594,2015-10-28,21:45:00.000,10,12,Serie A,27,2015/2016,Regular Season,243,AC Milan,1,0,Chievo,231,Stadio Giuseppe Meazza    ,Gianpaolo Calvarese	
3879593,2015-10-28,21:45:00.000,10,12,Serie A,27,2015/2016,Regular Season,227,Napoli,2,0,Palermo,2256,Stadio Diego Armando Maradona,Piero Giacomelli
3879592,2015-10-28,21:45:00.000,10,12,Serie A,27,2015/2016,Regular Season,229,AS Roma,3,1,Udinese,230,Estadio Olímpico,Carmine Russo
3879591,2015-10-28,21:45:00.000,10,12,Serie A,27,2015/2016,Regular Season,232,Sassuolo,1,0,Juventus,224,MAPEI Stadium - Città del Tricolore,Andrea Gervasoni
3879590,2015-10-28,21:45:00.000,10,12,Serie A,27,2015/2016,Regular Season,241,Torino,3,3,Genoa,233,Stadio Olimpico Grande Torino,Daniele Chiffi
3879589,2015-10-28,21:45:00.000,10,12,Serie A,27,2015/2016,Regular Season,291,Frosinone,2,1,Carpi,1683,Stadio Comunale Matusa,Antonio Damato
3879588,2015-10-28,21:45:00.000,10,12,Serie A,27,2015/2016,Regular Season,228,Atalanta,2,1,Lazio,236,New Balance Arena,Massimiliano Irrati
3879586,2015-10-25,10:30:00.000,9,12,Serie A,27,2015/2016,Regular Season,234,Sampdoria,4,1,Hellas Verona,226,Stadio Comunale Luigi Ferraris,Maurizio Mariani
3879584,2015-10-25,15:00:00.000,9,12,Serie A,27,2015/2016,Regular Season,230,Udinese,1,0,Frosinone,291,Stadio Friuli,Nicola Rizzoli
3879583,2015-10-25,18:00:00.000,9,12,Serie A,27,2015/2016,Regular Season,239,Fiorentina,1,2,AS Roma,229,Stadio Artemio Franchi    	,Daniele Orsato
3879581,2015-10-25,20:45:00.000,9,12,Serie A,27,2015/2016,Regular Season,231,Chievo,0,1,Napoli,227,Stadio Marc'Antonio Bentegodi,Davide Massa
3879580,2015-10-25,15:00:00.000,9,12,Serie A,27,2015/2016,Regular Season,224,Juventus,2,0,Atalanta,228,Allianz Stadium    	,Marco Di Bello
3879578,2015-10-24,18:00:00.000,9,12,Serie A,27,2015/2016,Regular Season,1683,Carpi,1,2,Bologna,240,Stadio Alberto Braglia (Modena),Paolo Tagliavento
3879577,2015-10-24,15:00:00.000,9,12,Serie A,27,2015/2016,Regular Season,290,Empoli,2,0,Genoa,233,Stadio Carlo Castellani,Domenico Celi
3879576,2015-10-18,15:00:00.000,8,12,Serie A,27,2015/2016,Regular Season,291,Frosinone,2,0,Sampdoria,234,Stadio Comunale Matusa,Massimiliano Irrati
3879574,2015-10-18,20:45:00.000,8,12,Serie A,27,2015/2016,Regular Season,238,Inter Milan,0,0,Juventus,224,Stadio Giuseppe Meazza    ,Paolo Valeri
3879573,2015-10-18,15:00:00.000,8,12,Serie A,27,2015/2016,Regular Season,232,Sassuolo,2,1,Lazio,236,MAPEI Stadium - Città del Tricolore,Marco Guida
3879572,2015-10-18,15:00:00.000,8,12,Serie A,27,2015/2016,Regular Season,227,Napoli,2,1,Fiorentina,239,Stadio Diego Armando Maradona,Luca Banti
3879571,2015-10-18,15:00:00.000,8,12,Serie A,27,2015/2016,Regular Season,228,Atalanta,3,0,Carpi,1683,New Balance Arena,Fabrizio Pasqua
3879570,2015-10-18,15:00:00.000,8,12,Serie A,27,2015/2016,Regular Season,233,Genoa,3,2,Chievo,231,Stadio Comunale Luigi Ferraris,Paolo Silvio Mazzoleni
3879569,2015-10-18,12:30:00.000,8,12,Serie A,27,2015/2016,Regular Season,240,Bologna,0,1,Palermo,2256,Stadio Renato Dall''Ara,Michael Fabbri
3879568,2015-10-17,20:45:00.000,8,12,Serie A,27,2015/2016,Regular Season,241,Torino,1,1,AC Milan,243,Stadio Olimpico Grande Torino,Andrea Gervasoni
3879565,2015-10-04,15:00:00.000,7,12,Serie A,27,2015/2016,Regular Season,234,Sampdoria,1,1,Inter Milan,238,Stadio Comunale Luigi Ferraris,Gianluca Rocchi
3879563,2015-10-04,12:30:00.000,7,12,Serie A,27,2015/2016,Regular Season,290,Empoli,1,0,Sassuolo,232,Stadio Carlo Castellani,Gianpaolo Calvarese	
3879561,2015-10-04,20:45:00.000,7,12,Serie A,27,2015/2016,Regular Season,239,Fiorentina,3,0,Atalanta,228,Stadio Artemio Franchi    	,Davide Massa
3879560,2015-10-04,18:00:00.000,7,12,Serie A,27,2015/2016,Regular Season,236,Lazio,2,0,Frosinone,291,Estadio Olímpico,Marco Di Bello
3879559,2015-10-04,18:00:00.000,7,12,Serie A,27,2015/2016,Regular Season,224,Juventus,3,1,Bologna,240,Allianz Stadium    	,Domenico Celi
3879558,2015-10-03,18:00:00.000,7,12,Serie A,27,2015/2016,Regular Season,1683,Carpi,2,1,Torino,241,Stadio Alberto Braglia (Modena),Carmine Russo
3879555,2015-09-28,21:00:00.000,6,12,Serie A,27,2015/2016,Regular Season,228,Atalanta,2,1,Sampdoria,234,New Balance Arena,Paolo Valeri
3879554,2015-09-27,15:00:00.000,6,12,Serie A,27,2015/2016,Regular Season,241,Torino,2,1,Palermo,2256,Stadio Olimpico Grande Torino,Maurizio Mariani
3879553,2015-09-27,15:00:00.000,6,12,Serie A,27,2015/2016,Regular Season,232,Sassuolo,1,1,Chievo,231,MAPEI Stadium - Città del Tricolore,Michael Fabbri
3879552,2015-09-27,15:00:00.000,6,12,Serie A,27,2015/2016,Regular Season,240,Bologna,1,2,Udinese,230,Stadio Renato Dall''Ara,Andrea Gervasoni
3879550,2015-09-27,20:45:00.000,6,12,Serie A,27,2015/2016,Regular Season,238,Inter Milan,1,4,Fiorentina,239,Stadio Giuseppe Meazza    ,Antonio Damato
3879549,2015-09-27,12:30:00.000,6,12,Serie A,27,2015/2016,Regular Season,233,Genoa,1,0,AC Milan,243,Stadio Comunale Luigi Ferraris,Paolo Tagliavento
3879548,2015-09-26,20:45:00.000,6,12,Serie A,27,2015/2016,Regular Season,227,Napoli,2,1,Juventus,224,Stadio Diego Armando Maradona,Daniele Orsato
3879547,2015-09-26,18:00:00.000,6,12,Serie A,27,2015/2016,Regular Season,229,AS Roma,5,1,Carpi,1683,Estadio Olímpico,Massimiliano Irrati
3879546,2015-09-24,20:45:00.000,5,12,Serie A,27,2015/2016,Regular Season,290,Empoli,0,1,Atalanta,228,Stadio Carlo Castellani,Claudio Gavillucci
3879545,2015-09-23,20:45:00.000,5,12,Serie A,27,2015/2016,Regular Season,234,Sampdoria,2,1,AS Roma,229,Stadio Comunale Luigi Ferraris,Luca Banti
3879544,2015-09-23,20:45:00.000,5,12,Serie A,27,2015/2016,Regular Season,2256,Palermo,0,1,Sassuolo,232,Stadio Renzo Barbera,Luca Pairetto
3879543,2015-09-23,20:45:00.000,5,12,Serie A,27,2015/2016,Regular Season,224,Juventus,1,1,Frosinone,291,Allianz Stadium    	,Angelo Cervellera
3879541,2015-09-23,20:45:00.000,5,12,Serie A,27,2015/2016,Regular Season,239,Fiorentina,2,0,Bologna,240,Stadio Artemio Franchi    	,Gianpaolo Calvarese	
3879540,2015-09-23,20:45:00.000,5,12,Serie A,27,2015/2016,Regular Season,231,Chievo,1,0,Torino,241,Stadio Marc'Antonio Bentegodi,Domenico Celi
3879539,2015-09-23,20:45:00.000,5,12,Serie A,27,2015/2016,Regular Season,1683,Carpi,0,0,Napoli,227,Stadio Alberto Braglia (Modena),Gianluca Rocchi
3879538,2015-09-23,20:45:00.000,5,12,Serie A,27,2015/2016,Regular Season,236,Lazio,2,0,Genoa,233,Estadio Olímpico,Nicola Rizzoli
3879537,2015-09-22,20:45:00.000,5,12,Serie A,27,2015/2016,Regular Season,230,Udinese,2,3,AC Milan,243,Stadio Friuli,Daniele Doveri
3878609,2015-09-20,15:00:00.000,4,12,Serie A,27,2015/2016,Regular Season,233,Genoa,0,2,Juventus,224,Stadio Comunale Luigi Ferraris,Paolo Valeri
3878604,2015-09-20,20:45:00.000,4,12,Serie A,27,2015/2016,Regular Season,227,Napoli,5,0,Lazio,236,Stadio Diego Armando Maradona,Antonio Damato
3878603,2015-09-19,18:00:00.000,4,12,Serie A,27,2015/2016,Regular Season,230,Udinese,1,2,Empoli,290,Stadio Friuli,Michael Fabbri
3878602,2015-09-19,20:45:00.000,4,12,Serie A,27,2015/2016,Regular Season,243,AC Milan,3,2,Palermo,2256,Stadio Giuseppe Meazza    ,Carmine Russo
3878601,2015-09-14,20:45:00.000,3,12,Serie A,27,2015/2016,Regular Season,234,Sampdoria,2,0,Bologna,240,Stadio Comunale Luigi Ferraris,Angelo Cervellera
3878600,2015-09-13,20:45:00.000,3,12,Serie A,27,2015/2016,Regular Season,238,Inter Milan,1,0,AC Milan,243,Stadio Giuseppe Meazza    ,Gianluca Rocchi
3878599,2015-09-13,15:00:00.000,3,12,Serie A,27,2015/2016,Regular Season,232,Sassuolo,2,2,Atalanta,228,MAPEI Stadium - Città del Tricolore,Maurizio Mariani
3878598,2015-09-13,15:00:00.000,3,12,Serie A,27,2015/2016,Regular Season,2256,Palermo,2,2,Carpi,1683,Stadio Renzo Barbera,Claudio Gavillucci
3878597,2015-09-13,15:00:00.000,3,12,Serie A,27,2015/2016,Regular Season,290,Empoli,2,2,Napoli,227,Stadio Carlo Castellani,Luca Banti
3878596,2015-09-13,12:30:00.000,3,12,Serie A,27,2015/2016,Regular Season,226,Hellas Verona,2,2,Torino,241,Stadio Marc'Antonio Bentegodi,Massimiliano Irrati
3878595,2015-09-13,18:00:00.000,3,12,Serie A,27,2015/2016,Regular Season,236,Lazio,2,0,Udinese,230,Estadio Olímpico,Gianpaolo Calvarese	
3878594,2015-09-12,20:45:00.000,3,12,Serie A,27,2015/2016,Regular Season,224,Juventus,1,1,Chievo,231,Allianz Stadium    	,Marco Guida
3878593,2015-09-12,18:00:00.000,3,12,Serie A,27,2015/2016,Regular Season,291,Frosinone,0,2,AS Roma,229,Stadio Comunale Matusa,Andrea Gervasoni
3878592,2015-09-12,18:00:00.000,3,12,Serie A,27,2015/2016,Regular Season,239,Fiorentina,1,0,Genoa,233,Stadio Artemio Franchi    	,Daniele Doveri
3878558,2015-08-30,20:45:00.000,2,12,Serie A,27,2015/2016,Regular Season,227,Napoli,2,2,Sampdoria,234,Stadio Diego Armando Maradona,Andrea Gervasoni
3878557,2015-08-30,20:45:00.000,2,12,Serie A,27,2015/2016,Regular Season,230,Udinese,0,1,Palermo,2256,Stadio Friuli,Antonio Damato
3878556,2015-08-30,20:45:00.000,2,12,Serie A,27,2015/2016,Regular Season,241,Torino,3,1,Fiorentina,239,Stadio Olimpico Grande Torino,Paolo Tagliavento
3878555,2015-08-30,18:00:00.000,2,12,Serie A,27,2015/2016,Regular Season,229,AS Roma,2,1,Juventus,224,Estadio Olímpico,Nicola Rizzoli
3878554,2015-08-30,20:45:00.000,2,12,Serie A,27,2015/2016,Regular Season,233,Genoa,2,0,Hellas Verona,226,Stadio Comunale Luigi Ferraris,Daniele Orsato
3878553,2015-08-30,20:45:00.000,2,12,Serie A,27,2015/2016,Regular Season,231,Chievo,4,0,Lazio,236,Stadio Marc'Antonio Bentegodi,Marco Di Bello
3878552,2015-08-30,20:45:00.000,2,12,Serie A,27,2015/2016,Regular Season,1683,Carpi,1,2,Inter Milan,238,Stadio Alberto Braglia (Modena),Davide Massa
3878551,2015-08-29,20:45:00.000,2,12,Serie A,27,2015/2016,Regular Season,243,AC Milan,2,1,Empoli,290,Stadio Giuseppe Meazza    ,Piero Giacomelli
3878550,2015-08-29,18:00:00.000,2,12,Serie A,27,2015/2016,Regular Season,240,Bologna,0,1,Sassuolo,232,Stadio Renato Dall''Ara,Carmine Russo
3878549,2015-08-23,20:45:00.000,1,12,Serie A,27,2015/2016,Regular Season,290,Empoli,1,3,Chievo,231,Stadio Carlo Castellani,Maurizio Mariani
3878548,2015-08-23,18:00:00.000,1,12,Serie A,27,2015/2016,Regular Season,224,Juventus,0,1,Udinese,230,Allianz Stadium    	,Paolo Silvio Mazzoleni
3878547,2015-08-23,20:45:00.000,1,12,Serie A,27,2015/2016,Regular Season,291,Frosinone,1,2,Torino,241,Stadio Comunale Matusa,Luca Banti
3878546,2015-08-23,20:45:00.000,1,12,Serie A,27,2015/2016,Regular Season,232,Sassuolo,2,1,Napoli,227,MAPEI Stadium - Città del Tricolore,Daniele Doveri
3878545,2015-08-23,20:45:00.000,1,12,Serie A,27,2015/2016,Regular Season,234,Sampdoria,5,2,Carpi,1683,Stadio Comunale Luigi Ferraris,Michael Fabbri
3878544,2015-08-23,20:45:00.000,1,12,Serie A,27,2015/2016,Regular Season,2256,Palermo,1,0,Genoa,233,Stadio Renzo Barbera,Massimiliano Irrati
3878543,2015-08-23,20:45:00.000,1,12,Serie A,27,2015/2016,Regular Season,238,Inter Milan,1,0,Atalanta,228,Stadio Giuseppe Meazza    ,Gianpaolo Calvarese	
3878542,2015-08-23,20:45:00.000,1,12,Serie A,27,2015/2016,Regular Season,239,Fiorentina,2,0,AC Milan,243,Stadio Artemio Franchi    	,Paolo Valeri
3878540,2015-08-22,20:45:00.000,1,12,Serie A,27,2015/2016,Regular Season,236,Lazio,2,1,Bologna,240,Estadio Olímpico,Gianluca Rocchi
3889182,1986-11-09,11:00:00.000,9,12,Serie A,86,1986/1987,Regular Season,224,Juventus,1,3,Napoli,227,Allianz Stadium    	,Luigi Agnolin
3827336,2022-03-16,14:00:00.000,24,1238,Indian Super league,108,2021/2022,Play-offs - Semi-Finals,7282,Mohun Bagan Super Giant,1,0,SC Delhi,7289,GMC Athletic Stadium,Ramachandran Venkatesh
3813314,2021-11-19,14:00:00.000,1,1238,Indian Super league,108,2021/2022,Regular Season,7282,Mohun Bagan Super Giant,4,2,Kerala Blasters,7283,Pandit Jawaharlal Nehru Stadium,Harish Kundu
3817877,2022-02-18,16:00:00.000,18,1238,Indian Super league,108,2021/2022,Regular Season,7285,NorthEast United,2,1,Bengaluru,7284,Pandit Jawaharlal Nehru Stadium,Ramachandran Venkatesh
3827767,2022-03-20,16:00:00.000,25,1238,Indian Super league,108,2021/2022,Championship - Final,7289,SC Delhi,1,1,Kerala Blasters,7283,Pandit Jawaharlal Nehru Stadium,Crystal John
3827335,2022-03-15,16:00:00.000,24,1238,Indian Super league,108,2021/2022,Play-offs - Semi-Finals,7283,Kerala Blasters,1,1,Jamshedpur,2021,Tilak Maidan Stadium,Harish Kundu
3827338,2022-03-12,16:00:00.000,23,1238,Indian Super league,108,2021/2022,Play-offs - Semi-Finals,7289,SC Delhi,3,1,Mohun Bagan Super Giant,7282,GMC Athletic Stadium,Rahul Kumar Gupta
3827337,2022-03-11,16:00:00.000,23,1238,Indian Super league,108,2021/2022,Play-offs - Semi-Finals,2021,Jamshedpur,0,1,Kerala Blasters,7283,Pandit Jawaharlal Nehru Stadium,Tejas Nagvenkar
3817856,2022-03-07,14:00:00.000,19,1238,Indian Super league,108,2021/2022,Regular Season,7282,Mohun Bagan Super Giant,0,1,Jamshedpur,2021,Pandit Jawaharlal Nehru Stadium,Crystal John
3817891,2022-03-05,16:00:00.000,20,1238,Indian Super league,108,2021/2022,Regular Season,7286,East Bengal,0,1,Bengaluru,7284,Tilak Maidan Stadium,Senthil Nathan
3817870,2022-03-06,16:00:00.000,22,1238,Indian Super league,108,2021/2022,Regular Season,7288,Goa,4,4,Kerala Blasters,7283,GMC Athletic Stadium,Aditya Purkayastha
3817899,2022-03-04,16:00:00.000,20,1238,Indian Super league,108,2021/2022,Regular Season,2021,Jamshedpur,5,1,Odisha,7291,GMC Athletic Stadium,Pratik Mondal
3817866,2022-03-02,16:00:00.000,13,1238,Indian Super league,108,2021/2022,Regular Season,7283,Kerala Blasters,3,1,Mumbai City,7287,Tilak Maidan Stadium,Rahul Kumar Gupta
3817889,2022-03-03,16:00:00.000,20,1238,Indian Super league,108,2021/2022,Regular Season,7290,Chennaiyin,0,1,Mohun Bagan Super Giant,7282,Pandit Jawaharlal Nehru Stadium,Crystal John
3817887,2022-03-05,18:00:00.000,21,1238,Indian Super league,108,2021/2022,Regular Season,7289,SC Delhi,2,1,Mumbai City,7287,Pandit Jawaharlal Nehru Stadium,Harish Kundu
3817872,2022-02-21,16:00:00.000,19,1238,Indian Super league,108,2021/2022,Regular Season,7284,Bengaluru,2,1,Odisha,7291,GMC Athletic Stadium,Senthil Nathan
3817900,2022-02-20,16:00:00.000,22,1238,Indian Super league,108,2021/2022,Regular Season,7290,Chennaiyin,1,4,Jamshedpur,2021,Tilak Maidan Stadium,Tejas Nagvenkar
3817855,2022-02-19,16:00:00.000,14,1238,Indian Super league,108,2021/2022,Regular Season,7283,Kerala Blasters,2,2,Mohun Bagan Super Giant,7282,Tilak Maidan Stadium,Rahul Kumar Gupta
3817863,2022-02-19,18:00:00.000,19,1238,Indian Super league,108,2021/2022,Regular Season,7289,SC Delhi,3,2,Goa,7288,GMC Athletic Stadium,Arumughan Rowan
3817901,2022-02-17,16:00:00.000,14,1238,Indian Super league,108,2021/2022,Regular Season,2021,Jamshedpur,3,2,Mumbai City,7287,GMC Athletic Stadium,Harish Kundu
3817880,2022-02-16,16:00:00.000,21,1238,Indian Super league,108,2021/2022,Regular Season,7291,Odisha,2,2,Chennaiyin,7290,Tilak Maidan Stadium,Pratik Mondal
3817902,2022-02-14,16:00:00.000,21,1238,Indian Super league,108,2021/2022,Regular Season,7283,Kerala Blasters,1,0,East Bengal,7286,Tilak Maidan Stadium,Aditya Purkayastha
3817862,2022-02-13,16:00:00.000,22,1238,Indian Super league,108,2021/2022,Regular Season,7287,Mumbai City,4,1,Odisha,7291,Pandit Jawaharlal Nehru Stadium,Senthil Nathan
3817873,2022-02-12,14:00:00.000,22,1238,Indian Super league,108,2021/2022,Regular Season,7282,Mohun Bagan Super Giant,3,1,NorthEast United,7285,Pandit Jawaharlal Nehru Stadium,Ramachandran Venkatesh
3817869,2022-02-11,16:00:00.000,22,1238,Indian Super league,108,2021/2022,Regular Season,7284,Bengaluru,1,2,SC Delhi,7289,GMC Athletic Stadium,Tejas Nagvenkar
3817881,2022-02-10,16:00:00.000,18,1238,Indian Super league,108,2021/2022,Regular Season,2021,Jamshedpur,3,0,Kerala Blasters,7283,GMC Athletic Stadium,Ashwin Mohanlal Kanojia
3817895,2022-02-09,16:00:00.000,18,1238,Indian Super league,108,2021/2022,Regular Season,7290,Chennaiyin,0,5,Goa,7288,Tilak Maidan Stadium,Crystal John
3817884,2022-02-08,16:00:00.000,17,1238,Indian Super league,108,2021/2022,Regular Season,7289,SC Delhi,1,2,Mohun Bagan Super Giant,7282,GMC Athletic Stadium,Harish Kundu
3817896,2022-02-07,16:00:00.000,17,1238,Indian Super league,108,2021/2022,Regular Season,7286,East Bengal,1,2,Odisha,7291,Tilak Maidan Stadium,Arumughan Rowan
3817852,2022-02-06,16:00:00.000,17,1238,Indian Super league,108,2021/2022,Regular Season,7290,Chennaiyin,0,1,Mumbai City,7287,Pandit Jawaharlal Nehru Stadium,Aditya Purkayastha
3817883,2022-02-05,16:00:00.000,17,1238,Indian Super league,108,2021/2022,Regular Season,7284,Bengaluru,3,1,Jamshedpur,2021,GMC Athletic Stadium,Coimbatore Ramaswamy Srikrishna
3817886,2022-02-04,16:00:00.000,17,1238,Indian Super league,108,2021/2022,Regular Season,7283,Kerala Blasters,2,1,NorthEast United,7285,Tilak Maidan Stadium,Pratik Mondal
3817864,2022-02-03,16:00:00.000,16,1238,Indian Super league,108,2021/2022,Regular Season,7287,Mumbai City,1,1,Mohun Bagan Super Giant,7282,Pandit Jawaharlal Nehru Stadium,Rahul Kumar Gupta
3817882,2022-02-02,16:00:00.000,16,1238,Indian Super league,108,2021/2022,Regular Season,7286,East Bengal,2,2,Chennaiyin,7290,Tilak Maidan Stadium,Ashwin Mohanlal Kanojia
3817894,2022-02-01,16:00:00.000,16,1238,Indian Super league,108,2021/2022,Regular Season,7288,Goa,1,1,Odisha,7291,GMC Athletic Stadium,Senthil Nathan
3817871,2022-01-31,16:00:00.000,16,1238,Indian Super league,108,2021/2022,Regular Season,7285,NorthEast United,0,5,SC Delhi,7289,Pandit Jawaharlal Nehru Stadium,Ramachandran Venkatesh
3817861,2022-01-30,16:00:00.000,16,1238,Indian Super league,108,2021/2022,Regular Season,7283,Kerala Blasters,0,1,Bengaluru,7284,Tilak Maidan Stadium,Harish Kundu
3817888,2022-01-29,14:00:00.000,15,1238,Indian Super league,108,2021/2022,Regular Season,7282,Mohun Bagan Super Giant,3,1,East Bengal,7286,Pandit Jawaharlal Nehru Stadium,Crystal John
3817875,2022-01-28,16:00:00.000,15,1238,Indian Super league,108,2021/2022,Regular Season,2021,Jamshedpur,1,0,Goa,7288,GMC Athletic Stadium,Aditya Purkayastha
3817868,2022-01-26,16:00:00.000,15,1238,Indian Super league,108,2021/2022,Regular Season,7284,Bengaluru,3,0,Chennaiyin,7290,GMC Athletic Stadium,Pratik Mondal
3817867,2022-01-25,16:00:00.000,15,1238,Indian Super league,108,2021/2022,Regular Season,7287,Mumbai City,1,1,NorthEast United,7285,Pandit Jawaharlal Nehru Stadium,Arumughan Rowan
3813313,2022-01-23,16:00:00.000,11,1238,Indian Super league,108,2021/2022,Regular Season,7282,Mohun Bagan Super Giant,0,0,Odisha,7291,Pandit Jawaharlal Nehru Stadium,Harish Kundu
3817890,2022-01-14,16:00:00.000,12,1238,Indian Super league,108,2021/2022,Regular Season,7288,Goa,1,1,NorthEast United,7285,GMC Athletic Stadium,Ramachandran Venkatesh
3813302,2022-01-06,16:00:00.000,11,1238,Indian Super league,108,2021/2022,Regular Season,2021,Jamshedpur,3,2,NorthEast United,7285,GMC Athletic Stadium,Arumughan Rowan
3817857,2022-03-01,16:00:00.000,13,1238,Indian Super league,108,2021/2022,Regular Season,7289,SC Delhi,0,3,Jamshedpur,2021,GMC Athletic Stadium,Ramachandran Venkatesh
3817898,2022-02-26,18:00:00.000,20,1238,Indian Super league,108,2021/2022,Regular Season,7288,Goa,0,2,Mumbai City,7287,GMC Athletic Stadium,Rahul Kumar Gupta
3817893,2022-02-28,16:00:00.000,19,1238,Indian Super league,108,2021/2022,Regular Season,7286,East Bengal,1,1,NorthEast United,7285,Tilak Maidan Stadium,Tejas Nagvenkar
3817854,2022-02-27,14:00:00.000,13,1238,Indian Super league,108,2021/2022,Regular Season,7282,Mohun Bagan Super Giant,2,0,Bengaluru,7284,Pandit Jawaharlal Nehru Stadium,Harish Kundu
3817892,2022-02-24,16:00:00.000,18,1238,Indian Super league,108,2021/2022,Regular Season,7291,Odisha,1,1,Mohun Bagan Super Giant,7282,Tilak Maidan Stadium,Aditya Purkayastha
3817859,2022-02-25,16:00:00.000,21,1238,Indian Super league,108,2021/2022,Regular Season,7285,NorthEast United,2,3,Jamshedpur,2021,Pandit Jawaharlal Nehru Stadium,Arumughan Rowan
3817858,2022-02-26,16:00:00.000,19,1238,Indian Super league,108,2021/2022,Regular Season,7283,Kerala Blasters,3,0,Chennaiyin,7290,Tilak Maidan Stadium,Pratik Mondal
3817897,2022-02-23,16:00:00.000,20,1238,Indian Super league,108,2021/2022,Regular Season,7289,SC Delhi,2,1,Kerala Blasters,7283,GMC Athletic Stadium,Harish Kundu
3817885,2022-02-22,16:00:00.000,18,1238,Indian Super league,108,2021/2022,Regular Season,7287,Mumbai City,1,0,East Bengal,7286,Pandit Jawaharlal Nehru Stadium,Ashwin Mohanlal Kanojia
3817878,2022-01-24,16:00:00.000,14,1238,Indian Super league,108,2021/2022,Regular Season,7286,East Bengal,0,4,SC Delhi,7289,Tilak Maidan Stadium,Rahul Kumar Gupta
3817876,2022-01-22,16:00:00.000,14,1238,Indian Super league,108,2021/2022,Regular Season,7290,Chennaiyin,2,1,NorthEast United,7285,Pandit Jawaharlal Nehru Stadium,Crystal John
3813305,2022-01-09,16:00:00.000,11,1238,Indian Super league,108,2021/2022,Regular Season,7283,Kerala Blasters,1,0,SC Delhi,7289,Tilak Maidan Stadium,Pranjal Banerjee
3813266,2022-01-08,18:00:00.000,11,1238,Indian Super league,108,2021/2022,Regular Season,7288,Goa,1,0,Chennaiyin,7290,GMC Athletic Stadium,Pratik Mondal
3813271,2022-01-02,16:00:00.000,10,1238,Indian Super league,108,2021/2022,Regular Season,7283,Kerala Blasters,2,2,Goa,7288,Tilak Maidan Stadium,Coimbatore Ramaswamy Srikrishna
3813311,2022-01-02,18:00:00.000,10,1238,Indian Super league,108,2021/2022,Regular Season,2021,Jamshedpur,0,1,Chennaiyin,7290,GMC Athletic Stadium,Pranjal Banerjee
3813303,2021-12-29,14:00:00.000,9,1238,Indian Super league,108,2021/2022,Regular Season,7282,Mohun Bagan Super Giant,2,1,Goa,7288,Pandit Jawaharlal Nehru Stadium,Crystal John
3813304,2021-12-23,16:00:00.000,8,1238,Indian Super league,108,2021/2022,Regular Season,7289,SC Delhi,1,1,East Bengal,7286,GMC Athletic Stadium,Aditya Purkayastha
3813306,2021-12-21,16:00:00.000,8,1238,Indian Super league,108,2021/2022,Regular Season,7285,NorthEast United,2,3,Mohun Bagan Super Giant,7282,Pandit Jawaharlal Nehru Stadium,Harish Kundu
3813283,2021-12-30,16:00:00.000,9,1238,Indian Super league,108,2021/2022,Regular Season,7290,Chennaiyin,2,4,Bengaluru,7284,Tilak Maidan Stadium,Rahul Kumar Gupta
3813275,2021-12-26,16:00:00.000,9,1238,Indian Super league,108,2021/2022,Regular Season,7283,Kerala Blasters,1,1,Jamshedpur,2021,Tilak Maidan Stadium,Pratik Mondal
3813278,2021-12-22,16:00:00.000,8,1238,Indian Super league,108,2021/2022,Regular Season,7290,Chennaiyin,0,3,Kerala Blasters,7283,Tilak Maidan Stadium,Crystal John
3813295,2021-12-28,16:00:00.000,9,1238,Indian Super league,108,2021/2022,Regular Season,7289,SC Delhi,6,1,Odisha,7291,GMC Athletic Stadium,Ashwin Mohanlal Kanojia
3813296,2021-11-25,16:00:00.000,2,1238,Indian Super league,108,2021/2022,Regular Season,7285,NorthEast United,0,0,Kerala Blasters,7283,Pandit Jawaharlal Nehru Stadium,
3813282,2021-12-19,16:00:00.000,7,1238,Indian Super league,108,2021/2022,Regular Season,7287,Mumbai City,0,3,Kerala Blasters,7283,Pandit Jawaharlal Nehru Stadium,Pranjal Banerjee
3813269,2021-12-14,16:00:00.000,6,1238,Indian Super league,108,2021/2022,Regular Season,7291,Odisha,0,4,Jamshedpur,2021,Tilak Maidan Stadium,Coimbatore Ramaswamy Srikrishna
3817879,2022-01-13,16:00:00.000,12,1238,Indian Super league,108,2021/2022,Regular Season,7290,Chennaiyin,1,1,SC Delhi,7289,Pandit Jawaharlal Nehru Stadium,Rahul Kumar Gupta
3817874,2022-01-23,16:00:00.000,14,1238,Indian Super league,108,2021/2022,Regular Season,7284,Bengaluru,1,1,Goa,7288,GMC Athletic Stadium,Pranjal Banerjee
3817865,2022-01-18,16:00:00.000,13,1238,Indian Super league,108,2021/2022,Regular Season,7285,NorthEast United,0,2,Odisha,7291,Pandit Jawaharlal Nehru Stadium,Ashwin Mohanlal Kanojia
3817860,2022-01-27,16:00:00.000,15,1238,Indian Super league,108,2021/2022,Regular Season,7291,Odisha,2,3,SC Delhi,7289,Tilak Maidan Stadium,Coimbatore Ramaswamy Srikrishna
3817853,2022-01-19,16:00:00.000,13,1238,Indian Super league,108,2021/2022,Regular Season,7288,Goa,1,2,East Bengal,7286,GMC Athletic Stadium,Aditya Purkayastha
3817851,2022-01-12,16:00:00.000,12,1238,Indian Super league,108,2021/2022,Regular Season,7291,Odisha,0,2,Kerala Blasters,7283,Tilak Maidan Stadium,Senthil Nathan
3817850,2022-01-11,16:00:00.000,12,1238,Indian Super league,108,2021/2022,Regular Season,2021,Jamshedpur,1,0,East Bengal,7286,GMC Athletic Stadium,Crystal John
3817849,2022-01-10,16:00:00.000,12,1238,Indian Super league,108,2021/2022,Regular Season,7287,Mumbai City,0,3,Bengaluru,7284,Pandit Jawaharlal Nehru Stadium,Coimbatore Ramaswamy Srikrishna
3817848,2022-02-15,16:00:00.000,21,1238,Indian Super league,108,2021/2022,Regular Season,7288,Goa,0,2,Mohun Bagan Super Giant,7282,GMC Athletic Stadium,Crystal John
3813318,2021-12-27,16:00:00.000,9,1238,Indian Super league,108,2021/2022,Regular Season,7285,NorthEast United,3,3,Mumbai City,7287,Pandit Jawaharlal Nehru Stadium,Arumughan Rowan
3813287,2021-12-16,16:00:00.000,7,1238,Indian Super league,108,2021/2022,Regular Season,7284,Bengaluru,3,3,Mohun Bagan Super Giant,7282,GMC Athletic Stadium,Crystal John
3813270,2021-11-22,16:00:00.000,1,1238,Indian Super league,108,2021/2022,Regular Season,7287,Mumbai City,3,0,Goa,7288,Pandit Jawaharlal Nehru Stadium,Arumughan Rowan
3813307,2021-12-20,16:00:00.000,8,1238,Indian Super league,108,2021/2022,Regular Season,2021,Jamshedpur,0,0,Bengaluru,7284,GMC Athletic Stadium,Senthil Nathan
3813279,2021-12-18,16:00:00.000,7,1238,Indian Super league,108,2021/2022,Regular Season,7290,Chennaiyin,2,1,Odisha,7291,Tilak Maidan Stadium,Pratik Mondal
3813281,2021-12-11,14:00:00.000,5,1238,Indian Super league,108,2021/2022,Regular Season,7282,Mohun Bagan Super Giant,1,1,Chennaiyin,7290,Pandit Jawaharlal Nehru Stadium,Rahul Kumar Gupta
3813274,2021-12-04,18:00:00.000,4,1238,Indian Super league,108,2021/2022,Regular Season,7284,Bengaluru,1,3,Mumbai City,7287,GMC Athletic Stadium,Pranjal Banerjee
3813285,2021-12-11,18:00:00.000,6,1238,Indian Super league,108,2021/2022,Regular Season,7288,Goa,2,1,Bengaluru,7284,GMC Athletic Stadium,Pranjal Banerjee
3813317,2021-11-30,16:00:00.000,3,1238,Indian Super league,108,2021/2022,Regular Season,7291,Odisha,6,4,East Bengal,7286,Tilak Maidan Stadium,Harish Kundu
3813316,2021-12-04,16:00:00.000,4,1238,Indian Super league,108,2021/2022,Regular Season,7285,NorthEast United,2,1,Goa,7288,Pandit Jawaharlal Nehru Stadium,Rahul Kumar Gupta
3813315,2021-11-26,16:00:00.000,2,1238,Indian Super league,108,2021/2022,Regular Season,7288,Goa,1,3,Jamshedpur,2021,GMC Athletic Stadium,Senthil Nathan
3813312,2021-12-01,14:00:00.000,3,1238,Indian Super league,108,2021/2022,Regular Season,7282,Mohun Bagan Super Giant,1,5,Mumbai City,7287,Pandit Jawaharlal Nehru Stadium,Coimbatore Ramaswamy Srikrishna
3813310,2021-12-12,16:00:00.000,6,1238,Indian Super league,108,2021/2022,Regular Season,7286,East Bengal,1,1,Kerala Blasters,7283,Tilak Maidan Stadium,Ramachandran Venkatesh
3813309,2021-11-23,16:00:00.000,1,1238,Indian Super league,108,2021/2022,Regular Season,7289,SC Delhi,0,1,Chennaiyin,7290,GMC Athletic Stadium,Pranjal Banerjee
3813308,2021-12-24,16:00:00.000,8,1238,Indian Super league,108,2021/2022,Regular Season,7291,Odisha,1,1,Goa,7288,Tilak Maidan Stadium,Coimbatore Ramaswamy Srikrishna
3813301,2021-12-10,16:00:00.000,5,1238,Indian Super league,108,2021/2022,Regular Season,7291,Odisha,1,0,NorthEast United,7285,Tilak Maidan Stadium,Senthil Nathan
3813300,2021-12-05,16:00:00.000,4,1238,Indian Super league,108,2021/2022,Regular Season,7283,Kerala Blasters,2,1,Odisha,7291,Tilak Maidan Stadium,Ramachandran Venkatesh
3813299,2021-12-08,16:00:00.000,5,1238,Indian Super league,108,2021/2022,Regular Season,7289,SC Delhi,1,0,Bengaluru,7284,GMC Athletic Stadium,Harish Kundu
3813298,2021-11-21,16:00:00.000,1,1238,Indian Super league,108,2021/2022,Regular Season,7286,East Bengal,1,1,Jamshedpur,2021,Tilak Maidan Stadium,Crystal John
3813297,2021-11-20,16:00:00.000,1,1238,Indian Super league,108,2021/2022,Regular Season,7284,Bengaluru,4,2,NorthEast United,7285,GMC Athletic Stadium,Rahul Kumar Gupta
3813294,2021-11-29,16:00:00.000,3,1238,Indian Super league,108,2021/2022,Regular Season,7285,NorthEast United,1,2,Chennaiyin,7290,Pandit Jawaharlal Nehru Stadium,Ashwin Mohanlal Kanojia
3813293,2022-01-04,16:00:00.000,10,1238,Indian Super league,108,2021/2022,Regular Season,7284,Bengaluru,1,1,East Bengal,7286,GMC Athletic Stadium,Harish Kundu
3813292,2021-11-28,16:00:00.000,3,1238,Indian Super league,108,2021/2022,Regular Season,7284,Bengaluru,1,1,Kerala Blasters,7283,GMC Athletic Stadium,Pranjal Banerjee
3813291,2021-11-27,16:00:00.000,2,1238,Indian Super league,108,2021/2022,Regular Season,7286,East Bengal,0,3,Mohun Bagan Super Giant,7282,Tilak Maidan Stadium,Rahul Kumar Gupta
3813290,2021-12-13,16:00:00.000,6,1238,Indian Super league,108,2021/2022,Regular Season,7289,SC Delhi,5,1,NorthEast United,7285,GMC Athletic Stadium,Ashwin Mohanlal Kanojia
3813289,2021-11-24,16:00:00.000,2,1238,Indian Super league,108,2021/2022,Regular Season,7291,Odisha,3,1,Bengaluru,7284,Tilak Maidan Stadium,Ramachandran Venkatesh
3813288,2021-12-02,16:00:00.000,3,1238,Indian Super league,108,2021/2022,Regular Season,2021,Jamshedpur,1,1,SC Delhi,7289,GMC Athletic Stadium,Pratik Mondal
3813286,2021-12-15,16:00:00.000,6,1238,Indian Super league,108,2021/2022,Regular Season,7287,Mumbai City,1,0,Chennaiyin,7290,Pandit Jawaharlal Nehru Stadium,Arumughan Rowan
3813284,2021-12-09,16:00:00.000,5,1238,Indian Super league,108,2021/2022,Regular Season,7287,Mumbai City,4,2,Jamshedpur,2021,Pandit Jawaharlal Nehru Stadium,Aditya Purkayastha
3813280,2021-12-03,16:00:00.000,4,1238,Indian Super league,108,2021/2022,Regular Season,7290,Chennaiyin,0,0,East Bengal,7286,Tilak Maidan Stadium,Crystal John
3813277,2021-11-27,18:00:00.000,2,1238,Indian Super league,108,2021/2022,Regular Season,7287,Mumbai City,1,3,SC Delhi,7289,Pandit Jawaharlal Nehru Stadium,Pratik Mondal
3813276,2021-12-17,16:00:00.000,7,1238,Indian Super league,108,2021/2022,Regular Season,7285,NorthEast United,2,0,East Bengal,7286,Pandit Jawaharlal Nehru Stadium,Rahul Kumar Gupta
3813273,2022-01-03,16:00:00.000,10,1238,Indian Super league,108,2021/2022,Regular Season,7291,Odisha,4,2,Mumbai City,7287,Tilak Maidan Stadium,Ramachandran Venkatesh
3813272,2021-12-18,18:00:00.000,7,1238,Indian Super league,108,2021/2022,Regular Season,7288,Goa,1,1,SC Delhi,7289,GMC Athletic Stadium,Ramachandran Venkatesh
3813268,2021-12-06,16:00:00.000,4,1238,Indian Super league,108,2021/2022,Regular Season,2021,Jamshedpur,2,1,Mohun Bagan Super Giant,7282,GMC Athletic Stadium,Arumughan Rowan
3813267,2021-12-07,16:00:00.000,5,1238,Indian Super league,108,2021/2022,Regular Season,7286,East Bengal,3,4,Goa,7288,Tilak Maidan Stadium,Coimbatore Ramaswamy Srikrishna
3813265,2022-01-07,16:00:00.000,11,1238,Indian Super league,108,2021/2022,Regular Season,7286,East Bengal,0,0,Mumbai City,7287,Tilak Maidan Stadium,Senthil Nathan
3813264,2022-01-05,14:00:00.000,10,1238,Indian Super league,108,2021/2022,Regular Season,7282,Mohun Bagan Super Giant,2,2,SC Delhi,7289,Pandit Jawaharlal Nehru Stadium,Rahul Kumar Gupta
3922240,2024-01-28,20:00:00.000,4,1267,African Cup of Nations,107,2023,Round of 16,774,Egypt,1,1,Congo DR,4881,Stade Laurent Pokou,Abongile Tom
3920399,2024-01-19,14:00:00.000,2,1267,African Cup of Nations,107,2023,Group Stage,4924,Cape Verde Islands,3,0,Mozambique,4978,Stade Félix Houphouët-Boigny      ,Samir Guezzaz
3920413,2024-01-23,17:00:00.000,3,1267,African Cup of Nations,107,2023,Group Stage,4934,Gambia,2,3,Cameroon,2722,Stade de Bouaké,Bamlak Tessema Weyesa
3920400,2024-01-19,17:00:00.000,2,1267,African Cup of Nations,107,2023,Group Stage,787,Senegal,3,1,Cameroon,2722,Stade Charles Konan Banny de Yamoussoukro,Mahmood Ali Mahmood Ismail
3920409,2024-01-22,17:00:00.000,3,1267,African Cup of Nations,107,2023,Group Stage,4894,Guinea-Bissau,0,1,Nigeria,775,Stade Félix Houphouët-Boigny      ,Bouchra Karboubi
3920417,2024-01-24,17:00:00.000,3,1267,African Cup of Nations,107,2023,Group Stage,4980,Namibia,0,0,Mali,4930,Stade Laurent Pokou,Samuel Uwikunda
3920395,2024-01-17,20:00:00.000,1,1267,African Cup of Nations,107,2023,Group Stage,4881,Congo DR,1,1,Zambia,4963,Stade Laurent Pokou,Bamlak Tessema Weyesa
3920407,2024-01-21,20:00:00.000,2,1267,African Cup of Nations,107,2023,Group Stage,4976,South Africa,4,0,Namibia,4980,Stade Amadou Gon Coulibaly,Youcef Gamouh
3920412,2024-01-23,17:00:00.000,3,1267,African Cup of Nations,107,2023,Group Stage,4892,Guinea,0,2,Senegal,787,Stade Charles Konan Banny de Yamoussoukro,Pacifique Ndabihawenimana
3920415,2024-01-23,20:00:00.000,3,1267,African Cup of Nations,107,2023,Group Stage,4932,Mauritania,1,0,Algeria,4898,Stade de Bouaké,Omar Abdulkadir Artan
3920404,2024-01-20,20:00:00.000,2,1267,African Cup of Nations,107,2023,Group Stage,777,Tunisia,1,1,Mali,4930,Stade Amadou Gon Coulibaly,Daniel Nii Ayi Laryea
3920389,2024-01-15,17:00:00.000,1,1267,African Cup of Nations,107,2023,Group Stage,2722,Cameroon,1,1,Guinea,4892,Stade Charles Konan Banny de Yamoussoukro,Ibrahim Mutaz
3920393,2024-01-16,17:00:00.000,1,1267,African Cup of Nations,107,2023,Group Stage,777,Tunisia,0,1,Namibia,4980,Stade Amadou Gon Coulibaly,Abdulkadir Artan
3920403,2024-01-20,17:00:00.000,2,1267,African Cup of Nations,107,2023,Group Stage,4932,Mauritania,2,3,Angola,4901,Stade de Bouaké,Mohamed Maarouf Eid Mansour
3920394,2024-01-17,17:00:00.000,1,1267,African Cup of Nations,107,2023,Group Stage,788,Morocco,3,0,Tanzania,4953,Stade Laurent Pokou,Alhadi Allaou Mahamat
3920402,2024-01-20,14:00:00.000,2,1267,African Cup of Nations,107,2023,Group Stage,4898,Algeria,2,2,Burkina Faso,4921,Stade de Bouaké,Abongile Tom
3920414,2024-01-23,20:00:00.000,3,1267,African Cup of Nations,107,2023,Group Stage,4901,Angola,2,0,Burkina Faso,4921,Stade Charles Konan Banny de Yamoussoukro,Jean Jacques Ndala Ngambo
3920405,2024-01-21,14:00:00.000,2,1267,African Cup of Nations,107,2023,Group Stage,788,Morocco,1,1,Congo DR,4881,Stade Laurent Pokou,Peter Waweru Kamaku
3920416,2024-01-24,17:00:00.000,3,1267,African Cup of Nations,107,2023,Group Stage,4976,South Africa,0,0,Tunisia,777,Stade Amadou Gon Coulibaly,Issa Sy
3922658,2024-02-03,20:00:00.000,5,1267,African Cup of Nations,107,2023,Quarter-finals,4924,Cape Verde Islands,0,0,South Africa,4976,Stade Charles Konan Banny de Yamoussoukro,Jean Jacques Ndala Ngambo
3920386,2024-01-14,14:00:00.000,1,1267,African Cup of Nations,107,2023,Group Stage,775,Nigeria,1,1,Equatorial Guinea,4992,Stade Olympique Alassane Ouattara,Abongile Tom
3920408,2024-01-22,17:00:00.000,3,1267,African Cup of Nations,107,2023,Group Stage,4992,Equatorial Guinea,4,0,Côte d'Ivoire,3374,Stade Olympique Alassane Ouattara,Mahmood Ali Mahmood Ismail
3920397,2024-01-18,14:00:00.000,2,1267,African Cup of Nations,107,2023,Group Stage,4992,Equatorial Guinea,4,2,Guinea-Bissau,4894,Stade Olympique Alassane Ouattara,Samuel Uwikunda
3920410,2024-01-22,20:00:00.000,3,1267,African Cup of Nations,107,2023,Group Stage,4978,Mozambique,2,2,Ghana,4885,Stade Olympique Alassane Ouattara,Ibrahim Mutaz
3923881,2024-02-11,20:00:00.000,8,1267,African Cup of Nations,107,2023,Final,775,Nigeria,1,2,Côte d'Ivoire,3374,Stade Olympique Alassane Ouattara,Dahane Beida
3923880,2024-02-10,20:00:00.000,7,1267,African Cup of Nations,107,2023,3rd Place Final,4976,South Africa,0,0,Congo DR,4881,Stade Félix Houphouët-Boigny      ,Bamlak Tessema Weyesa
3922838,2024-02-07,22:00:00.000,6,1267,African Cup of Nations,107,2023,Semi-finals,3374,Côte d'Ivoire,1,0,Congo DR,4881,Stade Olympique Alassane Ouattara,Ibrahim Mutaz
3922837,2024-02-07,17:00:00.000,6,1267,African Cup of Nations,107,2023,Semi-finals,775,Nigeria,1,1,South Africa,4976,Stade de Bouaké,Amin Mohamed Omar
3922242,2024-01-29,20:00:00.000,4,1267,African Cup of Nations,107,2023,Round of 16,787,Senegal,1,1,Côte d'Ivoire,3374,Stade Charles Konan Banny de Yamoussoukro,Pierre Ghislain Atcho
3922239,2024-01-28,17:00:00.000,4,1267,African Cup of Nations,107,2023,Round of 16,4992,Equatorial Guinea,0,1,Guinea,4892,Stade Olympique Alassane Ouattara,Omar Abdulkadir Artan
3922659,2024-02-03,17:00:00.000,5,1267,African Cup of Nations,107,2023,Quarter-finals,4930,Mali,1,2,Côte d'Ivoire,3374,Stade de Bouaké,Mohamed Adel Elsaid
3922244,2024-01-30,17:00:00.000,4,1267,African Cup of Nations,107,2023,Round of 16,4930,Mali,2,1,Burkina Faso,4921,Stade Amadou Gon Coulibaly,Ibrahim Mutaz
3922356,2024-02-02,20:00:00.000,5,1267,African Cup of Nations,107,2023,Quarter-finals,4881,Congo DR,3,1,Guinea,4892,Stade Olympique Alassane Ouattara,Mustapha Ghorbal
3922321,2024-02-02,17:00:00.000,5,1267,African Cup of Nations,107,2023,Quarter-finals,775,Nigeria,1,0,Angola,4901,Stade Félix Houphouët-Boigny      ,Issa Sy
3922237,2024-01-27,17:00:00.000,4,1267,African Cup of Nations,107,2023,Round of 16,4901,Angola,3,0,Namibia,4980,Stade de Bouaké,Dahane Beida
3922243,2024-01-30,20:00:00.000,4,1267,African Cup of Nations,107,2023,Round of 16,788,Morocco,0,2,South Africa,4976,Stade Laurent Pokou,Mahmood Ali Mahmood Ismail
3922241,2024-01-29,17:00:00.000,4,1267,African Cup of Nations,107,2023,Round of 16,4924,Cape Verde Islands,1,0,Mauritania,4932,Stade Félix Houphouët-Boigny      ,Mohamed Adel Elsaid
3922238,2024-01-27,20:00:00.000,4,1267,African Cup of Nations,107,2023,Round of 16,775,Nigeria,2,0,Cameroon,2722,Stade Félix Houphouët-Boigny      ,Redouane Jiyed
3920396,2024-01-18,20:00:00.000,2,1267,African Cup of Nations,107,2023,Group Stage,774,Egypt,2,2,Ghana,4885,Stade Félix Houphouët-Boigny      ,Pierre Ghislain Atcho
3920385,2024-01-14,17:00:00.000,1,1267,African Cup of Nations,107,2023,Group Stage,774,Egypt,2,2,Mozambique,4978,Stade Félix Houphouët-Boigny      ,Dahane Beida
3920387,2024-01-14,20:00:00.000,1,1267,African Cup of Nations,107,2023,Group Stage,4885,Ghana,1,2,Cape Verde Islands,4924,Stade Félix Houphouët-Boigny      ,Jean Jacques Ndala Ngambo
3920419,2024-01-24,20:00:00.000,3,1267,African Cup of Nations,107,2023,Group Stage,4963,Zambia,0,1,Morocco,788,Stade Laurent Pokou,Patrice Tanguy Mebiame
3920418,2024-01-24,20:00:00.000,3,1267,African Cup of Nations,107,2023,Group Stage,4953,Tanzania,0,0,Congo DR,4881,Stade Amadou Gon Coulibaly,Amin Mohamed Omar
3920411,2024-01-22,20:00:00.000,3,1267,African Cup of Nations,107,2023,Group Stage,4924,Cape Verde Islands,2,2,Egypt,774,Stade Félix Houphouët-Boigny      ,Alhadi Allaou Mahamat
3920406,2024-01-21,17:00:00.000,2,1267,African Cup of Nations,107,2023,Group Stage,4963,Zambia,1,1,Tanzania,4953,Stade Laurent Pokou,Djindo Louis Houngnandande
3920401,2024-01-19,20:00:00.000,2,1267,African Cup of Nations,107,2023,Group Stage,4892,Guinea,1,0,Gambia,4934,Stade Charles Konan Banny de Yamoussoukro,Abdel Aziz Mohamed Bouh
3920398,2024-01-18,19:00:00.000,2,1267,African Cup of Nations,107,2023,Group Stage,3374,Côte d'Ivoire,0,1,Nigeria,775,Stade Olympique Alassane Ouattara,Mustapha Ghorbal
3920392,2024-01-16,14:00:00.000,1,1267,African Cup of Nations,107,2023,Group Stage,4921,Burkina Faso,1,0,Mauritania,4932,Stade de Bouaké,Jalal Jayed
3920391,2024-01-16,20:00:00.000,1,1267,African Cup of Nations,107,2023,Group Stage,4930,Mali,2,0,South Africa,4976,Stade Amadou Gon Coulibaly,Mohamed Adel Hussein
3920390,2024-01-15,20:00:00.000,1,1267,African Cup of Nations,107,2023,Group Stage,4898,Algeria,1,1,Angola,4901,Stade de Bouaké,Issa Sy
3920388,2024-01-15,14:00:00.000,1,1267,African Cup of Nations,107,2023,Group Stage,787,Senegal,3,0,Gambia,4934,Stade Charles Konan Banny de Yamoussoukro,Redouane Jiyed
3920384,2024-01-13,22:00:00.000,1,1267,African Cup of Nations,107,2023,Group Stage,3374,Côte d'Ivoire,2,0,Guinea-Bissau,4894,Stade Olympique Alassane Ouattara,Amin Mohamed Omar
3910623,2023-09-16,13:00:00.000,1,131,Serie A Women,281,2023/2024,Regular Season,6755,Pomigliano,2,3,Juventus W,1076,Stadio Amerigo Liguori,Gabriele Totaro
3929005,2024-04-27,16:00:00.000,24,131,Serie A Women,281,2023/2024,Championship Round,1086,Fiorentina W,4,4,Sassuolo W,3154,Stadio Curva Fiesole - Viola Park,Antonio Di Reda
3929003,2024-04-20,12:30:00.000,23,131,Serie A Women,281,2023/2024,Championship Round,1076,Juventus W,2,1,Sassuolo W,3154,Stadio Comunale Vittorio Pozzo Lamarmora,Gianluca Renzi
3928994,2024-03-30,14:00:00.000,21,131,Serie A Women,281,2023/2024,Championship Round,1076,Juventus W,4,0,Fiorentina W,1086,Stadio Comunale Vittorio Pozzo Lamarmora,Carlo Rinaldi
3929023,2024-05-18,13:00:00.000,28,131,Serie A Women,281,2023/2024,Championship Round,3154,Sassuolo W,2,3,Juventus W,1076,Stadio Enzo Ricci,Simone Gavini
3929014,2024-05-05,10:30:00.000,26,131,Serie A Women,281,2023/2024,Relegation Play-offs,6757,Sampdoria W,2,0,Napoli W,3155,Stadio La Sciorba,Andrea Zoppi
3912509,2023-11-26,17:00:00.000,9,131,Serie A Women,281,2023/2024,Regular Season,6757,Sampdoria W,0,4,Sassuolo W,3154,Stadio Silvio Piola,Filippo Colaninno
3912514,2023-12-11,17:00:00.000,10,131,Serie A Women,281,2023/2024,Regular Season,3154,Sassuolo W,1,2,Fiorentina W,1086,Stadio Enzo Ricci,Gabriele Sacchi
3912511,2023-11-26,14:00:00.000,9,131,Serie A Women,281,2023/2024,Regular Season,3155,Napoli W,1,3,Juventus W,1076,Stadio Giuseppe Piccolo,Samuele Andreano
3912539,2024-02-03,14:00:00.000,15,131,Serie A Women,281,2023/2024,Regular Season,3150,AC Milan W,2,2,Fiorentina W,1086,Puma House of Football - Centro P. Vismara,Edoardo Gianquinto
3912525,2024-01-13,17:00:00.000,12,131,Serie A Women,281,2023/2024,Regular Season,3152,AS Roma W,3,0,Pomigliano,6755,Stadio Tre Fontane,Jules Roland Andeng Tona Mbei
3912502,2023-11-19,11:30:00.000,8,131,Serie A Women,281,2023/2024,Regular Season,3154,Sassuolo W,0,2,AS Roma W,3152,Stadio Enzo Ricci,Gianluca Renzi
3912483,2023-10-14,16:00:00.000,4,131,Serie A Women,281,2023/2024,Regular Season,11558,Como W,0,0,AC Milan W,3150,Stadio Ferruccio,Abdoulaye Diop
3912492,2023-11-04,14:00:00.000,6,131,Serie A Women,281,2023/2024,Regular Season,1086,Fiorentina W,1,0,AC Milan W,3150,Stadio Curva Fiesole - Viola Park,Michele Delrio
3911870,2023-10-01,10:30:00.000,2,131,Serie A Women,281,2023/2024,Regular Season,3155,Napoli W,0,1,AC Milan W,3150,Stadio Giuseppe Piccolo,Mauro Gangi
3912551,2024-02-17,14:00:00.000,18,131,Serie A Women,281,2023/2024,Regular Season,1086,Fiorentina W,0,1,AS Roma W,3152,Stadio Curva Fiesole - Viola Park,Giorgio Vergaro
3912488,2023-10-22,10:30:00.000,5,131,Serie A Women,281,2023/2024,Regular Season,3150,AC Milan W,4,1,Pomigliano,6755,Puma House of Football - Centro P. Vismara,Gabriele Sacchi
3912479,2023-10-07,17:00:00.000,3,131,Serie A Women,281,2023/2024,Regular Season,3150,AC Milan W,0,1,Juventus W,1076,Puma House of Football - Centro P. Vismara, Alberto Ruben Arena
3912493,2023-11-05,11:30:00.000,6,131,Serie A Women,281,2023/2024,Regular Season,1076,Juventus W,1,3,AS Roma W,3152,Stadio Comunale Vittorio Pozzo Lamarmora,Domenico Mirabella
3912487,2023-10-22,15:00:00.000,5,131,Serie A Women,281,2023/2024,Regular Season,6757,Sampdoria W,0,5,AS Roma W,3152,Stadio Silvio Piola,Lorenzo Maccarini
3912524,2024-01-13,15:15:00.000,12,131,Serie A Women,281,2023/2024,Regular Season,1076,Juventus W,2,1,AC Milan W,3150,Stadio Comunale Vittorio Pozzo Lamarmora,Lorenzo Maccarini
3912518,2023-12-17,14:00:00.000,11,131,Serie A Women,281,2023/2024,Regular Season,11558,Como W,2,3,AS Roma W,3152,Stadio Ferruccio,Mattia Nigro
3912543,2024-02-10,14:00:00.000,16,131,Serie A Women,281,2023/2024,Regular Season,3155,Napoli W,0,1,AS Roma W,3152,Stadio Giuseppe Piccolo,Francesco Zago
3912482,2023-10-15,14:00:00.000,4,131,Serie A Women,281,2023/2024,Regular Season,3152,AS Roma W,2,0,FC Internazionale Milano W,3144,Stadio Tre Fontane,Marco Emmanuele
3912507,2023-11-26,11:30:00.000,9,131,Serie A Women,281,2023/2024,Regular Season,3152,AS Roma W,2,1,Fiorentina W,1086,Stadio Tre Fontane,Silvia Gasperotti
3928989,2024-03-23,14:00:00.000,20,131,Serie A Women,281,2023/2024,Championship Round,3152,AS Roma W,3,0,Sassuolo W,3154,Stadio Tre Fontane,Maria Marotta
3912528,2024-01-22,17:00:00.000,13,131,Serie A Women,281,2023/2024,Regular Season,3150,AC Milan W,3,2,Como W,11558,Puma House of Football - Centro P. Vismara,Davide Gandino
3912515,2023-12-10,11:30:00.000,10,131,Serie A Women,281,2023/2024,Regular Season,3152,AS Roma W,2,1,AC Milan W,3150,Stadio Tre Fontane,Filippo Giaccaglia
3911869,2023-09-30,13:00:00.000,2,131,Serie A Women,281,2023/2024,Regular Season,3152,AS Roma W,4,1,Como W,11558,Stadio Tre Fontane,Gabriele Totaro
3910622,2023-09-17,13:00:00.000,1,131,Serie A Women,281,2023/2024,Regular Season,3150,AC Milan W,2,4,AS Roma W,3152,Puma House of Football - Centro P. Vismara,Domenico Castellone
3929001,2024-04-21,10:30:00.000,23,131,Serie A Women,281,2023/2024,Relegation Play-offs,6757,Sampdoria W,1,3,AC Milan W,3150,Stadio La Sciorba,Edoardo Mazzoni
3929008,2024-05-01,13:00:00.000,25,131,Serie A Women,281,2023/2024,Championship Round,3154,Sassuolo W,5,6,AS Roma W,3152,Stadio Enzo Ricci,Fabrizio Ramondino
3929000,2024-04-20,14:15:00.000,23,131,Serie A Women,281,2023/2024,Championship Round,1086,Fiorentina W,0,0,AS Roma W,3152,Stadio Curva Fiesole - Viola Park,Carlo Rinaldi
3929015,2024-05-05,10:30:00.000,26,131,Serie A Women,281,2023/2024,Championship Round,3152,AS Roma W,4,3,FC Internazionale Milano W,3144,Stadio Tre Fontane,Giuseppe Maria Manzo
3912549,2024-02-13,16:00:00.000,17,131,Serie A Women,281,2023/2024,Regular Season,3152,AS Roma W,3,0,Sassuolo W,3154,Stadio Tre Fontane,Daniele Virgilio
3929017,2024-05-13,16:00:00.000,27,131,Serie A Women,281,2023/2024,Championship Round,1076,Juventus W,3,1,AS Roma W,3152,Stadio Comunale Vittorio Pozzo Lamarmora,Cristiano Ursini
3912554,2024-02-18,16:00:00.000,18,131,Serie A Women,281,2023/2024,Regular Season,3150,AC Milan W,2,1,FC Internazionale Milano W,3144,Puma House of Football - Centro P. Vismara,Matteo Centi
3928993,2024-03-30,17:00:00.000,21,131,Serie A Women,281,2023/2024,Relegation Play-offs,11558,Como W,1,4,AC Milan W,3150,Stadio Ferruccio,Lucio Felice Angelillo
3929013,2024-05-05,13:00:00.000,26,131,Serie A Women,281,2023/2024,Relegation Play-offs,3150,AC Milan W,1,0,Como W,11558,Puma House of Football - Centro P. Vismara,Francesco Burlando
3912504,2023-11-18,17:00:00.000,8,131,Serie A Women,281,2023/2024,Regular Season,3150,AC Milan W,1,1,Sampdoria W,6757,Puma House of Football - Centro P. Vismara,Claudio Allegretta
3928996,2024-04-14,13:00:00.000,22,131,Serie A Women,281,2023/2024,Relegation Play-offs,3150,AC Milan W,3,2,Napoli W,3155,Puma House of Football - Centro P. Vismara,Gabriele Totaro
3929020,2024-05-19,12:30:00.000,28,131,Serie A Women,281,2023/2024,Championship Round,3152,AS Roma W,5,0,Fiorentina W,1086,Stadio Tre Fontane,Valerio Vogliacco
3929009,2024-05-01,10:30:00.000,25,131,Serie A Women,281,2023/2024,Relegation Play-offs,6755,Pomigliano,2,2,AC Milan W,3150,Stadio Amerigo Liguori,Adolfo Baratta
3929016,2024-05-12,10:30:00.000,27,131,Serie A Women,281,2023/2024,Relegation Play-offs,3155,Napoli W,1,1,AC Milan W,3150,Stadio Giuseppe Piccolo,Giorgio Di Cicco
3928991,2024-03-24,11:30:00.000,20,131,Serie A Women,281,2023/2024,Relegation Play-offs,3150,AC Milan W,4,0,Pomigliano,6755,Puma House of Football - Centro P. Vismara,Jules Roland Andeng Tona Mbei
3928997,2024-04-15,16:00:00.000,22,131,Serie A Women,281,2023/2024,Championship Round,3152,AS Roma W,2,1,Juventus W,1076,Stadio Tre Fontane,Lorenzo Maccarini
3912529,2024-01-21,14:00:00.000,13,131,Serie A Women,281,2023/2024,Regular Season,3154,Sassuolo W,0,1,Juventus W,1076,MAPEI Stadium - Città del Tricolore,Andrea Ancora
3912550,2024-02-18,14:00:00.000,18,131,Serie A Women,281,2023/2024,Regular Season,6755,Pomigliano,3,4,Como W,11558,Stadio Comunale Di Palma Campania,Valerio Pezzopane
3912542,2024-02-11,11:00:00.000,16,131,Serie A Women,281,2023/2024,Regular Season,6755,Pomigliano,2,6,FC Internazionale Milano W,3144,Stadio Comunale Di Palma Campania,Mario Perri
3912556,2024-02-04,11:30:00.000,15,131,Serie A Women,281,2023/2024,Regular Season,6757,Sampdoria W,1,0,Pomigliano,6755,Stadio Comunale Luigi Ferraris,Enrico Gigliotti
3912530,2024-01-20,11:30:00.000,13,131,Serie A Women,281,2023/2024,Regular Season,6757,Sampdoria W,0,0,Napoli W,3155,Stadio Comunale Luigi Ferraris,Emanuele Ceriello
3912547,2024-02-14,14:00:00.000,17,131,Serie A Women,281,2023/2024,Regular Season,6757,Sampdoria W,1,3,AC Milan W,3150,Stadio Comunale Luigi Ferraris,Simone Gauzolino
3928986,2024-03-17,15:00:00.000,19,131,Serie A Women,281,2023/2024,Championship Round,3144,FC Internazionale Milano W,3,3,Juventus W,1076,Stadio Giuseppe Meazza    ,Andrea Ancora
3912527,2024-01-20,14:00:00.000,13,131,Serie A Women,281,2023/2024,Regular Season,3144,FC Internazionale Milano W,2,0,AS Roma W,3152,Stadio Giuseppe Meazza    ,Samuele Andreano
3929021,2024-05-19,10:30:00.000,28,131,Serie A Women,281,2023/2024,Relegation Play-offs,6755,Pomigliano,3,1,Napoli W,3155,Stadio Amerigo Liguori,Silvia Gasperotti
3928984,2024-03-16,11:30:00.000,19,131,Serie A Women,281,2023/2024,Relegation Play-offs,6755,Pomigliano,0,5,Sampdoria W,6757,Stadio Amerigo Liguori,Felipe Salvatore Viapiana
3929022,2024-05-18,16:00:00.000,28,131,Serie A Women,281,2023/2024,Relegation Play-offs,3150,AC Milan W,3,1,Sampdoria W,6757,Puma House of Football - Centro P. Vismara,Davide Gandino
3929018,2024-05-12,13:30:00.000,27,131,Serie A Women,281,2023/2024,Relegation Play-offs,11558,Como W,2,0,Pomigliano,6755,Stadio Ferruccio,Gioiele Iacobellis
3912495,2023-11-04,11:30:00.000,6,131,Serie A Women,281,2023/2024,Regular Season,6755,Pomigliano,0,1,Sampdoria W,6757,Stadio Amerigo Liguori,Luigi Catanoso
3929019,2024-05-12,13:00:00.000,27,131,Serie A Women,281,2023/2024,Championship Round,3144,FC Internazionale Milano W,2,4,Sassuolo W,3154,Arena Civica Gianni Brera,Francesco D''Eusanio
3929012,2024-05-06,16:00:00.000,26,131,Serie A Women,281,2023/2024,Championship Round,1086,Fiorentina W,0,2,Juventus W,1076,Stadio Curva Fiesole - Viola Park,Jules Roland Andeng Tona Mbei
3929011,2024-05-01,10:30:00.000,25,131,Serie A Women,281,2023/2024,Championship Round,3144,FC Internazionale Milano W,2,2,Fiorentina W,1086,Arena Civica Gianni Brera,Stefano Milone
3929010,2024-05-01,13:00:00.000,25,131,Serie A Women,281,2023/2024,Relegation Play-offs,11558,Como W,3,1,Sampdoria W,6757,Stadio Ferruccio,Alberto Poli
3929007,2024-04-27,12:30:00.000,24,131,Serie A Women,281,2023/2024,Relegation Play-offs,3155,Napoli W,1,1,Como W,11558,Stadio Giuseppe Piccolo,Emanuele Ceriello
3929006,2024-04-27,10:30:00.000,24,131,Serie A Women,281,2023/2024,Relegation Play-offs,6757,Sampdoria W,2,2,Pomigliano,6755,Stadio La Sciorba,Giorgio Di Cicco
3929004,2024-04-26,18:30:00.000,24,131,Serie A Women,281,2023/2024,Championship Round,1076,Juventus W,0,2,FC Internazionale Milano W,3144,Stadio Comunale Vittorio Pozzo Lamarmora,Gabriele Sacchi
3929002,2024-04-21,13:00:00.000,23,131,Serie A Women,281,2023/2024,Relegation Play-offs,3155,Napoli W,1,1,Pomigliano,6755,Stadio Giuseppe Piccolo,Marco Di Loreto
3928999,2024-04-14,12:30:00.000,22,131,Serie A Women,281,2023/2024,Relegation Play-offs,6755,Pomigliano,1,2,Como W,11558,Stadio Amerigo Liguori,Gabriele Restaldo
3928998,2024-04-13,13:00:00.000,22,131,Serie A Women,281,2023/2024,Championship Round,3154,Sassuolo W,2,1,FC Internazionale Milano W,3144,MAPEI Stadium - Città del Tricolore,Alessandro Silvestri
3928995,2024-03-30,11:30:00.000,21,131,Serie A Women,281,2023/2024,Relegation Play-offs,3155,Napoli W,2,0,Sampdoria W,6757,Stadio Giuseppe Piccolo,Giuseppe Vingo
3928992,2024-03-29,17:30:00.000,21,131,Serie A Women,281,2023/2024,Championship Round,3144,FC Internazionale Milano W,1,2,AS Roma W,3152,Stadio Giuseppe Meazza    ,Andrea Zanotti
3928990,2024-03-24,14:00:00.000,20,131,Serie A Women,281,2023/2024,Championship Round,1086,Fiorentina W,0,3,FC Internazionale Milano W,3144,Stadio Curva Fiesole - Viola Park,Andrea Calzavara
3928988,2024-03-23,11:30:00.000,20,131,Serie A Women,281,2023/2024,Relegation Play-offs,6757,Sampdoria W,1,0,Como W,11558,Stadio La Sciorba,Gabriele Restaldo
3928987,2024-03-17,11:30:00.000,19,131,Serie A Women,281,2023/2024,Relegation Play-offs,11558,Como W,1,1,Napoli W,3155,Stadio Ferruccio,Mattia Nigro
3928985,2024-03-16,14:00:00.000,19,131,Serie A Women,281,2023/2024,Championship Round,3154,Sassuolo W,1,0,Fiorentina W,1086,Stadio Enzo Ricci,Alberto Poli
3912553,2024-02-18,11:30:00.000,18,131,Serie A Women,281,2023/2024,Regular Season,1076,Juventus W,4,1,Napoli W,3155,Stadio Comunale Vittorio Pozzo Lamarmora,Bozzetto Di bergam
3912540,2024-02-11,17:00:00.000,16,131,Serie A Women,281,2023/2024,Regular Season,1076,Juventus W,5,0,Como W,11558,Stadio Comunale Vittorio Pozzo Lamarmora,Gianluca Catanzaro
3912545,2024-02-14,14:00:00.000,17,131,Serie A Women,281,2023/2024,Regular Season,11558,Como W,0,1,Fiorentina W,1086,Stadio Ferruccio,Alfredo Iannello
3912555,2024-02-03,17:00:00.000,15,131,Serie A Women,281,2023/2024,Regular Season,3144,FC Internazionale Milano W,2,3,Como W,11558,Stadio Giuseppe Meazza    ,Gioiele Iacobellis
3912484,2023-10-15,16:00:00.000,4,131,Serie A Women,281,2023/2024,Regular Season,1076,Juventus W,4,0,Sassuolo W,3154,Stadio Comunale Vittorio Pozzo Lamarmora,Giuseppe Vingo
3912537,2024-02-03,11:30:00.000,15,131,Serie A Women,281,2023/2024,Regular Season,3154,Sassuolo W,2,0,Napoli W,3155,MAPEI Stadium - Città del Tricolore,Antonio Di Reda
3912510,2023-11-25,12:45:00.000,9,131,Serie A Women,281,2023/2024,Regular Season,3144,FC Internazionale Milano W,1,0,AC Milan W,3150,Arena Civica Gianni Brera,Maria Marotta
3912512,2023-12-09,11:30:00.000,10,131,Serie A Women,281,2023/2024,Regular Season,3144,FC Internazionale Milano W,1,1,Sampdoria W,6757,Arena Civica Gianni Brera,Aleksandar Djurdjevic
3912505,2023-11-19,15:00:00.000,8,131,Serie A Women,281,2023/2024,Regular Season,1076,Juventus W,5,0,FC Internazionale Milano W,3144,Stadio Comunale Vittorio Pozzo Lamarmora,Leonardo Mastrodomenico
3912536,2024-01-27,13:30:00.000,14,131,Serie A Women,281,2023/2024,Regular Season,3152,AS Roma W,2,0,Sampdoria W,6757,Stadio Tre Fontane,Cristiano Ursini
3912538,2024-02-04,15:00:00.000,15,131,Serie A Women,281,2023/2024,Regular Season,3152,AS Roma W,3,1,Juventus W,1076,Stadio Tre Fontane,Marco Emmanuele
3912535,2024-01-28,11:30:00.000,14,131,Serie A Women,281,2023/2024,Regular Season,6755,Pomigliano,0,0,AC Milan W,3150,Stadio Comunale Di Palma Campania,Domenico Leone
3912519,2023-12-16,11:30:00.000,11,131,Serie A Women,281,2023/2024,Regular Season,3150,AC Milan W,1,1,Napoli W,3155,Puma House of Football - Centro P. Vismara,Giuseppe Maria Manzo
3912521,2023-12-18,17:00:00.000,11,131,Serie A Women,281,2023/2024,Regular Season,1086,Fiorentina W,4,2,FC Internazionale Milano W,3144,Stadio Curva Fiesole - Viola Park,
3912500,2023-11-11,14:00:00.000,7,131,Serie A Women,281,2023/2024,Regular Season,3150,AC Milan W,1,1,Sassuolo W,3154,Puma House of Football - Centro P. Vismara,Carlo Rinaldi
3912513,2023-12-10,14:00:00.000,10,131,Serie A Women,281,2023/2024,Regular Season,3155,Napoli W,0,0,Como W,11558,Stadio Giuseppe Piccolo,Simone Galipò
3912503,2023-11-19,17:00:00.000,8,131,Serie A Women,281,2023/2024,Regular Season,6755,Pomigliano,2,1,Napoli W,3155,Stadio Amerigo Liguori,Valerio Crezzini
3912480,2023-10-08,13:00:00.000,3,131,Serie A Women,281,2023/2024,Regular Season,3154,Sassuolo W,1,2,FC Internazionale Milano W,3144,Stadio Enzo Ricci,Simone Galipò
3912490,2023-10-22,13:00:00.000,5,131,Serie A Women,281,2023/2024,Regular Season,1086,Fiorentina W,1,2,Juventus W,1076,Stadio Curva Fiesole - Viola Park,Francesco Zago
3912496,2023-11-05,17:00:00.000,6,131,Serie A Women,281,2023/2024,Regular Season,11558,Como W,2,1,FC Internazionale Milano W,3144,Stadio Ferruccio,Mattia Ubaldi
3912494,2023-11-05,14:00:00.000,6,131,Serie A Women,281,2023/2024,Regular Season,3155,Napoli W,0,1,Sassuolo W,3154,Stadio Giuseppe Piccolo,Cristiano Ursini
3912486,2023-10-15,10:30:00.000,4,131,Serie A Women,281,2023/2024,Regular Season,6755,Pomigliano,1,4,Fiorentina W,1086,Stadio Amerigo Liguori,Dario Di Francesco
3912477,2023-10-07,13:00:00.000,3,131,Serie A Women,281,2023/2024,Regular Season,6755,Pomigliano,0,5,AS Roma W,3152,Stadio Amerigo Liguori,Antonio Di Reda
3912478,2023-10-07,10:30:00.000,3,131,Serie A Women,281,2023/2024,Regular Season,6757,Sampdoria W,1,2,Como W,11558,Stadio Silvio Piola,Edoardo Mazzoni
3912485,2023-10-14,10:30:00.000,4,131,Serie A Women,281,2023/2024,Regular Season,3155,Napoli W,0,2,Sampdoria W,6757,Stadio Giuseppe Piccolo,Adolfo Baratta
3911873,2023-10-02,16:00:00.000,2,131,Serie A Women,281,2023/2024,Regular Season,3144,FC Internazionale Milano W,1,1,Fiorentina W,1086,Stadio Ernesto Breda,Andrea Calzavara
3911871,2023-10-01,12:30:00.000,2,131,Serie A Women,281,2023/2024,Regular Season,3154,Sassuolo W,1,1,Pomigliano,6755,Stadio Enzo Ricci,Gianluca Renzi
3912552,2024-02-17,11:30:00.000,18,131,Serie A Women,281,2023/2024,Regular Season,3154,Sassuolo W,2,0,Sampdoria W,6757,MAPEI Stadium - Città del Tricolore,Fabio Rosario Luongo
3912548,2024-02-15,19:30:00.000,17,131,Serie A Women,281,2023/2024,Regular Season,3155,Napoli W,2,0,Pomigliano,6755,Stadio Giuseppe Piccolo,Giuseppe Mucera
3912546,2024-02-14,18:00:00.000,17,131,Serie A Women,281,2023/2024,Regular Season,3144,FC Internazionale Milano W,0,2,Juventus W,1076,Stadio Giuseppe Meazza    ,Maria Marotta
3912544,2024-02-11,14:15:00.000,16,131,Serie A Women,281,2023/2024,Regular Season,1086,Fiorentina W,2,1,Sampdoria W,6757,Stadio Curva Fiesole - Viola Park,Filippo Colaninno
3912541,2024-02-10,17:00:00.000,16,131,Serie A Women,281,2023/2024,Regular Season,3154,Sassuolo W,1,0,AC Milan W,3150,MAPEI Stadium - Città del Tricolore,Eugenio Scarpa
3912534,2024-01-27,11:30:00.000,14,131,Serie A Women,281,2023/2024,Regular Season,3155,Napoli W,2,3,FC Internazionale Milano W,3144,Stadio Giuseppe Piccolo,Gabriele Sacchi
3912533,2024-01-29,17:00:00.000,14,131,Serie A Women,281,2023/2024,Regular Season,1076,Juventus W,2,2,Fiorentina W,1086,Stadio Comunale Vittorio Pozzo Lamarmora,Mattia Drigo
3912532,2024-01-28,14:00:00.000,14,131,Serie A Women,281,2023/2024,Regular Season,11558,Como W,0,1,Sassuolo W,3154,Stadio Ferruccio,Edoardo Mazzoni
3912531,2024-01-21,11:30:00.000,13,131,Serie A Women,281,2023/2024,Regular Season,1086,Fiorentina W,3,1,Pomigliano,6755,Stadio Curva Fiesole - Viola Park,Simone Gavini
3912526,2024-01-14,14:00:00.000,12,131,Serie A Women,281,2023/2024,Regular Season,11558,Como W,0,1,Sampdoria W,6757,Stadio Ferruccio,Enrico Cappai
3912523,2024-01-13,11:30:00.000,12,131,Serie A Women,281,2023/2024,Regular Season,3155,Napoli W,2,4,Fiorentina W,1086,Stadio Giuseppe Piccolo,Erminio Cerbasi
3912522,2024-01-14,11:30:00.000,12,131,Serie A Women,281,2023/2024,Regular Season,3144,FC Internazionale Milano W,0,1,Sassuolo W,3154,Stadio Giuseppe Meazza    ,Marco Peletti
3912520,2023-12-16,13:30:00.000,11,131,Serie A Women,281,2023/2024,Regular Season,6757,Sampdoria W,1,0,Juventus W,1076,Stadio La Sciorba,Bozzetto Di bergam
3912517,2023-12-17,11:30:00.000,11,131,Serie A Women,281,2023/2024,Regular Season,6755,Pomigliano,0,2,Sassuolo W,3154,Stadio Amerigo Liguori,Valerio Vogliacco
3912516,2023-12-09,14:00:00.000,10,131,Serie A Women,281,2023/2024,Regular Season,1076,Juventus W,4,0,Pomigliano,6755,Stadio Comunale Vittorio Pozzo Lamarmora,Mattia Caldera
3912508,2023-11-25,13:30:00.000,9,131,Serie A Women,281,2023/2024,Regular Season,11558,Como W,0,0,Pomigliano,6755,Stadio Ferruccio Chittolina,Ermes Cavaliere
3912506,2023-11-18,14:00:00.000,8,131,Serie A Women,281,2023/2024,Regular Season,1086,Fiorentina W,3,0,Como W,11558, Viola Park,Fabrizio Pacella
3912501,2023-11-12,11:30:00.000,7,131,Serie A Women,281,2023/2024,Regular Season,6757,Sampdoria W,0,1,Fiorentina W,1086,Stadio Artemio Franchi    	,Maria Marotta
3912499,2023-11-12,14:00:00.000,7,131,Serie A Women,281,2023/2024,Regular Season,3144,FC Internazionale Milano W,2,1,Pomigliano,6755,Stadio Ernesto Breda,Stefano Nicolini
3912498,2023-11-12,19:30:00.000,7,131,Serie A Women,281,2023/2024,Regular Season,11558,Como W,0,3,Juventus W,1076,Stadio Ferruccio,Andrea Calzavara
3912497,2023-11-11,11:30:00.000,7,131,Serie A Women,281,2023/2024,Regular Season,3152,AS Roma W,6,0,Napoli W,3155,Stadio Tre Fontane,Luca De Angeli
3912491,2023-10-21,16:00:00.000,5,131,Serie A Women,281,2023/2024,Regular Season,3154,Sassuolo W,1,2,Como W,11558,Stadio Enzo Ricci,Andrea Zoppi
3912489,2023-10-21,10:30:00.000,5,131,Serie A Women,281,2023/2024,Regular Season,3144,FC Internazionale Milano W,2,0,Napoli W,3155,Stadio Ernesto Breda,Antonino Costanza
3912481,2023-10-08,10:30:00.000,3,131,Serie A Women,281,2023/2024,Regular Season,1086,Fiorentina W,2,0,Napoli W,3155,Stadio Curva Fiesole - Viola Park,Luca Cherchi
3911872,2023-10-01,16:00:00.000,2,131,Serie A Women,281,2023/2024,Regular Season,1076,Juventus W,4,1,Sampdoria W,6757,Stadio Comunale Vittorio Pozzo Lamarmora,Luca De Angeli
3910624,2023-09-17,16:00:00.000,1,131,Serie A Women,281,2023/2024,Regular Season,6757,Sampdoria W,0,2,FC Internazionale Milano W,3144,Stadio Silvio Piola,Edoardo Gianquinto
3910621,2023-09-16,16:00:00.000,1,131,Serie A Women,281,2023/2024,Regular Season,1086,Fiorentina W,2,1,Sassuolo W,3154,Stadio Comunale Gino Bozzi,Gabriele Sacchi
3910620,2023-09-17,10:30:00.000,1,131,Serie A Women,281,2023/2024,Regular Season,11558,Como W,2,1,Napoli W,3155,Stadio Ferruccio,Silvia Gasperotti
3911779,2023-11-04,11:00:00.000,6,135,Frauen Bundesliga,281,2023/2024,Regular Season,3169,Hoffenheim W,2,3,SC Freiburg,3165,Dietmar-Hopp-Stadion,Karoline Wacker
3912217,2024-03-09,14:00:00.000,15,135,Frauen Bundesliga,281,2023/2024,Regular Season,3169,Hoffenheim W,2,0,Nürnberg W,19106,Dietmar-Hopp-Stadion,Miriam Schwermer
3912219,2024-03-15,17:30:00.000,16,135,Frauen Bundesliga,281,2023/2024,Regular Season,3169,Hoffenheim W,2,1,VfL Wolfsburg WFC,929,Dietmar-Hopp-Stadion,Annika Kost
3911780,2023-11-06,18:30:00.000,6,135,Frauen Bundesliga,281,2023/2024,Regular Season,3168,SV Werder Bremen,0,1,Eintracht Frankfurt W,3170,Weserstadion Platz 11,Anna-Lena Heidenreich
3911802,2023-12-10,13:00:00.000,9,135,Frauen Bundesliga,281,2023/2024,Regular Season,3170,Eintracht Frankfurt W,3,1,Hoffenheim W,3169,Stadion am Brentanobad,Franziska Wildfeuer
3911778,2023-10-22,16:30:00.000,5,135,Frauen Bundesliga,281,2023/2024,Regular Season,19107,RB Leipzig W,0,3,Bayern München W,1069,Trainingszentrum RB Leipzig Platz 1,Laura Duske
3912190,2024-01-27,13:00:00.000,11,135,Frauen Bundesliga,281,2023/2024,Regular Season,1069,Bayern München W,1,0,Hoffenheim W,3169,FC Bayern Campus Platz 1,Nadine Westerhoff
3911800,2023-12-11,18:30:00.000,9,135,Frauen Bundesliga,281,2023/2024,Regular Season,1069,Bayern München W,3,0,TSV Bayer 04 Leverkusen,3166,FC Bayern Campus Platz 1,Fabienne Michel
3911768,2023-10-14,15:55:00.000,4,135,Frauen Bundesliga,281,2023/2024,Regular Season,1069,Bayern München W,0,0,Eintracht Frankfurt W,3170,Allianz Arena,Karoline Wacker
3912203,2024-02-10,13:00:00.000,13,135,Frauen Bundesliga,281,2023/2024,Regular Season,6602,Köln,0,5,Bayern München W,1069,Franz-Kremer-Stadion,Franziska Wildfeuer
3912215,2024-03-09,12:00:00.000,15,135,Frauen Bundesliga,281,2023/2024,Regular Season,3170,Eintracht Frankfurt W,1,2,Bayern München W,1069,Stadion am Brentanobad,Naemi Breier
3911795,2023-11-19,17:30:00.000,8,135,Frauen Bundesliga,281,2023/2024,Regular Season,3168,SV Werder Bremen,0,2,Bayern München W,1069,Weserstadion Platz 11,Nadine Westerhoff
3911788,2023-11-12,17:30:00.000,7,135,Frauen Bundesliga,281,2023/2024,Regular Season,1069,Bayern München W,2,0,Duisburg WFC,924,FC Bayern Campus Platz 1,Miriam Schwermer
3911783,2023-11-05,14:00:00.000,6,135,Frauen Bundesliga,281,2023/2024,Regular Season,1069,Bayern München W,2,1,VfL Wolfsburg WFC,929,FC Bayern Campus Platz 1,Riem Hussein
3912218,2024-03-16,11:00:00.000,16,135,Frauen Bundesliga,281,2023/2024,Regular Season,1069,Bayern München W,5,0,RB Leipzig W,19107,FC Bayern Campus Platz 1,Davina Lutz
3911760,2023-10-02,17:30:00.000,2,135,Frauen Bundesliga,281,2023/2024,Regular Season,1069,Bayern München W,2,0,Köln,6602,FC Bayern Campus Platz 1,Franziska Wildfeuer
3912187,2023-12-17,17:30:00.000,10,135,Frauen Bundesliga,281,2023/2024,Regular Season,19106,Nürnberg W,1,1,Bayern München W,1069,Max-Morlock-Stadion,Sina Diekmann
3911764,2023-10-08,12:00:00.000,3,135,Frauen Bundesliga,281,2023/2024,Regular Season,3164,SGS Essen 19/68,0,2,Bayern München W,1069,Stadion an der Hafenstraße,Naemi Breier
3912197,2024-02-04,13:00:00.000,12,135,Frauen Bundesliga,281,2023/2024,Regular Season,3166,TSV Bayer 04 Leverkusen,1,1,VfL Wolfsburg WFC,929,BayArena,Riem Hussein
3912209,2024-02-18,13:00:00.000,14,135,Frauen Bundesliga,281,2023/2024,Regular Season,3166,TSV Bayer 04 Leverkusen,1,2,Hoffenheim W,3169,BayArena,Sina Diekmann
3912201,2024-02-10,11:00:00.000,13,135,Frauen Bundesliga,281,2023/2024,Regular Season,3169,Hoffenheim W,1,1,SV Werder Bremen,3168,PreZero Arena,Karoline Wacker
3912207,2024-02-17,13:00:00.000,14,135,Frauen Bundesliga,281,2023/2024,Regular Season,19106,Nürnberg W,1,9,VfL Wolfsburg WFC,929,Max-Morlock-Stadion,Naemi Breier
3912254,2024-05-20,16:30:00.000,22,135,Frauen Bundesliga,281,2023/2024,Regular Season,3166,TSV Bayer 04 Leverkusen,2,3,SV Werder Bremen,3168,Ulrich-Haberland-Stadion,Nadine Westerhoff
3912257,2024-05-20,13:30:00.000,22,135,Frauen Bundesliga,281,2023/2024,Regular Season,6602,Köln,0,1,Eintracht Frankfurt W,3170,Franz-Kremer-Stadion,Sina Diekmann
3912259,2024-05-20,16:30:00.000,22,135,Frauen Bundesliga,281,2023/2024,Regular Season,929,VfL Wolfsburg WFC,6,0,SGS Essen 19/68,3164,AOK Stadion,Christine Weigelt
3912255,2024-05-20,16:30:00.000,22,135,Frauen Bundesliga,281,2023/2024,Regular Season,19106,Nürnberg W,2,1,Duisburg WFC,924,Max-Morlock-Stadion,Annika Kost
3912252,2024-05-12,12:00:00.000,21,135,Frauen Bundesliga,281,2023/2024,Regular Season,1069,Bayern München W,4,0,Nürnberg W,19106,FC Bayern Campus Platz 1,Laura Duske
3912246,2024-05-05,19:30:00.000,20,135,Frauen Bundesliga,281,2023/2024,Regular Season,3168,SV Werder Bremen,4,2,Duisburg WFC,924,Weserstadion Platz 11,Miriam Schwermer
3912244,2024-05-05,15:00:00.000,20,135,Frauen Bundesliga,281,2023/2024,Regular Season,3165,SC Freiburg,0,1,SGS Essen 19/68,3164,Dreisamstadion,Melissa Joos
3912238,2024-04-21,14:00:00.000,19,135,Frauen Bundesliga,281,2023/2024,Regular Season,6602,Köln,2,0,SC Freiburg,3165,Franz-Kremer-Stadion,Miriam Schwermer
3912200,2024-02-11,13:00:00.000,13,135,Frauen Bundesliga,281,2023/2024,Regular Season,929,VfL Wolfsburg WFC,3,0,Eintracht Frankfurt W,3170,Volkswagen Arena,Miriam Schwermer
3912239,2024-04-22,17:30:00.000,19,135,Frauen Bundesliga,281,2023/2024,Regular Season,1069,Bayern München W,3,0,SV Werder Bremen,3168,FC Bayern Campus Platz 1,Christine Weigelt
3912240,2024-04-19,18:30:00.000,19,135,Frauen Bundesliga,281,2023/2024,Regular Season,19107,RB Leipzig W,1,0,TSV Bayer 04 Leverkusen,3166,Trainingszentrum RB Leipzig Platz 1,Naemi Breier
3912232,2024-04-15,17:30:00.000,18,135,Frauen Bundesliga,281,2023/2024,Regular Season,3169,Hoffenheim W,1,1,Köln,6602,Dietmar-Hopp-Stadion,Katrin Rafalski
3912233,2024-04-14,16:30:00.000,18,135,Frauen Bundesliga,281,2023/2024,Regular Season,924,Duisburg WFC,1,5,Bayern München W,1069,Schauinsland-Reisen-Arena (Duisburg) MSV-Arena,Annika Kost
3912242,2024-05-06,20:30:00.000,20,135,Frauen Bundesliga,281,2023/2024,Regular Season,19106,Nürnberg W,0,1,RB Leipzig W,19107,Max-Morlock-Stadion,Riem Hussein
3912235,2024-04-13,12:00:00.000,18,135,Frauen Bundesliga,281,2023/2024,Regular Season,3166,TSV Bayer 04 Leverkusen,2,0,Eintracht Frankfurt W,3170,Ulrich-Haberland-Stadion,Davina Lutz
3912249,2024-05-11,13:00:00.000,21,135,Frauen Bundesliga,281,2023/2024,Regular Season,3164,SGS Essen 19/68,2,1,Köln,6602,Stadion an der Hafenstraße,Annika Kost
3912253,2024-05-13,17:30:00.000,21,135,Frauen Bundesliga,281,2023/2024,Regular Season,3170,Eintracht Frankfurt W,4,2,SC Freiburg,3165,Stadion am Brentanobad,Davina Lutz
3912251,2024-05-11,15:00:00.000,21,135,Frauen Bundesliga,281,2023/2024,Regular Season,924,Duisburg WFC,1,3,TSV Bayer 04 Leverkusen,3166,Schauinsland-Reisen-Arena (Duisburg) MSV-Arena,Melissa Joos
3912224,2024-03-23,16:45:00.000,17,135,Frauen Bundesliga,281,2023/2024,Regular Season,929,VfL Wolfsburg WFC,0,4,Bayern München W,1069,Volkswagen Arena,Fabienne Michel
3912241,2024-04-20,12:00:00.000,19,135,Frauen Bundesliga,281,2023/2024,Regular Season,3170,Eintracht Frankfurt W,4,1,Nürnberg W,19106,Stadion am Brentanobad,Franziska Wildfeuer
3912234,2024-04-12,18:30:00.000,18,135,Frauen Bundesliga,281,2023/2024,Regular Season,3168,SV Werder Bremen,1,1,RB Leipzig W,19107,Weserstadion Platz 11,Selina Menzel
3912231,2024-04-13,12:00:00.000,18,135,Frauen Bundesliga,281,2023/2024,Regular Season,3165,SC Freiburg,1,4,VfL Wolfsburg WFC,929,Dreisamstadion,Sina Diekmann
3912222,2024-03-17,15:00:00.000,16,135,Frauen Bundesliga,281,2023/2024,Regular Season,19106,Nürnberg W,0,0,SC Freiburg,3165,Max-Morlock-Platz im Sportpark Valznerweiher,Karoline Wacker
3912223,2024-03-17,17:30:00.000,16,135,Frauen Bundesliga,281,2023/2024,Regular Season,924,Duisburg WFC,1,2,Eintracht Frankfurt W,3170,Schauinsland-Reisen-Arena (Duisburg) MSV-Arena,Laura Duske
3912214,2024-03-08,19:30:00.000,15,135,Frauen Bundesliga,281,2023/2024,Regular Season,3164,SGS Essen 19/68,4,1,Duisburg WFC,924,Stadion an der Hafenstraße,Katrin Rafalski
3912210,2024-02-16,17:30:00.000,14,135,Frauen Bundesliga,281,2023/2024,Regular Season,19107,RB Leipzig W,2,1,Eintracht Frankfurt W,3170,Trainingszentrum RB Leipzig Platz 1,Franziska Wildfeuer
3912221,2024-03-16,15:00:00.000,16,135,Frauen Bundesliga,281,2023/2024,Regular Season,3168,SV Werder Bremen,0,0,SGS Essen 19/68,3164,Weserstadion Platz 11,Christine Weigelt
3912189,2024-01-26,19:30:00.000,11,135,Frauen Bundesliga,281,2023/2024,Regular Season,3168,SV Werder Bremen,2,1,TSV Bayer 04 Leverkusen,3166,Weserstadion Platz 11,Franziska Wildfeuer
3912196,2024-02-05,18:30:00.000,12,135,Frauen Bundesliga,281,2023/2024,Regular Season,1069,Bayern München W,4,0,SC Freiburg,3165,FC Bayern Campus Platz 1,Karoline Wacker
3912199,2024-02-03,15:00:00.000,12,135,Frauen Bundesliga,281,2023/2024,Regular Season,3168,SV Werder Bremen,4,0,Nürnberg W,19106,Weserstadion Platz 11,Nadine Westerhoff
3911785,2023-11-12,15:00:00.000,7,135,Frauen Bundesliga,281,2023/2024,Regular Season,929,VfL Wolfsburg WFC,4,0,SC Freiburg,3165,AOK Stadion,Franziska Wildfeuer
3911801,2023-12-08,19:30:00.000,9,135,Frauen Bundesliga,281,2023/2024,Regular Season,19107,RB Leipzig W,0,0,Nürnberg W,19106,Trainingszentrum RB Leipzig Platz 1,Nadine Westerhoff
3912186,2023-12-18,20:30:00.000,10,135,Frauen Bundesliga,281,2023/2024,Regular Season,929,VfL Wolfsburg WFC,1,0,SV Werder Bremen,3168,AOK Stadion,Katrin Rafalski
3912184,2023-12-16,13:00:00.000,10,135,Frauen Bundesliga,281,2023/2024,Regular Season,3165,SC Freiburg,0,4,Eintracht Frankfurt W,3170,Dreisamstadion,Christine Weigelt
3912185,2023-12-16,13:00:00.000,10,135,Frauen Bundesliga,281,2023/2024,Regular Season,6602,Köln,0,1,SGS Essen 19/68,3164,Franz-Kremer-Stadion,Miriam Schwermer
3911798,2023-12-09,15:00:00.000,9,135,Frauen Bundesliga,281,2023/2024,Regular Season,6602,Köln,1,4,VfL Wolfsburg WFC,929,Franz-Kremer-Stadion,Karoline Wacker
3911787,2023-11-11,15:00:00.000,7,135,Frauen Bundesliga,281,2023/2024,Regular Season,3164,SGS Essen 19/68,5,0,Nürnberg W,19106,Stadion an der Hafenstraße,Melissa Joos
3911784,2023-11-05,19:30:00.000,6,135,Frauen Bundesliga,281,2023/2024,Regular Season,19106,Nürnberg W,1,3,Köln,6602,Max-Morlock-Platz im Sportpark Valznerweiher,Miriam Schwermer
3911786,2023-11-10,17:30:00.000,7,135,Frauen Bundesliga,281,2023/2024,Regular Season,3170,Eintracht Frankfurt W,2,2,TSV Bayer 04 Leverkusen,3166,Stadion am Brentanobad,Nadine Westerhoff
3911796,2023-11-18,11:00:00.000,8,135,Frauen Bundesliga,281,2023/2024,Regular Season,19106,Nürnberg W,0,2,Eintracht Frankfurt W,3170,Max-Morlock-Stadion,Riem Hussein
3911789,2023-11-13,18:30:00.000,7,135,Frauen Bundesliga,281,2023/2024,Regular Season,6602,Köln,1,2,Hoffenheim W,3169,Franz-Kremer-Stadion,Katrin Rafalski
3911769,2023-10-14,15:00:00.000,4,135,Frauen Bundesliga,281,2023/2024,Regular Season,3168,SV Werder Bremen,3,0,Köln,6602,Wohninvest Weserstadion ,Nadine Westerhoff
3911774,2023-10-21,15:00:00.000,5,135,Frauen Bundesliga,281,2023/2024,Regular Season,3164,SGS Essen 19/68,1,1,SV Werder Bremen,3168,Stadion an der Hafenstraße,Christine Weigelt
3911777,2023-10-22,14:00:00.000,5,135,Frauen Bundesliga,281,2023/2024,Regular Season,3170,Eintracht Frankfurt W,5,1,Duisburg WFC,924,Stadion am Brentanobad,Davina Lutz
3911776,2023-10-22,12:00:00.000,5,135,Frauen Bundesliga,281,2023/2024,Regular Season,929,VfL Wolfsburg WFC,2,2,Hoffenheim W,3169,AOK Stadion,Naemi Breier
3911775,2023-10-21,13:00:00.000,5,135,Frauen Bundesliga,281,2023/2024,Regular Season,3165,SC Freiburg,0,2,Nürnberg W,19106,Dreisamstadion,Selina Menzel
3911767,2023-10-13,16:30:00.000,4,135,Frauen Bundesliga,281,2023/2024,Regular Season,19106,Nürnberg W,0,3,Hoffenheim W,3169,Max-Morlock-Stadion,Franziska Wildfeuer
3911765,2023-10-08,19:30:00.000,3,135,Frauen Bundesliga,281,2023/2024,Regular Season,3165,SC Freiburg,2,1,SV Werder Bremen,3168,Dreisamstadion,Davina Lutz
3913800,2023-12-15,19:30:00.000,10,135,Frauen Bundesliga,281,2023/2024,Regular Season,3166,TSV Bayer 04 Leverkusen,4,1,Duisburg WFC,924,Ulrich-Haberland-Stadion,Naemi Breier
3911762,2023-10-07,12:00:00.000,3,135,Frauen Bundesliga,281,2023/2024,Regular Season,3170,Eintracht Frankfurt W,3,1,RB Leipzig W,19107,Stadion am Brentanobad,Riem Hussein
3911763,2023-10-07,13:00:00.000,3,135,Frauen Bundesliga,281,2023/2024,Regular Season,6602,Köln,4,1,Duisburg WFC,924,Franz-Kremer-Stadion,Karoline Wacker
3911758,2023-10-01,19:30:00.000,2,135,Frauen Bundesliga,281,2023/2024,Regular Season,924,Duisburg WFC,2,2,SC Freiburg,3165,Schauinsland-Reisen-Arena (Duisburg) MSV-Arena,Laura Duske
3911757,2023-09-30,12:00:00.000,2,135,Frauen Bundesliga,281,2023/2024,Regular Season,3168,SV Werder Bremen,1,3,Hoffenheim W,3169,Weserstadion Platz 11,Sina Diekmann
3911759,2023-10-01,12:00:00.000,2,135,Frauen Bundesliga,281,2023/2024,Regular Season,3170,Eintracht Frankfurt W,2,4,VfL Wolfsburg WFC,929,Deutsche Bank Park,Fabienne Michel
3912258,2024-05-20,16:30:00.000,22,135,Frauen Bundesliga,281,2023/2024,Regular Season,3165,SC Freiburg,2,1,RB Leipzig W,19107,Dreisamstadion,Karoline Wacker
3912256,2024-05-20,13:30:00.000,22,135,Frauen Bundesliga,281,2023/2024,Regular Season,3169,Hoffenheim W,1,4,Bayern München W,1069,Dietmar-Hopp-Stadion,Naemi Breier
3912250,2024-05-12,19:30:00.000,21,135,Frauen Bundesliga,281,2023/2024,Regular Season,3168,SV Werder Bremen,0,3,VfL Wolfsburg WFC,929,Weserstadion Platz 11,Anna-Lena Heidenreich
3912248,2024-05-10,16:30:00.000,21,135,Frauen Bundesliga,281,2023/2024,Regular Season,19107,RB Leipzig W,3,0,Hoffenheim W,3169,Trainingszentrum RB Leipzig Platz 1,Franziska Wildfeuer
3912247,2024-05-04,10:00:00.000,20,135,Frauen Bundesliga,281,2023/2024,Regular Season,3166,TSV Bayer 04 Leverkusen,1,2,Bayern München W,1069,BayArena,Anna-Lena Heidenreich
3912245,2024-05-03,19:30:00.000,20,135,Frauen Bundesliga,281,2023/2024,Regular Season,929,VfL Wolfsburg WFC,5,1,Köln,6602,AOK Stadion,Laura Duske
3912243,2024-05-04,12:00:00.000,20,135,Frauen Bundesliga,281,2023/2024,Regular Season,3169,Hoffenheim W,1,3,Eintracht Frankfurt W,3170,Dietmar-Hopp-Stadion,Karoline Wacker
3912237,2024-04-21,18:30:00.000,19,135,Frauen Bundesliga,281,2023/2024,Regular Season,924,Duisburg WFC,1,4,VfL Wolfsburg WFC,929,Schauinsland-Reisen-Arena (Duisburg) MSV-Arena,Nadine Westerhoff
3912236,2024-04-20,10:00:00.000,19,135,Frauen Bundesliga,281,2023/2024,Regular Season,3164,SGS Essen 19/68,2,1,Hoffenheim W,3169,Stadion an der Hafenstraße,Laura Duske
3912230,2024-04-14,14:00:00.000,18,135,Frauen Bundesliga,281,2023/2024,Regular Season,19106,Nürnberg W,0,4,SGS Essen 19/68,3164,Max-Morlock-Stadion,Anna-Lena Heidenreich
3912229,2024-03-25,18:30:00.000,17,135,Frauen Bundesliga,281,2023/2024,Regular Season,3170,Eintracht Frankfurt W,2,0,SV Werder Bremen,3168,Stadion am Brentanobad,Karoline Wacker
3912228,2024-03-24,15:00:00.000,17,135,Frauen Bundesliga,281,2023/2024,Regular Season,19107,RB Leipzig W,3,0,Duisburg WFC,924,Trainingszentrum RB Leipzig Platz 1,Sina Diekmann
3912227,2024-03-22,17:30:00.000,17,135,Frauen Bundesliga,281,2023/2024,Regular Season,3165,SC Freiburg,2,4,Hoffenheim W,3169,Dreisamstadion,Davina Lutz
3912226,2024-03-23,15:00:00.000,17,135,Frauen Bundesliga,281,2023/2024,Regular Season,6602,Köln,3,4,Nürnberg W,19106,Franz-Kremer-Stadion,Riem Hussein
3912225,2024-03-24,19:30:00.000,17,135,Frauen Bundesliga,281,2023/2024,Regular Season,3164,SGS Essen 19/68,0,0,TSV Bayer 04 Leverkusen,3166,Stadion an der Hafenstraße,Miriam Schwermer
3912220,2024-03-18,20:30:00.000,16,135,Frauen Bundesliga,281,2023/2024,Regular Season,3166,TSV Bayer 04 Leverkusen,2,0,Köln,6602,Ulrich-Haberland-Stadion,Franziska Wildfeuer
3912216,2024-03-11,20:30:00.000,15,135,Frauen Bundesliga,281,2023/2024,Regular Season,929,VfL Wolfsburg WFC,4,0,RB Leipzig W,19107,AOK Stadion,Anna-Lena Heidenreich
3912213,2024-03-10,15:00:00.000,15,135,Frauen Bundesliga,281,2023/2024,Regular Season,6602,Köln,2,1,SV Werder Bremen,3168,RheinEnergieStadion,Sina Diekmann
3912212,2024-03-10,19:30:00.000,15,135,Frauen Bundesliga,281,2023/2024,Regular Season,3165,SC Freiburg,0,0,TSV Bayer 04 Leverkusen,3166,Dreisamstadion,Selina Menzel
3912211,2024-02-18,15:00:00.000,14,135,Frauen Bundesliga,281,2023/2024,Regular Season,1069,Bayern München W,2,0,SGS Essen 19/68,3164,FC Bayern Campus Platz 1,Anna-Lena Heidenreich
3912208,2024-02-18,19:30:00.000,14,135,Frauen Bundesliga,281,2023/2024,Regular Season,924,Duisburg WFC,0,0,Köln,6602,Schauinsland-Reisen-Arena (Duisburg) MSV-Arena,Karoline Wacker
3912206,2024-02-17,15:00:00.000,14,135,Frauen Bundesliga,281,2023/2024,Regular Season,3168,SV Werder Bremen,0,3,SC Freiburg,3165,Weserstadion Platz 11,Christine Weigelt
3912205,2024-02-12,20:30:00.000,13,135,Frauen Bundesliga,281,2023/2024,Regular Season,19106,Nürnberg W,1,2,TSV Bayer 04 Leverkusen,3166,Max-Morlock-Stadion,Davina Lutz
3912204,2024-02-09,19:30:00.000,13,135,Frauen Bundesliga,281,2023/2024,Regular Season,3164,SGS Essen 19/68,4,4,RB Leipzig W,19107,Stadion an der Hafenstraße,Selina Menzel
3912202,2024-02-11,19:30:00.000,13,135,Frauen Bundesliga,281,2023/2024,Regular Season,3165,SC Freiburg,1,1,Duisburg WFC,924,Dreisamstadion,Naemi Breier
3912198,2024-02-02,17:30:00.000,12,135,Frauen Bundesliga,281,2023/2024,Regular Season,924,Duisburg WFC,0,2,Hoffenheim W,3169,Schauinsland-Reisen-Arena (Duisburg) MSV-Arena,Christine Weigelt
3912195,2024-02-03,13:00:00.000,12,135,Frauen Bundesliga,281,2023/2024,Regular Season,19107,RB Leipzig W,2,1,Köln,6602,Trainingszentrum RB Leipzig Platz 1,Fabienne Michel
3912194,2024-02-04,17:30:00.000,12,135,Frauen Bundesliga,281,2023/2024,Regular Season,3170,Eintracht Frankfurt W,1,0,SGS Essen 19/68,3164,Stadion am Brentanobad,Naemi Breier
3912193,2024-01-28,13:00:00.000,11,135,Frauen Bundesliga,281,2023/2024,Regular Season,3170,Eintracht Frankfurt W,1,0,Köln,6602,Stadion am Brentanobad,Davina Lutz
3912192,2024-01-29,20:30:00.000,11,135,Frauen Bundesliga,281,2023/2024,Regular Season,3164,SGS Essen 19/68,1,3,VfL Wolfsburg WFC,929,Stadion an der Hafenstraße,Katrin Rafalski
3912191,2024-01-27,13:00:00.000,11,135,Frauen Bundesliga,281,2023/2024,Regular Season,19107,RB Leipzig W,0,2,SC Freiburg,3165,Trainingszentrum RB Leipzig Platz 1,Miriam Schwermer
3912188,2024-01-28,19:30:00.000,11,135,Frauen Bundesliga,281,2023/2024,Regular Season,924,Duisburg WFC,1,2,Nürnberg W,19106,Schauinsland-Reisen-Arena (Duisburg) MSV-Arena,Anna-Lena Heidenreich
3912183,2023-12-17,13:00:00.000,10,135,Frauen Bundesliga,281,2023/2024,Regular Season,3169,Hoffenheim W,2,1,RB Leipzig W,19107,Dietmar-Hopp-Stadion,Anna-Lena Heidenreich
3911799,2023-12-10,19:30:00.000,9,135,Frauen Bundesliga,281,2023/2024,Regular Season,924,Duisburg WFC,0,2,SV Werder Bremen,3168,Schauinsland-Reisen-Arena (Duisburg) MSV-Arena,Laura Duske
3911797,2023-12-09,13:00:00.000,9,135,Frauen Bundesliga,281,2023/2024,Regular Season,3164,SGS Essen 19/68,0,1,SC Freiburg,3165,Stadion an der Hafenstraße,Riem Hussein
3911794,2023-11-19,15:00:00.000,8,135,Frauen Bundesliga,281,2023/2024,Regular Season,3166,TSV Bayer 04 Leverkusen,1,1,RB Leipzig W,19107,Ulrich-Haberland-Stadion,Anna-Lena Heidenreich
3911793,2023-11-17,17:30:00.000,8,135,Frauen Bundesliga,281,2023/2024,Regular Season,3169,Hoffenheim W,0,3,SGS Essen 19/68,3164,Dietmar-Hopp-Stadion,Fabienne Michel
3911792,2023-11-20,20:30:00.000,8,135,Frauen Bundesliga,281,2023/2024,Regular Season,3165,SC Freiburg,3,3,Köln,6602,Dreisamstadion,Davina Lutz
3911791,2023-11-18,15:00:00.000,8,135,Frauen Bundesliga,281,2023/2024,Regular Season,929,VfL Wolfsburg WFC,2,0,Duisburg WFC,924,AOK Stadion,Christine Weigelt
3911790,2023-11-11,13:00:00.000,7,135,Frauen Bundesliga,281,2023/2024,Regular Season,19107,RB Leipzig W,0,5,SV Werder Bremen,3168,Trainingszentrum RB Leipzig Platz 1,Sina Diekmann
3911782,2023-11-04,15:00:00.000,6,135,Frauen Bundesliga,281,2023/2024,Regular Season,3166,TSV Bayer 04 Leverkusen,0,0,SGS Essen 19/68,3164,Ulrich-Haberland-Stadion,Franziska Wildfeuer
3911781,2023-11-03,19:30:00.000,6,135,Frauen Bundesliga,281,2023/2024,Regular Season,924,Duisburg WFC,1,1,RB Leipzig W,19107,Schauinsland-Reisen-Arena (Duisburg) MSV-Arena,Naemi Breier
3911773,2023-10-20,19:30:00.000,5,135,Frauen Bundesliga,281,2023/2024,Regular Season,6602,Köln,0,1,TSV Bayer 04 Leverkusen,3166,Franz-Kremer-Stadion,Sina Diekmann
3911772,2023-10-16,20:30:00.000,4,135,Frauen Bundesliga,281,2023/2024,Regular Season,924,Duisburg WFC,0,1,SGS Essen 19/68,3164,Schauinsland-Reisen-Arena (Duisburg) MSV-Arena,Fabienne Michel
3911771,2023-10-15,19:30:00.000,4,135,Frauen Bundesliga,281,2023/2024,Regular Season,3166,TSV Bayer 04 Leverkusen,3,0,SC Freiburg,3165,Ulrich-Haberland-Stadion,Melissa Joos
3911770,2023-10-15,15:00:00.000,4,135,Frauen Bundesliga,281,2023/2024,Regular Season,19107,RB Leipzig W,0,2,VfL Wolfsburg WFC,929,Red Bull Arena,Katrin Rafalski
3911766,2023-10-09,17:30:00.000,3,135,Frauen Bundesliga,281,2023/2024,Regular Season,3169,Hoffenheim W,2,2,TSV Bayer 04 Leverkusen,3166,Dietmar-Hopp-Stadion,Miriam Schwermer
3911761,2023-10-06,19:30:00.000,3,135,Frauen Bundesliga,281,2023/2024,Regular Season,929,VfL Wolfsburg WFC,1,0,Nürnberg W,19106,AOK Stadion,Anna-Lena Heidenreich
3911756,2023-09-30,13:00:00.000,2,135,Frauen Bundesliga,281,2023/2024,Regular Season,3166,TSV Bayer 04 Leverkusen,6,0,Nürnberg W,19106,Ulrich-Haberland-Stadion,Nadine Westerhoff
3911755,2023-09-29,19:30:00.000,2,135,Frauen Bundesliga,281,2023/2024,Regular Season,19107,RB Leipzig W,3,2,SGS Essen 19/68,3164,Trainingszentrum RB Leipzig Platz 1,Miriam Schwermer
3910735,2023-09-17,16:30:00.000,1,135,Frauen Bundesliga,281,2023/2024,Regular Season,3164,SGS Essen 19/68,2,0,Eintracht Frankfurt W,3170,Stadion an der Hafenstraße,Anna-Lena Heidenreich
3910734,2023-09-17,17:00:00.000,1,135,Frauen Bundesliga,281,2023/2024,Regular Season,929,VfL Wolfsburg WFC,3,0,TSV Bayer 04 Leverkusen,3166,AOK Stadion,Angelika Söder
3910733,2023-09-17,15:00:00.000,1,135,Frauen Bundesliga,281,2023/2024,Regular Season,6602,Köln,2,1,RB Leipzig W,19107,Franz-Kremer-Stadion,Davina Lutz
3910732,2023-09-16,15:00:00.000,1,135,Frauen Bundesliga,281,2023/2024,Regular Season,19106,Nürnberg W,1,5,SV Werder Bremen,3168,Max-Morlock-Stadion,Karoline Wacker
3910731,2023-09-16,10:00:00.000,1,135,Frauen Bundesliga,281,2023/2024,Regular Season,3169,Hoffenheim W,9,0,Duisburg WFC,924,Dietmar-Hopp-Stadion,Naemi Breier
3910730,2023-09-15,16:15:00.000,1,135,Frauen Bundesliga,281,2023/2024,Regular Season,3165,SC Freiburg,2,2,Bayern München W,1069,Dreisamstadion,Riem Hussein
3888787,1979-09-07,19:00:00.000,6,1470,FIFA U20 World Cup,274,1979,Final,9763,Argentina U20,3,1,Soviet Union U20,17403,Japan National Stadium (Tōkyō (Tokyo)),José Roberto Ramiz Wright
18245,2018-05-26,20:45:00.000,7,16,Champions League,1,2017/2018,Final,220,Real Madrid,3,1,Liverpool,24,Olympic Stadium,Milorad Mažić
18244,2017-06-03,20:45:00.000,7,16,Champions League,2,2016/2017,Final,224,Juventus,1,4,Real Madrid,220,Principality Stadium,Felix Brych
18235,2010-05-22,20:45:00.000,1,16,Champions League,21,2009/2010,Final,169,Bayern Munich,0,2,Inter Milan,238,Bernabéu,Howard Webb
18236,2011-05-28,20:45:00.000,1,16,Champions League,22,2010/2011,Final,217,Barcelona,3,1,Manchester United,39,Wembley Stadium,Viktor Kassai
18237,2012-05-19,20:45:00.000,1,16,Champions League,23,2011/2012,Final,169,Bayern Munich,1,1,Chelsea,33,Allianz Arena,Pedro Proença
18240,2013-05-25,20:45:00.000,1,16,Champions League,24,2012/2013,Final,180,Borussia Dortmund,1,2,Bayern Munich,169,Wembley Stadium,Nicola Rizzoli
18241,2014-05-24,20:45:00.000,1,16,Champions League,25,2013/2014,Final,220,Real Madrid,4,1,Atlético Madrid,212,Estádio da Luz,Björn Kuipers
18242,2015-06-06,20:45:00.000,1,16,Champions League,26,2014/2015,Final,224,Juventus,1,3,Barcelona,217,Olympiastadion Berlin,Cüneyt Çakιr
18243,2016-05-28,20:45:00.000,1,16,Champions League,27,2015/2016,Final,220,Real Madrid,1,1,Atlético Madrid,212,Stadio Giuseppe Meazza    ,Mark Clattenburg
3888711,1971-06-02,22:45:00.000,1,16,Champions League,276,1970/1971,Final,806,Ajax,2,0,Panathinaikos,952,Wembley Stadium,Jack Taylor
3888706,1973-05-30,22:30:00.000,1,16,Champions League,277,1972/1973,Final,806,Ajax,1,0,Juventus,224,Stadion Rajko Mitić,
2302764,2005-05-25,,1,16,Champions League,37,2004/2005,Final,243,AC Milan,3,3,Liverpool,24,Atatürk Olimpiyat Stadı,
3750200,2007-05-23,20:45:00.000,1,16,Champions League,39,2006/2007,Final,243,AC Milan,2,1,Liverpool,24,Olympiako Stadio Spyros Louis,Herbert Fandel
22912,2019-06-01,21:00:00.000,13,16,Champions League,4,2018/2019,Final,38,Tottenham Hotspur,0,2,Liverpool,24,Estádio Cívitas Metropolitano,Damir Skomina
3750201,2009-05-27,20:45:00.000,1,16,Champions League,41,2008/2009,Final,217,Barcelona,2,0,Manchester United,39,Estadio Olímpico,Massimo Busacca
3752619,2004-05-26,,1,16,Champions League,44,2003/2004,Final,129,AS Monaco,0,3,FC Porto,256,VELTINS-Arena,
3750235,1972-05-31,,13,16,Champions League,71,1971/1972,Final,806,Ajax,2,0,Inter Milan,238,Stadion Feijenoord (De Kuip),Robert Helies
3750240,1999-11-23,,1,16,Champions League,76,1999/2000,1st Round,239,Fiorentina,2,0,Manchester United,39,Stadio Artemio Franchi    	,Bernd  Heynemann
3911491,2024-02-18,15:00:00.000,18,182,Liga F,281,2023/2024,Regular Season,3282,Real Madrid CF W,2,1,Costa Adeje Tenerife,3269,Estadio Alfredo Di Stéfano,María Eugenia Gil
3910995,2023-12-09,17:30:00.000,11,182,Liga F,281,2023/2024,Regular Season,3282,Real Madrid CF W,1,3,Sevilla FC,3281,Estadio Alfredo Di Stéfano,Olatz Rivera Olmedo
3911510,2024-03-16,19:00:00.000,20,182,Liga F,281,2023/2024,Regular Season,3282,Real Madrid CF W,1,0,SD Eibar,3275,Estadio Alfredo Di Stéfano,Beatriz Cuesta Arribas
3911515,2024-03-24,17:00:00.000,21,182,Liga F,281,2023/2024,Regular Season,3282,Real Madrid CF W,0,3,Barcelona WFC,937,Estadio Alfredo Di Stéfano,Olatz Rivera Olmedo
3911296,2024-01-07,17:00:00.000,13,182,Liga F,281,2023/2024,Regular Season,3282,Real Madrid CF W,2,1,Madrid CFF,3278,Estadio Alfredo Di Stéfano,Zulema González González
3911637,2024-06-09,16:30:00.000,29,182,Liga F,281,2023/2024,Regular Season,3282,Real Madrid CF W,1,0,Athletic Club Bilbao,3270,Estadio Alfredo Di Stéfano,Amy Peñalver Pearce
3911010,2023-12-16,11:00:00.000,12,182,Liga F,281,2023/2024,Regular Season,1105,Atletico Madrid W,1,1,Real Sociedad de Fútbol,3272,Centro Deportivo Alcalá de Henares,Ylenia Sánchez Miguel
3910954,2023-10-15,16:30:00.000,5,182,Liga F,281,2023/2024,Regular Season,1105,Atletico Madrid W,0,1,Barcelona WFC,937,Centro Deportivo Alcalá de Henares,Zulema González González
3910942,2023-10-07,10:00:00.000,4,182,Liga F,281,2023/2024,Regular Season,1105,Atletico Madrid W,2,1,Sevilla FC,3281,Centro Deportivo Alcalá de Henares,Raquel Suárez González
3910968,2023-11-05,11:00:00.000,7,182,Liga F,281,2023/2024,Regular Season,3269,Costa Adeje Tenerife,2,1,Atletico Madrid W,1105,Campo de Fútbol de Adeje,Andrea Fernández Firvida
3910934,2023-09-30,10:00:00.000,3,182,Liga F,281,2023/2024,Regular Season,3274,Levante UD Femenino,1,1,Atletico Madrid W,1105,Ciudad Deportiva de Buñol - Campo 1,María Eugenia Gil
3910996,2023-12-10,15:30:00.000,11,182,Liga F,281,2023/2024,Regular Season,3279,Real Betis Balompié,0,2,Atletico Madrid W,1105,Ciudad Deportiva Luis de Sol,Amy Peñalver Pearce
3910984,2023-11-19,15:00:00.000,9,182,Liga F,281,2023/2024,Regular Season,3278,Madrid CFF,1,4,Atletico Madrid W,1105,Estadio Fernando Torres,Marta Huerta de Aza
3911308,2024-01-27,17:30:00.000,15,182,Liga F,281,2023/2024,Regular Season,3270,Athletic Club Bilbao,0,1,Real Madrid CF W,3282,Estadio San Mamés,Paola Cebollada López
3911294,2024-01-07,15:00:00.000,13,182,Liga F,281,2023/2024,Regular Season,3277,Valencia CF,1,6,Atletico Madrid W,1105,Estadio de Mestalla,Patricia Luna Varo
3911309,2024-01-27,11:00:00.000,15,182,Liga F,281,2023/2024,Regular Season,3277,Valencia CF,1,1,Costa Adeje Tenerife,3269,Estadio de Mestalla,Andrea Fernández Firvida
3911633,2024-06-09,18:30:00.000,29,182,Liga F,281,2023/2024,Regular Season,6604,Villarreal,2,0,CD Sporting de Huelva,3280,Estadio de la Cerámica,Alicia Espinosa Ríos
3910970,2023-11-04,17:00:00.000,7,182,Liga F,281,2023/2024,Regular Season,3277,Valencia CF,2,0,CD Sporting de Huelva,3280,Estadio Antonio Puchades,Elisabeth Calvo Valentín
3911641,2024-06-14,17:00:00.000,30,182,Liga F,281,2023/2024,Regular Season,3280,CD Sporting de Huelva,1,4,Real Madrid CF W,3282,Estadio Nuevo Colombino,Raquel Suárez González
3911644,2024-06-15,13:00:00.000,30,182,Liga F,281,2023/2024,Regular Season,3275,SD Eibar,0,2,Granada W,18938,Estadio Municipal de Ipurúa,Zulema González González
3911642,2024-06-15,13:00:00.000,30,182,Liga F,281,2023/2024,Regular Season,3272,Real Sociedad de Fútbol,2,2,FC Levante Badalona,11864,Instalaciones de Zubieta,Andrea Fernández Firvida
3911647,2024-06-15,10:00:00.000,30,182,Liga F,281,2023/2024,Regular Season,1105,Atletico Madrid W,1,0,Villarreal,6604,Centro Deportivo Alcalá de Henares,Olatz Rivera Olmedo
3911645,2024-06-15,13:00:00.000,30,182,Liga F,281,2023/2024,Regular Season,3279,Real Betis Balompié,1,0,Costa Adeje Tenerife,3269,Ciudad Deportiva Luis de Sol,Paola Cebollada López
3911630,2024-05-25,13:00:00.000,28,182,Liga F,281,2023/2024,Regular Season,3280,CD Sporting de Huelva,2,1,Granada W,18938,Ciudad Deportiva Decáno del Fútbol Español,Marta Huerta de Aza
3911560,2024-05-12,21:30:00.000,27,182,Liga F,281,2023/2024,Regular Season,3278,Madrid CFF,6,1,Valencia CF,3277,Estadio Fernando Torres,Olatz Rivera Olmedo
3911627,2024-05-25,13:00:00.000,28,182,Liga F,281,2023/2024,Regular Season,3274,Levante UD Femenino,2,1,Villarreal,6604,Ciudad Deportiva de Buñol - Campo 1,María Planes Terol
3911626,2024-05-24,19:00:00.000,28,182,Liga F,281,2023/2024,Regular Season,3270,Athletic Club Bilbao,4,1,Costa Adeje Tenerife,3269,Instalaciones de Lezama Campo 2,Elisabeth Calvo Valentín
3911566,2024-05-10,19:30:00.000,27,182,Liga F,281,2023/2024,Regular Season,6604,Villarreal,1,1,SD Eibar,3275,Ciudad Deportiva del Villarreal,Paola Cebollada López
3911551,2024-05-04,19:00:00.000,26,182,Liga F,281,2023/2024,Regular Season,3270,Athletic Club Bilbao,1,0,Villarreal,6604,Instalaciones de Lezama Campo 2,Zulema González González
3911552,2024-05-04,10:00:00.000,26,182,Liga F,281,2023/2024,Regular Season,1105,Atletico Madrid W,1,0,Costa Adeje Tenerife,3269,Centro Deportivo Alcalá de Henares,Ylenia Sánchez Miguel
3911549,2024-04-27,13:00:00.000,25,182,Liga F,281,2023/2024,Regular Season,6604,Villarreal,1,2,Granada W,18938,Ciudad Deportiva del Villarreal,Ainara Andrea Acevedo Dudley
3911550,2024-04-27,17:00:00.000,25,182,Liga F,281,2023/2024,Regular Season,3281,Sevilla FC,1,3,Levante UD Femenino,3274,Estadio Jesús Navas,Elia María Martínez Martínez
3911559,2024-05-11,19:00:00.000,27,182,Liga F,281,2023/2024,Regular Season,11864,FC Levante Badalona,1,1,Levante UD Femenino,3274,Camp Municipal Les Planes,Beatriz Cuesta Arribas
3911564,2024-05-11,13:00:00.000,27,182,Liga F,281,2023/2024,Regular Season,18938,Granada W,2,3,Real Betis Balompié,3279,Ciudad Deportiva del Granada CF,Arantza Gallastegui Pérez
3911562,2024-05-10,21:30:00.000,27,182,Liga F,281,2023/2024,Regular Season,937,Barcelona WFC,7,0,Athletic Club Bilbao,3270,Estadi Johan Cruyff,Elena Arnillas
3911535,2024-04-21,10:00:00.000,24,182,Liga F,281,2023/2024,Regular Season,1105,Atletico Madrid W,5,1,Real Betis Balompié,3279,Estádio Cívitas Metropolitano,Elia María Martínez Martínez
3911538,2024-04-20,18:00:00.000,24,182,Liga F,281,2023/2024,Regular Season,3278,Madrid CFF,2,1,Athletic Club Bilbao,3270,Estadio Fernando Torres,Ylenia Sánchez Miguel
3911536,2024-04-20,14:00:00.000,24,182,Liga F,281,2023/2024,Regular Season,18938,Granada W,2,1,Costa Adeje Tenerife,3269,Ciudad Deportiva del Granada CF,Elisabeth Calvo Valentín
3911537,2024-04-20,10:00:00.000,24,182,Liga F,281,2023/2024,Regular Season,3274,Levante UD Femenino,2,4,Real Madrid CF W,3282,Ciudad Deportiva de Buñol - Campo 1,María Planes Terol
3911530,2024-04-13,14:00:00.000,23,182,Liga F,281,2023/2024,Regular Season,3275,SD Eibar,3,0,Sevilla FC,3281,Estadio Municipal de Ipurúa,Elisabeth Calvo Valentín
3911532,2024-04-14,15:00:00.000,23,182,Liga F,281,2023/2024,Regular Season,3277,Valencia CF,1,1,Levante UD Femenino,3274,Estadio Antonio Puchades,Paola Cebollada López
3911529,2024-04-13,12:00:00.000,23,182,Liga F,281,2023/2024,Regular Season,3272,Real Sociedad de Fútbol,1,1,CD Sporting de Huelva,3280,Instalaciones de Zubieta,María Eugenia Gil
3911528,2024-04-13,18:30:00.000,23,182,Liga F,281,2023/2024,Regular Season,937,Barcelona WFC,5,1,Villarreal,6604,Estadi Johan Cruyff,Andrea Fernández Firvida
3911556,2024-05-04,21:30:00.000,26,182,Liga F,281,2023/2024,Regular Season,18938,Granada W,1,4,Barcelona WFC,937,Estadio Nuevo Los Cármenes,María Planes Terol
3911545,2024-04-27,13:00:00.000,25,182,Liga F,281,2023/2024,Regular Season,3269,Costa Adeje Tenerife,1,0,Valencia CF,3277,Campo de Fútbol de Adeje,María Eugenia Gil
3911508,2024-03-16,17:00:00.000,20,182,Liga F,281,2023/2024,Regular Season,3280,CD Sporting de Huelva,1,1,Levante UD Femenino,3274,Ciudad Deportiva Decáno del Fútbol Español,Paola Cebollada López
3911521,2024-03-31,14:00:00.000,22,182,Liga F,281,2023/2024,Regular Season,18938,Granada W,3,0,Madrid CFF,3278,Ciudad Deportiva del Granada CF,Paola Cebollada López
3911523,2024-03-31,12:00:00.000,22,182,Liga F,281,2023/2024,Regular Season,3280,CD Sporting de Huelva,1,2,Costa Adeje Tenerife,3269,Ciudad Deportiva Decáno del Fútbol Español,Elia María Martínez Martínez
3911513,2024-03-23,19:00:00.000,21,182,Liga F,281,2023/2024,Regular Season,3272,Real Sociedad de Fútbol,0,1,Athletic Club Bilbao,3270,Reale Arena,María Planes Terol
3911506,2024-03-17,11:00:00.000,20,182,Liga F,281,2023/2024,Regular Season,18938,Granada W,0,1,Atletico Madrid W,1105,Estadio Nuevo Los Cármenes,Zulema González González
3911503,2024-03-17,17:00:00.000,20,182,Liga F,281,2023/2024,Regular Season,3270,Athletic Club Bilbao,2,0,Valencia CF,3277,San Mamés Barria,Amy Peñalver Pearce
3911504,2024-03-17,15:00:00.000,20,182,Liga F,281,2023/2024,Regular Season,937,Barcelona WFC,7,0,Costa Adeje Tenerife,3269,Estadi Johan Cruyff,Patricia Luna Varo
3911518,2024-03-23,13:00:00.000,21,182,Liga F,281,2023/2024,Regular Season,3269,Costa Adeje Tenerife,5,0,Sevilla FC,3281,Campo de Fútbol de Adeje,Raquel Suárez González
3911495,2024-03-09,17:30:00.000,19,182,Liga F,281,2023/2024,Regular Season,3278,Madrid CFF,1,2,SD Eibar,3275,Estadio Fernando Torres,Elena Arnillas
3911496,2024-03-10,17:00:00.000,19,182,Liga F,281,2023/2024,Regular Season,1105,Atletico Madrid W,1,0,CD Sporting de Huelva,3280,Centro Deportivo Alcalá de Henares,María Planes Terol
3911498,2024-03-10,15:00:00.000,19,182,Liga F,281,2023/2024,Regular Season,3272,Real Sociedad de Fútbol,1,7,Barcelona WFC,937,Instalaciones de Zubieta,Andrea Fernández Firvida
3911525,2024-03-30,18:00:00.000,22,182,Liga F,281,2023/2024,Regular Season,6604,Villarreal,0,2,Real Madrid CF W,3282,Ciudad Deportiva del Villarreal,Elena Arnillas
3911526,2024-03-30,13:00:00.000,22,182,Liga F,281,2023/2024,Regular Season,3281,Sevilla FC,4,2,Real Sociedad de Fútbol,3272,Estadio Jesús Navas,Zulema González González
3911517,2024-03-23,17:00:00.000,21,182,Liga F,281,2023/2024,Regular Season,3274,Levante UD Femenino,7,0,Real Betis Balompié,3279,Ciudad Deportiva de Buñol - Campo 1,Beatriz Cuesta Arribas
3911520,2024-03-30,15:00:00.000,22,182,Liga F,281,2023/2024,Regular Season,1105,Atletico Madrid W,1,0,Valencia CF,3277,Centro Deportivo Alcalá de Henares,Patricia Luna Varo
3911499,2024-03-09,15:00:00.000,19,182,Liga F,281,2023/2024,Regular Season,11864,FC Levante Badalona,1,2,Granada W,18938,Camp Municipal Les Planes,Arantza Gallastegui Pérez
3911501,2024-03-09,17:30:00.000,19,182,Liga F,281,2023/2024,Regular Season,3281,Sevilla FC,0,1,Real Madrid CF W,3282,Estadio Jesús Navas,Amy Peñalver Pearce
3911472,2024-02-04,19:00:00.000,16,182,Liga F,281,2023/2024,Regular Season,937,Barcelona WFC,4,0,CD Sporting de Huelva,3280,Estadi Johan Cruyff,Elia María Martínez Martínez
3911475,2024-02-03,19:30:00.000,16,182,Liga F,281,2023/2024,Regular Season,6604,Villarreal,2,1,Real Betis Balompié,3279,Ciudad Deportiva del Villarreal,Elisabeth Calvo Valentín
3911477,2024-02-03,13:00:00.000,16,182,Liga F,281,2023/2024,Regular Season,18938,Granada W,2,0,Athletic Club Bilbao,3270,Ciudad Deportiva del Granada CF,Ainara Andrea Acevedo Dudley
3911314,2024-01-27,17:30:00.000,15,182,Liga F,281,2023/2024,Regular Season,3280,CD Sporting de Huelva,0,1,Villarreal,6604,Ciudad Deportiva Francisco Rubio Garcés,Beatriz Cuesta Arribas
3911312,2024-01-28,13:00:00.000,15,182,Liga F,281,2023/2024,Regular Season,3274,Levante UD Femenino,2,2,Granada W,18938,Ciudad Deportiva de Buñol - Campo 1,Elena Arnillas
3911311,2024-01-28,17:00:00.000,15,182,Liga F,281,2023/2024,Regular Season,3272,Real Sociedad de Fútbol,1,1,Madrid CFF,3278,Instalaciones de Zubieta,Patricia Luna Varo
3911300,2024-01-20,15:00:00.000,14,182,Liga F,281,2023/2024,Regular Season,11864,FC Levante Badalona,0,2,Real Sociedad de Fútbol,3272,Camp Municipal Les Planes,Elia María Martínez Martínez
3911305,2024-01-21,15:00:00.000,14,182,Liga F,281,2023/2024,Regular Season,18938,Granada W,0,1,CD Sporting de Huelva,3280,Ciudad Deportiva del Granada CF,Ylenia Sánchez Miguel
3911474,2024-02-03,19:30:00.000,16,182,Liga F,281,2023/2024,Regular Season,3282,Real Madrid CF W,7,1,Valencia CF,3277,Estadio Alfredo Di Stéfano,Ylenia Sánchez Miguel
3910937,2023-10-01,10:00:00.000,3,182,Liga F,281,2023/2024,Regular Season,3269,Costa Adeje Tenerife,1,2,Real Madrid CF W,3282,Campo de Fútbol de Adeje,Arantza Gallastegui Pérez
3910952,2023-10-15,13:00:00.000,5,182,Liga F,281,2023/2024,Regular Season,3269,Costa Adeje Tenerife,1,0,Real Betis Balompié,3279,Campo de Fútbol de Adeje,Elena Arnillas
3911302,2024-01-21,13:00:00.000,14,182,Liga F,281,2023/2024,Regular Season,3269,Costa Adeje Tenerife,1,1,Athletic Club Bilbao,3270,Campo de Fútbol de Adeje,Patricia Luna Varo
3911297,2024-01-07,21:00:00.000,13,182,Liga F,281,2023/2024,Regular Season,3280,CD Sporting de Huelva,1,3,Sevilla FC,3281,Ciudad Deportiva Decáno del Fútbol Español,Amy Peñalver Pearce
3911313,2024-01-27,13:00:00.000,15,182,Liga F,281,2023/2024,Regular Season,11864,FC Levante Badalona,1,1,Atletico Madrid W,1105,Camp Municipal Les Planes,Marta Huerta de Aza
3911301,2024-01-20,17:30:00.000,14,182,Liga F,281,2023/2024,Regular Season,3278,Madrid CFF,3,1,Real Betis Balompié,3279,Estadio Fernando Torres,Arantza Gallastegui Pérez
3911306,2024-02-14,19:00:00.000,14,182,Liga F,281,2023/2024,Regular Season,937,Barcelona WFC,1,1,Levante UD Femenino,3274,Estadi Johan Cruyff,Beatriz Cuesta Arribas
3911307,2024-02-14,19:00:00.000,14,182,Liga F,281,2023/2024,Regular Season,1105,Atletico Madrid W,1,1,Real Madrid CF W,3282,Centro Deportivo Alcalá de Henares,Ainara Andrea Acevedo Dudley
3911303,2024-01-20,13:00:00.000,14,182,Liga F,281,2023/2024,Regular Season,3281,Sevilla FC,3,1,Villarreal,6604,Estadio Jesús Navas,Elena Arnillas
3911293,2024-01-06,19:30:00.000,13,182,Liga F,281,2023/2024,Regular Season,937,Barcelona WFC,9,1,FC Levante Badalona,11864,Estadi Johan Cruyff,Alicia Espinosa Ríos
3911003,2023-12-17,13:00:00.000,12,182,Liga F,281,2023/2024,Regular Season,11864,FC Levante Badalona,0,2,Real Madrid CF W,3282,Ciudad Deportiva de Buñol - Campo 1,Andrea Fernández Firvida
3911004,2023-12-17,17:30:00.000,12,182,Liga F,281,2023/2024,Regular Season,18938,Granada W,0,1,Valencia CF,3277,Estadio Nuevo Los Cármenes,Alicia Espinosa Ríos
3911002,2023-12-10,13:00:00.000,11,182,Liga F,281,2023/2024,Regular Season,3270,Athletic Club Bilbao,1,0,Levante UD Femenino,3274,Instalaciones de Lezama Campo 2,Beatriz Cuesta Arribas
3910998,2023-12-09,13:00:00.000,11,182,Liga F,281,2023/2024,Regular Season,3269,Costa Adeje Tenerife,2,0,Granada W,18938,Campo de Fútbol de Adeje,Andrea Fernández Firvida
3911009,2023-12-16,19:30:00.000,12,182,Liga F,281,2023/2024,Regular Season,3275,SD Eibar,3,2,Real Betis Balompié,3279,Estadio Municipal de Ipurúa,Zulema González González
3911006,2023-12-16,15:00:00.000,12,182,Liga F,281,2023/2024,Regular Season,3278,Madrid CFF,2,0,Villarreal,6604,Estadio Fernando Torres,Elena Arnillas
3911000,2023-12-09,15:00:00.000,11,182,Liga F,281,2023/2024,Regular Season,3280,CD Sporting de Huelva,1,2,Real Sociedad de Fútbol,3272,Ciudad Deportiva Decáno del Fútbol Español,Marta Huerta de Aza
3910987,2023-11-26,11:00:00.000,10,182,Liga F,281,2023/2024,Regular Season,1105,Atletico Madrid W,2,0,Granada W,18938,Centro Deportivo Alcalá de Henares,Arantza Gallastegui Pérez
3910991,2023-11-25,21:30:00.000,10,182,Liga F,281,2023/2024,Regular Season,3281,Sevilla FC,6,0,Real Betis Balompié,3279,Estadio Jesús Navas,Elisabeth Calvo Valentín
3910980,2023-11-19,19:00:00.000,9,182,Liga F,281,2023/2024,Regular Season,3279,Real Betis Balompié,1,0,FC Levante Badalona,11864,Ciudad Deportiva Luis de Sol,Elia María Martínez Martínez
3910971,2023-11-11,11:00:00.000,8,182,Liga F,281,2023/2024,Regular Season,1105,Atletico Madrid W,3,0,SD Eibar,3275,Centro Deportivo Alcalá de Henares,María Planes Terol
3910956,2023-10-22,17:00:00.000,6,182,Liga F,281,2023/2024,Regular Season,11864,FC Levante Badalona,1,2,Sevilla FC,3281,Camp Municipal Les Planes,Paola Cebollada López
3910958,2023-10-21,13:00:00.000,6,182,Liga F,281,2023/2024,Regular Season,3279,Real Betis Balompié,2,2,Valencia CF,3277,Ciudad Deportiva Luis de Sol,Olatz Rivera Olmedo
3910974,2023-11-10,19:00:00.000,8,182,Liga F,281,2023/2024,Regular Season,3282,Real Madrid CF W,7,1,Real Sociedad de Fútbol,3272,Estadio Alfredo Di Stéfano,Paola Cebollada López
3910967,2023-11-04,14:30:00.000,7,182,Liga F,281,2023/2024,Regular Season,3279,Real Betis Balompié,1,0,Athletic Club Bilbao,3270,Ciudad Deportiva Luis de Sol,Ainara Andrea Acevedo Dudley
3910965,2023-11-04,13:00:00.000,7,182,Liga F,281,2023/2024,Regular Season,3272,Real Sociedad de Fútbol,1,0,Villarreal,6604,Instalaciones de Zubieta,Alicia Espinosa Ríos
3910977,2023-11-11,19:30:00.000,8,182,Liga F,281,2023/2024,Regular Season,3280,CD Sporting de Huelva,1,3,Real Betis Balompié,3279,Campo del CD Lamiya,Zulema González González
3910981,2023-11-18,17:00:00.000,9,182,Liga F,281,2023/2024,Regular Season,3272,Real Sociedad de Fútbol,1,2,Sevilla FC,3281,Instalaciones de Zubieta,Raquel Suárez González
3910985,2023-11-18,13:00:00.000,9,182,Liga F,281,2023/2024,Regular Season,3269,Costa Adeje Tenerife,0,1,Levante UD Femenino,3274,Campo de Fútbol de Adeje,Patricia Luna Varo
3910983,2023-11-18,21:30:00.000,9,182,Liga F,281,2023/2024,Regular Season,3277,Valencia CF,1,2,Athletic Club Bilbao,3270,Estadio Antonio Puchades,Amy Peñalver Pearce
3910966,2023-11-04,17:30:00.000,7,182,Liga F,281,2023/2024,Regular Season,3275,SD Eibar,0,1,Real Madrid CF W,3282,Estadio Municipal de Ipurúa,Elia María Martínez Martínez
3910982,2023-11-18,19:30:00.000,9,182,Liga F,281,2023/2024,Regular Season,3275,SD Eibar,1,0,CD Sporting de Huelva,3280,Estadio Municipal de Ipurúa,Alicia Espinosa Ríos
3910953,2023-10-14,19:30:00.000,5,182,Liga F,281,2023/2024,Regular Season,3272,Real Sociedad de Fútbol,3,1,SD Eibar,3275,Instalaciones de Zubieta,María Eugenia Gil
3910955,2023-10-21,19:30:00.000,6,182,Liga F,281,2023/2024,Regular Season,937,Barcelona WFC,6,1,Granada W,18938,Estadi Johan Cruyff,Elia María Martínez Martínez
3911648,2024-06-16,18:00:00.000,30,182,Liga F,281,2023/2024,Regular Season,3270,Athletic Club Bilbao,2,1,Sevilla FC,3281,San Mamés Barria,Elena Arnillas
3911646,2024-06-15,13:00:00.000,30,182,Liga F,281,2023/2024,Regular Season,3274,Levante UD Femenino,3,0,Madrid CFF,3278,Ciudad Deportiva de Buñol - Campo 1,Marta Huerta de Aza
3911643,2024-06-16,13:00:00.000,30,182,Liga F,281,2023/2024,Regular Season,3277,Valencia CF,0,3,Barcelona WFC,937,Estadio Antonio Puchades,Patricia Luna Varo
3911640,2024-06-09,21:30:00.000,29,182,Liga F,281,2023/2024,Regular Season,11864,FC Levante Badalona,3,0,Valencia CF,3277,Camp Municipal Les Planes,María Planes Terol
3911639,2024-06-09,21:30:00.000,29,182,Liga F,281,2023/2024,Regular Season,18938,Granada W,0,3,Levante UD Femenino,3274,Estadio Municipal Escribano Castilla,María Eugenia Gil
3911638,2024-06-09,13:00:00.000,29,182,Liga F,281,2023/2024,Regular Season,3278,Madrid CFF,2,3,Real Sociedad de Fútbol,3272,Estadio Fernando Torres,Zulema González González
3911636,2024-06-09,21:30:00.000,29,182,Liga F,281,2023/2024,Regular Season,937,Barcelona WFC,5,1,Real Betis Balompié,3279,Estadi Johan Cruyff,Elia María Martínez Martínez
3911635,2024-06-09,13:00:00.000,29,182,Liga F,281,2023/2024,Regular Season,3269,Costa Adeje Tenerife,1,1,SD Eibar,3275,Campo de Fútbol de Adeje,Beatriz Cuesta Arribas
3911634,2024-06-09,18:30:00.000,29,182,Liga F,281,2023/2024,Regular Season,3281,Sevilla FC,1,1,Atletico Madrid W,1105,Estadio Jesús Navas,Ainara Andrea Acevedo Dudley
3911632,2024-05-26,13:00:00.000,28,182,Liga F,281,2023/2024,Regular Season,3277,Valencia CF,3,1,Sevilla FC,3281,Estadio Antonio Puchades,María Eugenia Gil
3911631,2024-05-26,14:30:00.000,28,182,Liga F,281,2023/2024,Regular Season,3272,Real Sociedad de Fútbol,1,2,Real Madrid CF W,3282,Instalaciones de Zubieta,Patricia Luna Varo
3911629,2024-05-14,19:00:00.000,28,182,Liga F,281,2023/2024,Regular Season,3275,SD Eibar,0,4,Barcelona WFC,937,Estadio Municipal de Ipurúa,Raquel Suárez González
3911628,2024-05-26,19:30:00.000,28,182,Liga F,281,2023/2024,Regular Season,3279,Real Betis Balompié,0,0,Madrid CFF,3278,Ciudad Deportiva Luis de Sol,Amy Peñalver Pearce
3911625,2024-05-24,18:00:00.000,28,182,Liga F,281,2023/2024,Regular Season,1105,Atletico Madrid W,3,1,FC Levante Badalona,11864,Centro Deportivo Alcalá de Henares,Elia María Martínez Martínez
3911565,2024-05-12,13:00:00.000,27,182,Liga F,281,2023/2024,Regular Season,3269,Costa Adeje Tenerife,0,1,Real Sociedad de Fútbol,3272,Campo de Fútbol de Adeje,Alicia Espinosa Ríos
3911563,2024-05-11,19:00:00.000,27,182,Liga F,281,2023/2024,Regular Season,3282,Real Madrid CF W,2,3,Atletico Madrid W,1105,Estadio Alfredo Di Stéfano,Marta Huerta de Aza
3911561,2024-05-12,19:30:00.000,27,182,Liga F,281,2023/2024,Regular Season,3281,Sevilla FC,2,0,CD Sporting de Huelva,3280,Estadio Jesús Navas,Ylenia Sánchez Miguel
3911558,2024-05-04,17:00:00.000,26,182,Liga F,281,2023/2024,Regular Season,3277,Valencia CF,0,2,SD Eibar,3275,Estadio Antonio Puchades,Elisabeth Calvo Valentín
3911557,2024-05-05,17:00:00.000,26,182,Liga F,281,2023/2024,Regular Season,3280,CD Sporting de Huelva,1,2,FC Levante Badalona,11864,Ciudad Deportiva Decáno del Fútbol Español,María Eugenia Gil
3911555,2024-05-05,19:00:00.000,26,182,Liga F,281,2023/2024,Regular Season,3279,Real Betis Balompié,1,1,Sevilla FC,3281,Ciudad Deportiva Luis de Sol,Alicia Espinosa Ríos
3911554,2024-05-05,18:30:00.000,26,182,Liga F,281,2023/2024,Regular Season,3278,Madrid CFF,0,1,Real Madrid CF W,3282,Estadio Fernando Torres,Andrea Fernández Firvida
3911553,2024-05-05,13:00:00.000,26,182,Liga F,281,2023/2024,Regular Season,3274,Levante UD Femenino,4,3,Real Sociedad de Fútbol,3272,Ciudad Deportiva de Buñol - Campo 1,Ainara Andrea Acevedo Dudley
3911548,2024-04-28,16:00:00.000,25,182,Liga F,281,2023/2024,Regular Season,3282,Real Madrid CF W,2,1,FC Levante Badalona,11864,Estadio Alfredo Di Stéfano,Raquel Suárez González
3911547,2024-04-28,14:00:00.000,25,182,Liga F,281,2023/2024,Regular Season,3272,Real Sociedad de Fútbol,0,2,Atletico Madrid W,1105,Instalaciones de Zubieta,Elena Arnillas
3911546,2024-04-28,13:00:00.000,25,182,Liga F,281,2023/2024,Regular Season,3275,SD Eibar,0,2,Athletic Club Bilbao,3270,Estadio Municipal de Ipurúa,Patricia Luna Varo
3911544,2024-04-27,15:00:00.000,25,182,Liga F,281,2023/2024,Regular Season,3279,Real Betis Balompié,3,1,CD Sporting de Huelva,3280,Ciudad Deportiva Luis de Sol,Amy Peñalver Pearce
3911543,2024-05-01,19:00:00.000,25,182,Liga F,281,2023/2024,Regular Season,937,Barcelona WFC,8,0,Madrid CFF,3278,Estadi Johan Cruyff,Paola Cebollada López
3911542,2024-04-21,12:00:00.000,24,182,Liga F,281,2023/2024,Regular Season,6604,Villarreal,1,2,Sevilla FC,3281,Ciudad Deportiva del Villarreal,Arantza Gallastegui Pérez
3911541,2024-04-20,16:00:00.000,24,182,Liga F,281,2023/2024,Regular Season,3280,CD Sporting de Huelva,0,1,SD Eibar,3275,Ciudad Deportiva Decáno del Fútbol Español,Elena Arnillas
3911540,2024-04-21,16:00:00.000,24,182,Liga F,281,2023/2024,Regular Season,3277,Valencia CF,3,0,Real Sociedad de Fútbol,3272,Estadio Antonio Puchades,Raquel Suárez González
3911539,2024-04-24,18:00:00.000,24,182,Liga F,281,2023/2024,Regular Season,11864,FC Levante Badalona,2,4,Barcelona WFC,937,Camp Municipal Les Planes,Beatriz Cuesta Arribas
3911534,2024-04-13,16:00:00.000,23,182,Liga F,281,2023/2024,Regular Season,11864,FC Levante Badalona,1,2,Real Betis Balompié,3279,Camp Municipal Les Planes,Zulema González González
3911533,2024-04-14,14:00:00.000,23,182,Liga F,281,2023/2024,Regular Season,3269,Costa Adeje Tenerife,2,2,Madrid CFF,3278,Campo de Fútbol de Adeje,María Planes Terol
3911531,2024-04-14,17:00:00.000,23,182,Liga F,281,2023/2024,Regular Season,3282,Real Madrid CF W,5,0,Granada W,18938,Estadio Alfredo Di Stéfano,Ylenia Sánchez Miguel
3911527,2024-04-14,10:00:00.000,23,182,Liga F,281,2023/2024,Regular Season,3270,Athletic Club Bilbao,1,0,Atletico Madrid W,1105,Instalaciones de Lezama Campo 2,Ainara Andrea Acevedo Dudley
3911524,2024-03-31,18:00:00.000,22,182,Liga F,281,2023/2024,Regular Season,3274,Levante UD Femenino,0,5,Barcelona WFC,937,Estadio Ciudad de Valencia,Marta Huerta de Aza
3911522,2024-03-30,15:00:00.000,22,182,Liga F,281,2023/2024,Regular Season,3279,Real Betis Balompié,0,0,SD Eibar,3275,Ciudad Deportiva Luis de Sol,Ainara Andrea Acevedo Dudley
3911519,2024-03-31,16:00:00.000,22,182,Liga F,281,2023/2024,Regular Season,3270,Athletic Club Bilbao,4,1,FC Levante Badalona,11864,Instalaciones de Lezama Campo 2,Raquel Suárez González
3911516,2024-03-23,21:00:00.000,21,182,Liga F,281,2023/2024,Regular Season,3277,Valencia CF,4,1,Granada W,18938,Estadio Antonio Puchades,Elia María Martínez Martínez
3911514,2024-03-24,11:00:00.000,21,182,Liga F,281,2023/2024,Regular Season,3275,SD Eibar,1,1,Atletico Madrid W,1105,Estadio Municipal de Ipurúa,Amy Peñalver Pearce
3911512,2024-03-24,17:00:00.000,21,182,Liga F,281,2023/2024,Regular Season,3278,Madrid CFF,2,1,CD Sporting de Huelva,3280,Estadio Fernando Torres,Arantza Gallastegui Pérez
3911511,2024-03-24,15:00:00.000,21,182,Liga F,281,2023/2024,Regular Season,11864,FC Levante Badalona,1,1,Villarreal,6604,Camp Municipal Les Planes,Alicia Espinosa Ríos
3911509,2024-03-16,13:00:00.000,20,182,Liga F,281,2023/2024,Regular Season,6604,Villarreal,1,4,Madrid CFF,3278,Ciudad Deportiva del Villarreal,Ainara Andrea Acevedo Dudley
3911507,2024-03-16,19:00:00.000,20,182,Liga F,281,2023/2024,Regular Season,3281,Sevilla FC,3,0,FC Levante Badalona,11864,Estadio Jesús Navas,Andrea Fernández Firvida
3911505,2024-03-17,15:00:00.000,20,182,Liga F,281,2023/2024,Regular Season,3279,Real Betis Balompié,0,0,Real Sociedad de Fútbol,3272,Estadio de La Cartuja,Elisabeth Calvo Valentín
3911502,2024-03-09,13:00:00.000,19,182,Liga F,281,2023/2024,Regular Season,3269,Costa Adeje Tenerife,1,1,Villarreal,6604,Campo de Fútbol de Adeje,Ylenia Sánchez Miguel
3911500,2024-03-10,17:00:00.000,19,182,Liga F,281,2023/2024,Regular Season,3277,Valencia CF,2,2,Real Betis Balompié,3279,Estadio Antonio Puchades,Zulema González González
3911497,2024-03-10,13:00:00.000,19,182,Liga F,281,2023/2024,Regular Season,3274,Levante UD Femenino,1,2,Athletic Club Bilbao,3270,Ciudad Deportiva de Buñol - Campo 1,Alicia Espinosa Ríos
3911494,2024-02-17,13:00:00.000,18,182,Liga F,281,2023/2024,Regular Season,3280,CD Sporting de Huelva,1,3,Valencia CF,3277,Ciudad Deportiva Decáno del Fútbol Español,Arantza Gallastegui Pérez
3911493,2024-02-17,17:30:00.000,18,182,Liga F,281,2023/2024,Regular Season,6604,Villarreal,1,1,Real Sociedad de Fútbol,3272,Ciudad Deportiva del Villarreal,Amy Peñalver Pearce
3911492,2024-02-18,13:00:00.000,18,182,Liga F,281,2023/2024,Regular Season,3275,SD Eibar,0,0,Levante UD Femenino,3274,Estadio Municipal de Ipurúa,Patricia Luna Varo
3911490,2024-02-17,15:00:00.000,18,182,Liga F,281,2023/2024,Regular Season,18938,Granada W,2,2,Sevilla FC,3281,Ciudad Deportiva del Granada CF,Marta Huerta de Aza
3911489,2024-02-18,12:30:00.000,18,182,Liga F,281,2023/2024,Regular Season,937,Barcelona WFC,2,0,Atletico Madrid W,1105,Estadi Johan Cruyff,Olatz Rivera Olmedo
3911488,2024-02-17,15:30:00.000,18,182,Liga F,281,2023/2024,Regular Season,3270,Athletic Club Bilbao,1,0,Real Betis Balompié,3279,Estadio San Mamés,Beatriz Cuesta Arribas
3911487,2024-02-18,19:00:00.000,18,182,Liga F,281,2023/2024,Regular Season,3278,Madrid CFF,2,1,FC Levante Badalona,11864,Estadio Fernando Torres,Elia María Martínez Martínez
3911486,2024-02-11,15:00:00.000,17,182,Liga F,281,2023/2024,Regular Season,1105,Atletico Madrid W,1,1,Madrid CFF,3278,Centro Deportivo Alcalá de Henares,María Eugenia Gil
3911485,2024-02-11,13:00:00.000,17,182,Liga F,281,2023/2024,Regular Season,3274,Levante UD Femenino,1,0,Costa Adeje Tenerife,3269,Ciudad Deportiva de Buñol - Campo 1,Ainara Andrea Acevedo Dudley
3911484,2024-02-11,13:00:00.000,17,182,Liga F,281,2023/2024,Regular Season,3279,Real Betis Balompié,1,4,Real Madrid CF W,3282,Ciudad Deportiva Luis de Sol,Elena Arnillas
3911483,2024-02-11,19:00:00.000,17,182,Liga F,281,2023/2024,Regular Season,3280,CD Sporting de Huelva,1,2,Athletic Club Bilbao,3270,Ciudad Deportiva Decáno del Fútbol Español,Elisabeth Calvo Valentín
3911482,2024-02-10,19:30:00.000,17,182,Liga F,281,2023/2024,Regular Season,3281,Sevilla FC,0,3,Barcelona WFC,937,Estadio Jesús Navas,Paola Cebollada López
3911481,2024-02-11,13:00:00.000,17,182,Liga F,281,2023/2024,Regular Season,3272,Real Sociedad de Fútbol,1,1,Granada W,18938,Instalaciones de Zubieta,María Planes Terol
3911480,2024-02-10,13:00:00.000,17,182,Liga F,281,2023/2024,Regular Season,11864,FC Levante Badalona,1,1,SD Eibar,3275,Camp Municipal Les Planes,Zulema González González
3911479,2024-02-10,15:30:00.000,17,182,Liga F,281,2023/2024,Regular Season,3277,Valencia CF,0,1,Villarreal,6604,Estadio de Mestalla,Olatz Rivera Olmedo
3911478,2024-02-04,15:00:00.000,16,182,Liga F,281,2023/2024,Regular Season,3269,Costa Adeje Tenerife,1,1,FC Levante Badalona,11864,Campo de Fútbol de Adeje,Arantza Gallastegui Pérez
3911476,2024-02-04,13:00:00.000,16,182,Liga F,281,2023/2024,Regular Season,3275,SD Eibar,0,2,Real Sociedad de Fútbol,3272,Estadio Municipal de Ipurúa,Alicia Espinosa Ríos
3911473,2024-02-03,15:00:00.000,16,182,Liga F,281,2023/2024,Regular Season,3278,Madrid CFF,3,3,Sevilla FC,3281,Estadio Fernando Torres,Olatz Rivera Olmedo
3911471,2024-02-03,15:30:00.000,16,182,Liga F,281,2023/2024,Regular Season,1105,Atletico Madrid W,0,1,Levante UD Femenino,3274,Centro Deportivo Alcalá de Henares,Amy Peñalver Pearce
3911315,2024-01-28,15:00:00.000,15,182,Liga F,281,2023/2024,Regular Season,3279,Real Betis Balompié,0,6,Barcelona WFC,937,Ciudad Deportiva Luis de Sol,María Planes Terol
3911310,2024-01-28,21:30:00.000,15,182,Liga F,281,2023/2024,Regular Season,3281,Sevilla FC,3,0,SD Eibar,3275,Estadio Jesús Navas,Elia María Martínez Martínez
3911304,2024-01-21,17:30:00.000,14,182,Liga F,281,2023/2024,Regular Season,3275,SD Eibar,1,0,Valencia CF,3277,Estadio Municipal de Ipurúa,María Planes Terol
3911299,2024-01-07,15:00:00.000,13,182,Liga F,281,2023/2024,Regular Season,3279,Real Betis Balompié,2,3,Granada W,18938,Ciudad Deportiva Luis de Sol,María Eugenia Gil
3911298,2024-01-07,13:00:00.000,13,182,Liga F,281,2023/2024,Regular Season,3270,Athletic Club Bilbao,2,0,SD Eibar,3275,Instalaciones de Lezama Campo 2,Ylenia Sánchez Miguel
3911295,2024-01-06,21:30:00.000,13,182,Liga F,281,2023/2024,Regular Season,6604,Villarreal,0,5,Levante UD Femenino,3274,Mini Estadi,Paola Cebollada López
3911292,2024-01-07,13:00:00.000,13,182,Liga F,281,2023/2024,Regular Season,3272,Real Sociedad de Fútbol,3,3,Costa Adeje Tenerife,3269,Instalaciones de Zubieta,Ainara Andrea Acevedo Dudley
3911008,2023-12-17,13:00:00.000,12,182,Liga F,281,2023/2024,Regular Season,3269,Costa Adeje Tenerife,0,2,Barcelona WFC,937,Estadio Heliodoro Rodríguez Lopéz,Amy Peñalver Pearce
3911007,2023-12-17,19:30:00.000,12,182,Liga F,281,2023/2024,Regular Season,3281,Sevilla FC,1,1,Athletic Club Bilbao,3270,Estadio Jesús Navas,María Planes Terol
3911005,2023-12-16,17:30:00.000,12,182,Liga F,281,2023/2024,Regular Season,3274,Levante UD Femenino,2,0,CD Sporting de Huelva,3280,Ciudad Deportiva de Buñol - Campo 1,Arantza Gallastegui Pérez
3911001,2023-12-09,17:30:00.000,11,182,Liga F,281,2023/2024,Regular Season,937,Barcelona WFC,5,0,SD Eibar,3275,Estadi Johan Cruyff,Elisabeth Calvo Valentín
3910999,2023-12-10,19:30:00.000,11,182,Liga F,281,2023/2024,Regular Season,3277,Valencia CF,3,4,Madrid CFF,3278,Estadio Antonio Puchades,Ainara Andrea Acevedo Dudley
3910997,2023-12-10,15:00:00.000,11,182,Liga F,281,2023/2024,Regular Season,6604,Villarreal,2,2,FC Levante Badalona,11864,Ciudad Deportiva del Villarreal,Patricia Luna Varo
3910994,2023-11-26,19:00:00.000,10,182,Liga F,281,2023/2024,Regular Season,3270,Athletic Club Bilbao,0,4,Barcelona WFC,937,Instalaciones de Lezama Campo 2,Paola Cebollada López
3910993,2023-11-25,13:00:00.000,10,182,Liga F,281,2023/2024,Regular Season,6604,Villarreal,1,1,Costa Adeje Tenerife,3269,Ciudad Deportiva del Villarreal,Ylenia Sánchez Miguel
3910992,2023-11-25,17:00:00.000,10,182,Liga F,281,2023/2024,Regular Season,3274,Levante UD Femenino,3,0,SD Eibar,3275,Ciudad Deportiva de Buñol - Campo 1,Elena Arnillas
3910990,2023-11-25,13:00:00.000,10,182,Liga F,281,2023/2024,Regular Season,3272,Real Sociedad de Fútbol,2,0,Valencia CF,3277,Instalaciones de Zubieta,María Planes Terol
3910989,2023-11-26,13:00:00.000,10,182,Liga F,281,2023/2024,Regular Season,3282,Real Madrid CF W,5,2,CD Sporting de Huelva,3280,Estadio Alfredo Di Stéfano,Elia María Martínez Martínez
3910988,2023-11-26,17:00:00.000,10,182,Liga F,281,2023/2024,Regular Season,11864,FC Levante Badalona,3,4,Madrid CFF,3278,Camp Municipal Les Planes,Zulema González González
3910986,2023-11-19,11:00:00.000,9,182,Liga F,281,2023/2024,Regular Season,937,Barcelona WFC,5,0,Real Madrid CF W,3282,Estadi Olímpic Lluís Companys,María Eugenia Gil
3910979,2023-11-19,15:00:00.000,9,182,Liga F,281,2023/2024,Regular Season,18938,Granada W,1,2,Villarreal,6604,Ciudad Deportiva del Granada CF,Elisabeth Calvo Valentín
3910978,2023-11-12,19:30:00.000,8,182,Liga F,281,2023/2024,Regular Season,3270,Athletic Club Bilbao,1,2,Madrid CFF,3278,Instalaciones de Lezama Campo 2,María Eugenia Gil
3910976,2023-11-12,13:00:00.000,8,182,Liga F,281,2023/2024,Regular Season,3281,Sevilla FC,1,0,Granada W,18938,Estadio Jesús Navas,Beatriz Cuesta Arribas
3910975,2023-11-11,17:30:00.000,8,182,Liga F,281,2023/2024,Regular Season,6604,Villarreal,0,6,Barcelona WFC,937,Ciudad Deportiva del Villarreal,Andrea Fernández Firvida
3910973,2023-11-12,17:30:00.000,8,182,Liga F,281,2023/2024,Regular Season,3274,Levante UD Femenino,3,1,Valencia CF,3277,Estadio Ciudad de Valencia,Ainara Andrea Acevedo Dudley
3910972,2023-11-12,13:00:00.000,8,182,Liga F,281,2023/2024,Regular Season,11864,FC Levante Badalona,3,1,Costa Adeje Tenerife,3269,Camp Municipal Les Planes,Olatz Rivera Olmedo
3910969,2023-11-05,19:30:00.000,7,182,Liga F,281,2023/2024,Regular Season,3278,Madrid CFF,0,1,Levante UD Femenino,3274,Estadio Fernando Torres,Zulema González González
3910964,2023-11-05,17:00:00.000,7,182,Liga F,281,2023/2024,Regular Season,937,Barcelona WFC,8,0,Sevilla FC,3281,Estadi Johan Cruyff,Arantza Gallastegui Pérez
3910963,2023-11-05,14:30:00.000,7,182,Liga F,281,2023/2024,Regular Season,18938,Granada W,0,1,FC Levante Badalona,11864,Ciudad Deportiva del Granada CF,Elena Arnillas
3910962,2023-10-22,13:00:00.000,6,182,Liga F,281,2023/2024,Regular Season,3270,Athletic Club Bilbao,2,1,Real Sociedad de Fútbol,3272,Instalaciones de Lezama Campo 2,Elena Arnillas
3910961,2023-10-22,16:30:00.000,6,182,Liga F,281,2023/2024,Regular Season,3282,Real Madrid CF W,1,2,Levante UD Femenino,3274,Estadio Alfredo Di Stéfano,Ylenia Sánchez Miguel
3910960,2023-10-21,14:00:00.000,6,182,Liga F,281,2023/2024,Regular Season,3280,CD Sporting de Huelva,0,2,Atletico Madrid W,1105,Ciudad Deportiva Decáno del Fútbol Español,María Planes Terol
3910959,2023-10-21,13:00:00.000,6,182,Liga F,281,2023/2024,Regular Season,3275,SD Eibar,0,0,Villarreal,6604,Estadio Municipal de Ipurúa,Marta Huerta de Aza
3910957,2023-10-22,13:00:00.000,6,182,Liga F,281,2023/2024,Regular Season,3278,Madrid CFF,3,2,Costa Adeje Tenerife,3269,Estadio Fernando Torres,Beatriz Cuesta Arribas
3910951,2023-10-15,13:00:00.000,5,182,Liga F,281,2023/2024,Regular Season,3280,CD Sporting de Huelva,1,3,Madrid CFF,3278,Campo Federativo de la Orden,Ainara Andrea Acevedo Dudley
3910950,2023-10-15,17:30:00.000,5,182,Liga F,281,2023/2024,Regular Season,3274,Levante UD Femenino,1,1,FC Levante Badalona,11864,Ciudad Deportiva de Buñol - Campo 1,Arantza Gallastegui Pérez
3910949,2023-10-14,13:00:00.000,5,182,Liga F,281,2023/2024,Regular Season,6604,Villarreal,3,0,Athletic Club Bilbao,3270,Ciudad Deportiva del Villarreal,Elia María Martínez Martínez
3910948,2023-10-14,21:30:00.000,5,182,Liga F,281,2023/2024,Regular Season,3281,Sevilla FC,1,2,Valencia CF,3277,Estadio Jesús Navas,Alicia Espinosa Ríos
3910947,2023-10-14,14:30:00.000,5,182,Liga F,281,2023/2024,Regular Season,18938,Granada W,2,5,Real Madrid CF W,3282,Ciudad Deportiva del Granada CF,María Planes Terol
3910946,2023-10-09,21:00:00.000,4,182,Liga F,281,2023/2024,Regular Season,3277,Valencia CF,1,1,FC Levante Badalona,11864,Estadio Antonio Puchades,Beatriz Cuesta Arribas
3910945,2023-10-07,18:30:00.000,4,182,Liga F,281,2023/2024,Regular Season,3282,Real Madrid CF W,1,0,Villarreal,6604,Estadio Alfredo Di Stéfano,Ainara Andrea Acevedo Dudley
3910944,2023-10-08,14:00:00.000,4,182,Liga F,281,2023/2024,Regular Season,3279,Real Betis Balompié,0,4,Levante UD Femenino,3274,Ciudad Deportiva Luis de Sol,Elisabeth Calvo Valentín
3910943,2023-10-08,19:30:00.000,4,182,Liga F,281,2023/2024,Regular Season,937,Barcelona WFC,3,0,Real Sociedad de Fútbol,3272,Estadi Johan Cruyff,Amy Peñalver Pearce
3910941,2023-10-09,19:00:00.000,4,182,Liga F,281,2023/2024,Regular Season,3270,Athletic Club Bilbao,3,0,CD Sporting de Huelva,3280,Instalaciones de Lezama Campo 2,Andrea Fernández Firvida
3910940,2023-10-08,13:00:00.000,4,182,Liga F,281,2023/2024,Regular Season,3275,SD Eibar,0,1,Costa Adeje Tenerife,3269,Estadio Municipal de Ipurúa,Patricia Luna Varo
3910939,2023-10-08,17:30:00.000,4,182,Liga F,281,2023/2024,Regular Season,3278,Madrid CFF,1,0,Granada W,18938,Estadio Fernando Torres,Olatz Rivera Olmedo
3910938,2023-10-01,18:00:00.000,3,182,Liga F,281,2023/2024,Regular Season,11864,FC Levante Badalona,2,1,Athletic Club Bilbao,3270,Camp Municipal Les Planes,Raquel Suárez González
3910936,2023-10-01,20:00:00.000,3,182,Liga F,281,2023/2024,Regular Season,3280,CD Sporting de Huelva,1,2,Barcelona WFC,937,Estadio Nuevo Colombino,Beatriz Cuesta Arribas
3910935,2023-10-01,13:00:00.000,3,182,Liga F,281,2023/2024,Regular Season,3272,Real Sociedad de Fútbol,2,1,Real Betis Balompié,3279,Instalaciones de Zubieta,Ylenia Sánchez Miguel
3910933,2023-09-30,12:00:00.000,3,182,Liga F,281,2023/2024,Regular Season,3281,Sevilla FC,1,5,Madrid CFF,3278,Estadio Jesús Navas,Paola Cebollada López
3910932,2023-09-30,13:00:00.000,3,182,Liga F,281,2023/2024,Regular Season,18938,Granada W,1,2,SD Eibar,3275,Estadio Nuevo Los Cármenes,Amy Peñalver Pearce
3910931,2023-09-30,20:00:00.000,3,182,Liga F,281,2023/2024,Regular Season,6604,Villarreal,1,2,Valencia CF,3277,Ciudad Deportiva del Villarreal,Elisabeth Calvo Valentín
3910751,2023-09-17,22:00:00.000,2,182,Liga F,281,2023/2024,Regular Season,3274,Levante UD Femenino,2,0,Sevilla FC,3281,Ciudad Deportiva de Buñol - Campo 1,Ainara Andrea Acevedo Dudley
3910750,2023-09-17,20:00:00.000,2,182,Liga F,281,2023/2024,Regular Season,18938,Granada W,2,1,Real Sociedad de Fútbol,3272,Estadio Nuevo Los Cármenes,Elisabeth Calvo Valentín
3910749,2023-09-17,13:00:00.000,2,182,Liga F,281,2023/2024,Regular Season,3269,Costa Adeje Tenerife,2,0,CD Sporting de Huelva,3280,Estadio La Palmera,Alicia Espinosa Ríos
3910748,2023-09-16,20:00:00.000,2,182,Liga F,281,2023/2024,Regular Season,3278,Madrid CFF,0,2,Barcelona WFC,937,Estadio Fernando Torres,Patricia Luna Varo
3910747,2023-09-16,13:00:00.000,2,182,Liga F,281,2023/2024,Regular Season,3275,SD Eibar,1,2,FC Levante Badalona,11864,Estadio Municipal de Ipurúa,Andrea Fernández Firvida
3910746,2023-09-16,10:00:00.000,2,182,Liga F,281,2023/2024,Regular Season,1105,Atletico Madrid W,3,0,Athletic Club Bilbao,3270,Centro Deportivo Alcalá de Henares,Marta Huerta de Aza
3910745,2023-09-16,18:00:00.000,2,182,Liga F,281,2023/2024,Regular Season,3279,Real Betis Balompié,1,0,Villarreal,6604,Ciudad Deportiva Luis de Sol,María Eugenia Gil
3910744,2023-09-15,19:00:00.000,2,182,Liga F,281,2023/2024,Regular Season,3277,Valencia CF,0,2,Real Madrid CF W,3282,Estadio Antonio Puchades,Olatz Rivera Olmedo
3910743,2023-10-03,19:00:00.000,1,182,Liga F,281,2023/2024,Regular Season,6604,Villarreal,1,3,Atletico Madrid W,1105,Ciudad Deportiva del Villarreal,Arantza Gallastegui Pérez
3910742,2023-10-05,19:00:00.000,1,182,Liga F,281,2023/2024,Regular Season,11864,FC Levante Badalona,1,1,CD Sporting de Huelva,3280,Camp Municipal Les Planes,Amy Peñalver Pearce
3910741,2023-10-04,20:00:00.000,1,182,Liga F,281,2023/2024,Regular Season,3272,Real Sociedad de Fútbol,1,1,Levante UD Femenino,3274,Instalaciones de Zubieta,Alicia Espinosa Ríos
3910740,2023-10-05,21:00:00.000,1,182,Liga F,281,2023/2024,Regular Season,937,Barcelona WFC,6,0,Valencia CF,3277,Estadi Johan Cruyff,Paola Cebollada López
3910739,2023-10-04,19:00:00.000,1,182,Liga F,281,2023/2024,Regular Season,3270,Athletic Club Bilbao,1,0,Granada W,18938,Instalaciones de Lezama Campo 2,Beatriz Cuesta Arribas
3910738,2023-10-04,21:00:00.000,1,182,Liga F,281,2023/2024,Regular Season,3275,SD Eibar,1,6,Madrid CFF,3278,Estadio Municipal de Ipurúa,Ylenia Sánchez Miguel
3910737,2023-10-04,18:00:00.000,1,182,Liga F,281,2023/2024,Regular Season,3282,Real Madrid CF W,5,1,Real Betis Balompié,3279,Estadio Alfredo Di Stéfano,Raquel Suárez González
3910736,2023-10-04,19:00:00.000,1,182,Liga F,281,2023/2024,Regular Season,3281,Sevilla FC,5,1,Costa Adeje Tenerife,3269,Estadio Jesús Navas,Zulema González González
3754217,2015-09-19,11:45:00.000,6,2,Premier League,27,2015/2016,Regular Season,33,Chelsea,2,0,Arsenal,1,Stamford Bridge,Mike Dean
3754117,2015-12-13,12:30:00.000,16,2,Premier League,27,2015/2016,Regular Season,59,Aston Villa,0,2,Arsenal,1,Villa Park,Kevin Friend
3754296,2015-12-21,19:00:00.000,17,2,Premier League,27,2015/2016,Regular Season,1,Arsenal,2,1,Manchester City,36,Emirates Stadium,Andre Marriner
3753983,2015-10-31,14:00:00.000,11,2,Premier League,27,2015/2016,Regular Season,26,Swansea City,0,3,Arsenal,1,Swansea.com Stadium,Kevin Friend
3754160,2015-12-05,14:00:00.000,15,2,Premier League,27,2015/2016,Regular Season,1,Arsenal,3,1,Sunderland,41,Emirates Stadium,Robert Madley
3754129,2015-08-24,19:00:00.000,3,2,Premier League,27,2015/2016,Regular Season,1,Arsenal,0,0,Liverpool,24,Emirates Stadium,Michael Oliver
3754309,2015-12-26,18:45:00.000,18,2,Premier League,27,2015/2016,Regular Season,25,Southampton,4,0,Arsenal,1,St. Mary's Stadium,Jonathan Moss
3754047,2015-11-29,15:15:00.000,14,2,Premier League,27,2015/2016,Regular Season,24,Liverpool,1,0,Swansea City,26,Anfield ,Anthony Taylor
3754058,2016-01-02,16:00:00.000,20,2,Premier League,27,2015/2016,Regular Season,22,Leicester City,0,0,AFC Bournemouth,28,King Power Stadium ,Andre Marriner
3754245,2015-10-17,16:00:00.000,9,2,Premier League,27,2015/2016,Regular Season,27,West Bromwich Albion,1,0,Sunderland,41,The Hawthorns,Martin Atkinson
3754136,2015-12-19,18:30:00.000,17,2,Premier League,27,2015/2016,Regular Season,37,Newcastle United,1,1,Aston Villa,59,St. James' Park,Martin Atkinson
3754037,2016-04-30,16:00:00.000,36,2,Premier League,27,2015/2016,Regular Season,29,Everton,2,1,AFC Bournemouth,28,Goodison Park,Neil Swarbrick
3754039,2016-02-13,16:00:00.000,26,2,Premier League,27,2015/2016,Regular Season,31,Crystal Palace,1,2,Watford,23,Selhurst Park,Robert Madley
3754041,2016-05-15,16:00:00.000,38,2,Premier League,27,2015/2016,Regular Season,1,Arsenal,4,0,Aston Villa,59,Emirates Stadium,Mark Clattenburg
3754042,2016-05-15,16:00:00.000,38,2,Premier League,27,2015/2016,Regular Season,27,West Bromwich Albion,1,1,Liverpool,24,The Hawthorns,Robert Madley
3754043,2016-03-20,17:00:00.000,31,2,Premier League,27,2015/2016,Regular Season,38,Tottenham Hotspur,3,0,AFC Bournemouth,28,White Hart Lane,Neil Swarbrick
3754045,2015-12-29,20:45:00.000,19,2,Premier League,27,2015/2016,Regular Season,22,Leicester City,0,0,Manchester City,36,King Power Stadium ,Craig Pawson
3754048,2016-04-13,21:00:00.000,35,2,Premier League,27,2015/2016,Regular Season,31,Crystal Palace,0,0,Everton,29,Selhurst Park,Mike Jones
3754049,2016-02-27,16:00:00.000,27,2,Premier League,27,2015/2016,Regular Season,22,Leicester City,1,0,Norwich City,56,King Power Stadium ,Neil Swarbrick
3754050,2016-03-01,20:45:00.000,28,2,Premier League,27,2015/2016,Regular Season,41,Sunderland,2,2,Crystal Palace,31,Stadium of Light,Anthony Taylor
3754052,2016-03-19,16:00:00.000,31,2,Premier League,27,2015/2016,Regular Season,27,West Bromwich Albion,0,1,Norwich City,56,The Hawthorns,Anthony Taylor
3754053,2016-03-13,17:00:00.000,30,2,Premier League,27,2015/2016,Regular Season,59,Aston Villa,0,2,Tottenham Hotspur,38,Villa Park,Anthony Taylor
3754055,2016-05-11,21:00:00.000,30,2,Premier League,27,2015/2016,Regular Season,24,Liverpool,1,1,Chelsea,33,Anfield ,Michael Oliver
3754226,2015-12-30,20:45:00.000,19,2,Premier League,27,2015/2016,Regular Season,41,Sunderland,0,1,Liverpool,24,Stadium of Light,Kevin Friend
3754014,2015-12-26,13:45:00.000,18,2,Premier League,27,2015/2016,Regular Season,30,Stoke City,2,0,Manchester United,39,bet365 Stadium,Kevin Friend
3754091,2015-10-24,16:00:00.000,10,2,Premier League,27,2015/2016,Regular Season,30,Stoke City,0,2,Watford,23,bet365 Stadium,Martin Atkinson
3754135,2015-12-05,13:45:00.000,15,2,Premier League,27,2015/2016,Regular Season,30,Stoke City,2,0,Manchester City,36,bet365 Stadium,Martin Atkinson
3754293,2015-11-07,18:30:00.000,12,2,Premier League,27,2015/2016,Regular Season,30,Stoke City,1,0,Chelsea,33,bet365 Stadium,Anthony Taylor
3754339,2015-09-26,16:00:00.000,7,2,Premier League,27,2015/2016,Regular Season,30,Stoke City,2,1,AFC Bournemouth,28,bet365 Stadium,Lee Mason
3754146,2015-09-19,16:00:00.000,6,2,Premier League,27,2015/2016,Regular Season,30,Stoke City,2,2,Leicester City,22,bet365 Stadium,Andre Marriner
3754347,2015-12-05,16:00:00.000,15,2,Premier League,27,2015/2016,Regular Season,39,Manchester United,0,0,West Ham United,40,Old Trafford,Mark Clattenburg
3754255,2015-12-13,17:00:00.000,16,2,Premier League,27,2015/2016,Regular Season,24,Liverpool,2,2,West Bromwich Albion,27,Anfield ,Craig Pawson
3754278,2015-10-03,16:00:00.000,8,2,Premier League,27,2015/2016,Regular Season,28,AFC Bournemouth,1,1,Watford,23,Vitality Stadium,Michael Oliver
3753979,2015-11-23,21:00:00.000,13,2,Premier League,27,2015/2016,Regular Season,31,Crystal Palace,0,1,Sunderland,41,Selhurst Park,Martin Atkinson
3753972,2015-11-21,16:00:00.000,13,2,Premier League,27,2015/2016,Regular Season,26,Swansea City,2,2,AFC Bournemouth,28,Swansea.com Stadium,Andre Marriner
3753978,2015-09-26,16:00:00.000,7,2,Premier League,27,2015/2016,Regular Season,25,Southampton,3,1,Swansea City,26,St. Mary's Stadium,Roger East
3753974,2015-12-26,18:30:00.000,18,2,Premier League,27,2015/2016,Regular Season,37,Newcastle United,0,1,Everton,29,St. James' Park,Lee Mason
3753993,2015-08-15,16:00:00.000,2,2,Premier League,27,2015/2016,Regular Season,41,Sunderland,1,3,Norwich City,56,Stadium of Light,Kevin Friend
3754015,2015-10-25,15:05:00.000,10,2,Premier League,27,2015/2016,Regular Season,39,Manchester United,0,0,Manchester City,36,Old Trafford,Mark Clattenburg
3754038,2015-11-29,17:15:00.000,14,2,Premier League,27,2015/2016,Regular Season,56,Norwich City,1,1,Arsenal,1,Carrow Road,Jonathan Moss
3754001,2015-09-26,18:30:00.000,7,2,Premier League,27,2015/2016,Regular Season,37,Newcastle United,2,2,Chelsea,33,St. James' Park,Martin Atkinson
3754007,2015-08-29,16:00:00.000,4,2,Premier League,27,2015/2016,Regular Season,30,Stoke City,0,1,West Bromwich Albion,27,bet365 Stadium,Michael Oliver
3754008,2015-09-26,16:00:00.000,7,2,Premier League,27,2015/2016,Regular Season,39,Manchester United,3,0,Sunderland,41,Old Trafford,Mike Jones
3754029,2015-11-02,21:00:00.000,11,2,Premier League,27,2015/2016,Regular Season,38,Tottenham Hotspur,3,1,Aston Villa,59,White Hart Lane,Mike Dean
3753995,2015-10-03,18:30:00.000,8,2,Premier League,27,2015/2016,Regular Season,33,Chelsea,1,3,Southampton,25,Stamford Bridge,Robert Madley
3753999,2015-10-17,18:30:00.000,9,2,Premier League,27,2015/2016,Regular Season,23,Watford,0,3,Arsenal,1,Vicarage Road,Mike Jones
3754017,2015-10-24,16:00:00.000,10,2,Premier League,27,2015/2016,Regular Season,59,Aston Villa,1,2,Swansea City,26,Villa Park,Neil Swarbrick
3754006,2015-10-31,16:00:00.000,11,2,Premier League,27,2015/2016,Regular Season,27,West Bromwich Albion,2,3,Leicester City,22,The Hawthorns,Anthony Taylor
3754023,2015-08-29,16:00:00.000,4,2,Premier League,27,2015/2016,Regular Season,28,AFC Bournemouth,1,1,Leicester City,22,Vitality Stadium,Neil Swarbrick
3753984,2015-08-29,16:00:00.000,4,2,Premier League,27,2015/2016,Regular Season,24,Liverpool,0,3,West Ham United,40,Anfield ,Kevin Friend
3754011,2015-09-20,17:00:00.000,6,2,Premier League,27,2015/2016,Regular Season,25,Southampton,2,3,Manchester United,39,St. Mary's Stadium,Mark Clattenburg
3754010,2015-09-19,16:00:00.000,6,2,Premier League,27,2015/2016,Regular Season,37,Newcastle United,1,2,Watford,23,St. James' Park,Roger East
3754028,2015-11-28,16:00:00.000,14,2,Premier League,27,2015/2016,Regular Season,36,Manchester City,3,1,Southampton,25,Etihad Stadium,Roger East
3753996,2015-11-21,16:00:00.000,13,2,Premier League,27,2015/2016,Regular Season,33,Chelsea,1,0,Norwich City,56,Stamford Bridge,Craig Pawson
3754025,2015-12-19,16:00:00.000,17,2,Premier League,27,2015/2016,Regular Season,33,Chelsea,3,1,Sunderland,41,Stamford Bridge,Roger East
3754068,2015-09-19,16:00:00.000,6,2,Premier League,27,2015/2016,Regular Season,59,Aston Villa,0,1,West Bromwich Albion,27,Villa Park,Martin Atkinson
3754056,2015-12-28,16:00:00.000,19,2,Premier League,27,2015/2016,Regular Season,29,Everton,3,4,Stoke City,30,Goodison Park,Mark Clattenburg
3754040,2015-09-20,17:00:00.000,6,2,Premier League,27,2015/2016,Regular Season,24,Liverpool,1,1,Norwich City,56,Anfield ,Anthony Taylor
3754074,2015-10-04,17:00:00.000,8,2,Premier League,27,2015/2016,Regular Season,26,Swansea City,2,2,Tottenham Hotspur,38,Swansea.com Stadium,Mike Dean
3754076,2015-10-03,16:00:00.000,8,2,Premier League,27,2015/2016,Regular Season,41,Sunderland,2,2,West Ham United,40,Stadium of Light,Neil Swarbrick
3754067,2015-10-17,16:00:00.000,9,2,Premier League,27,2015/2016,Regular Season,31,Crystal Palace,1,3,West Ham United,40,Selhurst Park,Mark Clattenburg
3754079,2015-10-03,16:00:00.000,8,2,Premier League,27,2015/2016,Regular Season,36,Manchester City,6,1,Newcastle United,37,Etihad Stadium,Kevin Friend
3754090,2015-10-31,16:00:00.000,11,2,Premier League,27,2015/2016,Regular Season,37,Newcastle United,0,0,Stoke City,30,St. James' Park,Roger East
3754083,2015-08-29,16:00:00.000,4,2,Premier League,27,2015/2016,Regular Season,33,Chelsea,1,2,Crystal Palace,31,Stamford Bridge,Craig Pawson
3754077,2015-09-19,18:30:00.000,6,2,Premier League,27,2015/2016,Regular Season,36,Manchester City,1,2,West Ham United,40,Etihad Stadium,Robert Madley
3754060,2015-10-04,14:30:00.000,8,2,Premier League,27,2015/2016,Regular Season,29,Everton,1,1,Liverpool,24,Goodison Park,Martin Atkinson
3754073,2015-12-05,18:30:00.000,15,2,Premier League,27,2015/2016,Regular Season,33,Chelsea,0,1,AFC Bournemouth,28,Stamford Bridge,Mike Jones
3754085,2015-12-05,16:00:00.000,15,2,Premier League,27,2015/2016,Regular Season,26,Swansea City,0,3,Leicester City,22,Swansea.com Stadium,Michael Oliver
3754051,2015-12-20,14:30:00.000,17,2,Premier League,27,2015/2016,Regular Season,23,Watford,3,0,Liverpool,24,Vicarage Road,Mark Clattenburg
3754093,2015-11-29,13:00:00.000,14,2,Premier League,27,2015/2016,Regular Season,38,Tottenham Hotspur,0,0,Chelsea,33,White Hart Lane,Michael Oliver
3754046,2015-12-07,21:00:00.000,15,2,Premier League,27,2015/2016,Regular Season,29,Everton,1,1,Crystal Palace,31,Goodison Park,Craig Pawson
3754072,2015-12-12,16:00:00.000,16,2,Premier League,27,2015/2016,Regular Season,41,Sunderland,0,1,Watford,23,Stadium of Light,Graham Scott
3754082,2015-11-01,14:30:00.000,11,2,Premier League,27,2015/2016,Regular Season,29,Everton,6,2,Sunderland,41,Goodison Park,Andre Marriner
3754106,2015-09-13,17:00:00.000,5,2,Premier League,27,2015/2016,Regular Season,22,Leicester City,3,2,Aston Villa,59,King Power Stadium ,Mike Dean
3754099,2015-10-03,13:45:00.000,8,2,Premier League,27,2015/2016,Regular Season,31,Crystal Palace,2,0,West Bromwich Albion,27,Selhurst Park,Jonathan Moss
3754098,2015-10-31,13:45:00.000,11,2,Premier League,27,2015/2016,Regular Season,33,Chelsea,1,3,Liverpool,24,Stamford Bridge,Mark Clattenburg
3754057,2015-12-26,16:00:00.000,18,2,Premier League,27,2015/2016,Regular Season,38,Tottenham Hotspur,3,0,Norwich City,56,White Hart Lane,Mike Jones
3754112,2015-08-09,14:30:00.000,1,2,Premier League,27,2015/2016,Regular Season,37,Newcastle United,2,2,Southampton,25,St. James' Park,Craig Pawson
3754104,2015-08-22,16:00:00.000,3,2,Premier League,27,2015/2016,Regular Season,56,Norwich City,1,1,Stoke City,30,Carrow Road,Mike Dean
3754054,2015-12-26,16:00:00.000,18,2,Premier League,27,2015/2016,Regular Season,36,Manchester City,4,1,Sunderland,41,Etihad Stadium,Anthony Taylor
3754113,2015-12-05,16:00:00.000,15,2,Premier League,27,2015/2016,Regular Season,25,Southampton,1,1,Aston Villa,59,St. Mary's Stadium,Anthony Taylor
3754107,2015-08-14,20:45:00.000,2,2,Premier League,27,2015/2016,Regular Season,59,Aston Villa,0,1,Manchester United,39,Villa Park,Mike Dean
3754105,2015-09-28,21:00:00.000,7,2,Premier League,27,2015/2016,Regular Season,27,West Bromwich Albion,2,3,Everton,29,The Hawthorns,Robert Madley
3754097,2015-08-08,13:45:00.000,1,2,Premier League,27,2015/2016,Regular Season,39,Manchester United,1,0,Tottenham Hotspur,38,Old Trafford,Jonathan Moss
3754102,2015-10-18,17:00:00.000,9,2,Premier League,27,2015/2016,Regular Season,37,Newcastle United,6,2,Norwich City,56,St. James' Park,Anthony Taylor
3754115,2015-10-17,16:00:00.000,9,2,Premier League,27,2015/2016,Regular Season,33,Chelsea,2,0,Aston Villa,59,Stamford Bridge,Roger East
3754148,2015-09-13,14:30:00.000,5,2,Premier League,27,2015/2016,Regular Season,41,Sunderland,0,1,Tottenham Hotspur,38,Stadium of Light,Craig Pawson
3754169,2015-09-19,16:00:00.000,6,2,Premier League,27,2015/2016,Regular Season,28,AFC Bournemouth,2,0,Sunderland,41,Vitality Stadium,Kevin Friend
3754174,2015-09-26,16:00:00.000,7,2,Premier League,27,2015/2016,Regular Season,22,Leicester City,2,5,Arsenal,1,King Power Stadium ,Craig Pawson
3754185,2015-11-21,13:45:00.000,13,2,Premier League,27,2015/2016,Regular Season,23,Watford,1,2,Manchester United,39,Vicarage Road,Robert Madley
3754162,2015-12-12,18:30:00.000,16,2,Premier League,27,2015/2016,Regular Season,28,AFC Bournemouth,2,1,Manchester United,39,Vitality Stadium,Anthony Taylor
3754096,2015-12-12,16:00:00.000,16,2,Premier League,27,2015/2016,Regular Season,40,West Ham United,0,0,Stoke City,30,Boleyn Ground,Andre Marriner
3754171,2015-10-04,17:00:00.000,8,2,Premier League,27,2015/2016,Regular Season,1,Arsenal,3,0,Manchester United,39,Emirates Stadium,Anthony Taylor
3754119,2015-10-25,13:00:00.000,10,2,Premier League,27,2015/2016,Regular Season,41,Sunderland,3,0,Newcastle United,37,Stadium of Light,Robert Madley
3754126,2015-10-24,18:30:00.000,10,2,Premier League,27,2015/2016,Regular Season,1,Arsenal,2,1,Everton,29,Emirates Stadium,Lee Mason
3754133,2015-10-24,16:00:00.000,10,2,Premier League,27,2015/2016,Regular Season,56,Norwich City,0,1,West Bromwich Albion,27,Carrow Road,Kevin Friend
3754167,2015-10-31,16:00:00.000,11,2,Premier League,27,2015/2016,Regular Season,36,Manchester City,2,1,Norwich City,56,Etihad Stadium,Robert Madley
3754145,2015-08-10,21:00:00.000,1,2,Premier League,27,2015/2016,Regular Season,27,West Bromwich Albion,0,3,Manchester City,36,The Hawthorns,Mike Dean
3754153,2015-12-19,16:00:00.000,17,2,Premier League,27,2015/2016,Regular Season,30,Stoke City,1,2,Crystal Palace,31,bet365 Stadium,Robert Madley
3754143,2015-12-06,17:00:00.000,15,2,Premier League,27,2015/2016,Regular Season,37,Newcastle United,2,0,Liverpool,24,St. James' Park,Andre Marriner
3754186,2015-11-28,18:30:00.000,14,2,Premier League,27,2015/2016,Regular Season,22,Leicester City,1,1,Manchester United,39,King Power Stadium ,Craig Pawson
3754130,2015-12-28,16:00:00.000,19,2,Premier League,27,2015/2016,Regular Season,56,Norwich City,2,0,Aston Villa,59,Carrow Road,Graham Scott
3754188,2015-12-19,16:00:00.000,17,2,Premier League,27,2015/2016,Regular Season,25,Southampton,0,2,Tottenham Hotspur,38,St. Mary's Stadium,Kevin Friend
3754178,2015-11-28,16:00:00.000,14,2,Premier League,27,2015/2016,Regular Season,59,Aston Villa,2,3,Watford,23,Villa Park,Lee Mason
3754157,2015-11-28,16:00:00.000,14,2,Premier League,27,2015/2016,Regular Season,28,AFC Bournemouth,3,3,Everton,29,Vitality Stadium,Kevin Friend
3754166,2015-12-19,16:00:00.000,17,2,Premier League,27,2015/2016,Regular Season,29,Everton,2,3,Leicester City,22,Goodison Park,Jonathan Moss
3754211,2015-11-21,16:00:00.000,13,2,Premier League,27,2015/2016,Regular Season,37,Newcastle United,0,3,Leicester City,22,St. James' Park,Mike Jones
3754150,2015-11-28,16:00:00.000,14,2,Premier League,27,2015/2016,Regular Season,41,Sunderland,2,0,Stoke City,30,Stadium of Light,Mike Dean
3754218,2015-12-12,16:00:00.000,16,2,Premier League,27,2015/2016,Regular Season,31,Crystal Palace,1,0,Southampton,25,Selhurst Park,Mike Dean
3754205,2015-08-29,13:45:00.000,4,2,Premier League,27,2015/2016,Regular Season,37,Newcastle United,0,1,Arsenal,1,St. James' Park,Andre Marriner
3754221,2015-08-30,17:00:00.000,4,2,Premier League,27,2015/2016,Regular Season,26,Swansea City,2,1,Manchester United,39,Swansea.com Stadium,Martin Atkinson
3754198,2015-10-17,13:45:00.000,9,2,Premier League,27,2015/2016,Regular Season,38,Tottenham Hotspur,0,0,Liverpool,24,White Hart Lane,Craig Pawson
3754193,2015-10-17,16:00:00.000,9,2,Premier League,27,2015/2016,Regular Season,36,Manchester City,5,1,AFC Bournemouth,28,Etihad Stadium,Mike Dean
3754222,2015-09-20,14:30:00.000,6,2,Premier League,27,2015/2016,Regular Season,38,Tottenham Hotspur,1,0,Crystal Palace,31,White Hart Lane,Michael Oliver
3754213,2015-09-12,16:00:00.000,5,2,Premier League,27,2015/2016,Regular Season,23,Watford,1,0,Swansea City,26,Vicarage Road,Robert Madley
3754212,2015-09-26,16:00:00.000,7,2,Premier League,27,2015/2016,Regular Season,24,Liverpool,3,2,Aston Villa,59,Anfield ,Jonathan Moss
3754223,2015-10-31,16:00:00.000,11,2,Premier League,27,2015/2016,Regular Season,31,Crystal Palace,0,0,Manchester United,39,Selhurst Park,Mike Jones
3754197,2015-09-26,13:45:00.000,7,2,Premier League,27,2015/2016,Regular Season,38,Tottenham Hotspur,4,1,Manchester City,36,White Hart Lane,Mark Clattenburg
3754208,2015-11-21,18:30:00.000,13,2,Premier League,27,2015/2016,Regular Season,36,Manchester City,1,4,Liverpool,24,Etihad Stadium,Jonathan Moss
3754204,2015-08-29,16:00:00.000,4,2,Premier League,27,2015/2016,Regular Season,59,Aston Villa,2,2,Sunderland,41,Villa Park,Robert Madley
3754194,2015-11-07,16:00:00.000,12,2,Premier League,27,2015/2016,Regular Season,40,West Ham United,1,1,Everton,29,Boleyn Ground,Paul Tierney
3754219,2015-12-19,16:00:00.000,17,2,Premier League,27,2015/2016,Regular Season,27,West Bromwich Albion,1,2,AFC Bournemouth,28,The Hawthorns,Mike Dean
3754254,2015-08-22,13:45:00.000,3,2,Premier League,27,2015/2016,Regular Season,39,Manchester United,0,0,Newcastle United,37,Old Trafford,Craig Pawson
3754230,2015-10-25,17:15:00.000,10,2,Premier League,27,2015/2016,Regular Season,24,Liverpool,1,1,Southampton,25,Anfield ,Andre Marriner
3754285,2015-12-26,16:00:00.000,18,2,Premier League,27,2015/2016,Regular Season,59,Aston Villa,1,1,West Ham United,40,Villa Park,Mike Dean
3754233,2015-08-23,17:00:00.000,3,2,Premier League,27,2015/2016,Regular Season,29,Everton,0,2,Manchester City,36,Goodison Park,Anthony Taylor
3754270,2015-08-15,16:00:00.000,2,2,Premier League,27,2015/2016,Regular Season,38,Tottenham Hotspur,2,2,Stoke City,30,White Hart Lane,Robert Madley
3754237,2015-08-08,16:00:00.000,1,2,Premier League,27,2015/2016,Regular Season,22,Leicester City,4,2,Sunderland,41,King Power Stadium ,Lee Mason
3754257,2015-09-12,16:00:00.000,5,2,Premier League,27,2015/2016,Regular Season,31,Crystal Palace,0,1,Manchester City,36,Selhurst Park,Mike Jones
3754266,2015-09-27,17:00:00.000,7,2,Premier League,27,2015/2016,Regular Season,23,Watford,0,1,Crystal Palace,31,Vicarage Road,Anthony Taylor
3754256,2015-10-17,16:00:00.000,9,2,Premier League,27,2015/2016,Regular Season,29,Everton,0,3,Manchester United,39,Goodison Park,Jonathan Moss
3754288,2015-10-24,16:00:00.000,10,2,Premier League,27,2015/2016,Regular Season,40,West Ham United,2,1,Chelsea,33,Boleyn Ground,Jonathan Moss
3754238,2015-11-07,13:45:00.000,12,2,Premier League,27,2015/2016,Regular Season,28,AFC Bournemouth,0,1,Newcastle United,37,Vitality Stadium,Lee Mason
3754269,2015-10-19,21:00:00.000,9,2,Premier League,27,2015/2016,Regular Season,26,Swansea City,0,1,Stoke City,30,Swansea.com Stadium,Robert Madley
3754234,2015-10-25,15:05:00.000,10,2,Premier League,27,2015/2016,Regular Season,28,AFC Bournemouth,1,5,Tottenham Hotspur,38,Vitality Stadium,Roger East
3754246,2015-08-29,16:00:00.000,4,2,Premier League,27,2015/2016,Regular Season,36,Manchester City,2,0,Watford,23,Etihad Stadium,Mark Clattenburg
3754273,2015-10-31,16:00:00.000,11,2,Premier League,27,2015/2016,Regular Season,23,Watford,2,0,West Ham United,40,Vicarage Road,Keith Stroud
3754263,2015-10-24,16:00:00.000,10,2,Premier League,27,2015/2016,Regular Season,22,Leicester City,1,0,Crystal Palace,31,King Power Stadium ,Mike Dean
3754268,2015-08-29,18:30:00.000,4,2,Premier League,27,2015/2016,Regular Season,38,Tottenham Hotspur,0,0,Everton,29,White Hart Lane,Mike Jones
3754286,2015-12-05,16:00:00.000,15,2,Premier League,27,2015/2016,Regular Season,23,Watford,2,0,Norwich City,56,Vicarage Road,Mike Dean
3754291,2015-12-28,16:00:00.000,19,2,Premier League,27,2015/2016,Regular Season,23,Watford,1,2,Tottenham Hotspur,38,Vicarage Road,Anthony Taylor
3754283,2015-11-21,16:00:00.000,13,2,Premier League,27,2015/2016,Regular Season,29,Everton,4,0,Aston Villa,59,Goodison Park,Michael Oliver
3754235,2015-11-29,15:05:00.000,14,2,Premier League,27,2015/2016,Regular Season,40,West Ham United,1,1,West Bromwich Albion,27,Boleyn Ground,Martin Atkinson
3754279,2015-12-26,16:00:00.000,18,2,Premier League,27,2015/2016,Regular Season,26,Swansea City,1,0,West Bromwich Albion,27,Swansea.com Stadium,Roger East
3754276,2015-12-13,17:00:00.000,16,2,Premier League,27,2015/2016,Regular Season,38,Tottenham Hotspur,1,2,Newcastle United,37,White Hart Lane,Roger East
3754287,2015-12-26,16:00:00.000,18,2,Premier League,27,2015/2016,Regular Season,33,Chelsea,2,2,Watford,23,Stamford Bridge,Andre Marriner
3754259,2015-12-20,17:00:00.000,17,2,Premier League,27,2015/2016,Regular Season,26,Swansea City,0,0,West Ham United,40,Swansea.com Stadium,Lee Mason
3754335,2015-10-03,16:00:00.000,8,2,Premier League,27,2015/2016,Regular Season,56,Norwich City,1,2,Leicester City,22,Carrow Road,Mark Clattenburg
3754298,2015-09-19,16:00:00.000,6,2,Premier League,27,2015/2016,Regular Season,26,Swansea City,0,0,Everton,29,Swansea.com Stadium,Stuart Attwell
3754315,2015-09-12,16:00:00.000,5,2,Premier League,27,2015/2016,Regular Season,56,Norwich City,3,1,AFC Bournemouth,28,Carrow Road,Martin Atkinson
3754330,2015-10-03,16:00:00.000,8,2,Premier League,27,2015/2016,Regular Season,59,Aston Villa,0,1,Stoke City,30,Villa Park,Mike Jones
3754337,2015-08-30,14:30:00.000,4,2,Premier League,27,2015/2016,Regular Season,25,Southampton,3,0,Norwich City,56,St. Mary's Stadium,Jonathan Moss
3754297,2015-11-07,16:00:00.000,12,2,Premier League,27,2015/2016,Regular Season,39,Manchester United,2,0,West Bromwich Albion,27,Old Trafford,Mike Dean
3754301,2015-11-21,16:00:00.000,13,2,Premier League,27,2015/2016,Regular Season,27,West Bromwich Albion,2,1,Arsenal,1,The Hawthorns,Mark Clattenburg
3754323,2015-09-26,16:00:00.000,7,2,Premier League,27,2015/2016,Regular Season,40,West Ham United,2,2,Norwich City,56,Boleyn Ground,Mike Dean
3754304,2015-11-28,16:00:00.000,14,2,Premier League,27,2015/2016,Regular Season,31,Crystal Palace,5,1,Newcastle United,37,Selhurst Park,Stuart Attwell
3754311,2015-11-07,16:00:00.000,12,2,Premier League,27,2015/2016,Regular Season,56,Norwich City,1,0,Swansea City,26,Carrow Road,Mark Clattenburg
3754328,2015-12-12,16:00:00.000,16,2,Premier League,27,2015/2016,Regular Season,36,Manchester City,2,1,Swansea City,26,Etihad Stadium,Robert Madley
3754325,2015-09-12,16:00:00.000,5,2,Premier League,27,2015/2016,Regular Season,27,West Bromwich Albion,0,0,Southampton,25,The Hawthorns,Stuart Attwell
3754329,2015-09-14,21:00:00.000,5,2,Premier League,27,2015/2016,Regular Season,40,West Ham United,2,0,Newcastle United,37,Boleyn Ground,Anthony Taylor
3754302,2015-10-17,16:00:00.000,9,2,Premier League,27,2015/2016,Regular Season,25,Southampton,2,2,Leicester City,22,St. Mary's Stadium,Paul Tierney
3754013,2015-12-14,21:00:00.000,16,2,Premier League,27,2015/2016,Regular Season,22,Leicester City,2,1,Chelsea,33,King Power Stadium ,Mark Clattenburg
3754044,2015-12-19,16:00:00.000,17,2,Premier League,27,2015/2016,Regular Season,39,Manchester United,1,2,Norwich City,56,Old Trafford,Michael Oliver
3754351,2015-11-08,17:00:00.000,12,2,Premier League,27,2015/2016,Regular Season,24,Liverpool,1,2,Crystal Palace,31,Anfield ,Neil Swarbrick
3754343,2015-12-26,16:00:00.000,18,2,Premier League,27,2015/2016,Regular Season,24,Liverpool,1,0,Leicester City,22,Anfield ,Martin Atkinson
3754109,2015-11-22,17:00:00.000,13,2,Premier League,27,2015/2016,Regular Season,38,Tottenham Hotspur,4,1,West Ham United,40,White Hart Lane,Anthony Taylor
3754182,2015-12-12,13:45:00.000,16,2,Premier League,27,2015/2016,Regular Season,56,Norwich City,1,1,Everton,29,Carrow Road,Martin Atkinson
3754240,2015-09-12,16:00:00.000,5,2,Premier League,27,2015/2016,Regular Season,1,Arsenal,2,0,Stoke City,30,Emirates Stadium,Jonathan Moss
3754336,2015-09-12,13:45:00.000,5,2,Premier League,27,2015/2016,Regular Season,29,Everton,3,1,Chelsea,33,Goodison Park,Andre Marriner
3754247,2015-11-21,16:00:00.000,13,2,Premier League,27,2015/2016,Regular Season,25,Southampton,0,1,Stoke City,30,St. Mary's Stadium,Lee Mason
3754156,2015-11-07,16:00:00.000,12,2,Premier League,27,2015/2016,Regular Season,22,Leicester City,2,1,Watford,23,King Power Stadium ,Roger East
3754265,2015-11-08,17:00:00.000,12,2,Premier League,27,2015/2016,Regular Season,1,Arsenal,1,1,Tottenham Hotspur,38,Emirates Stadium,Martin Atkinson
3754000,2015-11-07,16:00:00.000,12,2,Premier League,27,2015/2016,Regular Season,41,Sunderland,0,1,Southampton,25,Stadium of Light,Mike Jones
3754003,2015-09-12,18:30:00.000,5,2,Premier League,27,2015/2016,Regular Season,39,Manchester United,3,1,Liverpool,24,Old Trafford,Michael Oliver
3754344,2015-08-15,16:00:00.000,2,2,Premier League,27,2015/2016,Regular Season,26,Swansea City,2,0,Newcastle United,37,Swansea.com Stadium,Mike Jones
3754131,2015-08-22,16:00:00.000,3,2,Premier League,27,2015/2016,Regular Season,40,West Ham United,3,4,AFC Bournemouth,28,Boleyn Ground,Jonathan Moss
3754300,2015-08-08,16:00:00.000,1,2,Premier League,27,2015/2016,Regular Season,29,Everton,2,2,Watford,23,Goodison Park,Mike Jones
3754312,2015-08-16,14:30:00.000,2,2,Premier League,27,2015/2016,Regular Season,31,Crystal Palace,1,2,Arsenal,1,Selhurst Park,Lee Mason
3754138,2015-08-08,16:00:00.000,1,2,Premier League,27,2015/2016,Regular Season,56,Norwich City,1,3,Crystal Palace,31,Carrow Road,Simon Hooper
3754203,2015-08-15,16:00:00.000,2,2,Premier League,27,2015/2016,Regular Season,40,West Ham United,1,2,Leicester City,22,Boleyn Ground,Anthony Taylor
3754190,2015-08-22,16:00:00.000,3,2,Premier League,27,2015/2016,Regular Season,31,Crystal Palace,2,1,Aston Villa,59,Selhurst Park,Keith Stroud
3754066,2015-08-16,17:00:00.000,2,2,Premier League,27,2015/2016,Regular Season,36,Manchester City,3,0,Chelsea,33,Etihad Stadium,Martin Atkinson
3754034,2015-08-15,13:45:00.000,2,2,Premier League,27,2015/2016,Regular Season,25,Southampton,0,3,Everton,29,St. Mary's Stadium,Michael Oliver
3753985,2015-08-09,17:00:00.000,1,2,Premier League,27,2015/2016,Regular Season,30,Stoke City,0,1,Liverpool,24,bet365 Stadium,Anthony Taylor
3753987,2015-08-22,16:00:00.000,3,2,Premier League,27,2015/2016,Regular Season,22,Leicester City,1,1,Tottenham Hotspur,38,King Power Stadium ,Martin Atkinson
3754189,2015-08-23,17:00:00.000,3,2,Premier League,27,2015/2016,Regular Season,23,Watford,0,0,Southampton,25,Vicarage Road,Andre Marriner
3754180,2015-08-22,16:00:00.000,3,2,Premier League,27,2015/2016,Regular Season,41,Sunderland,1,1,Swansea City,26,Stadium of Light,Neil Swarbrick
3754059,2015-08-23,14:30:00.000,3,2,Premier League,27,2015/2016,Regular Season,27,West Bromwich Albion,2,3,Chelsea,33,The Hawthorns,Mark Clattenburg
3754064,2016-03-20,14:30:00.000,31,2,Premier League,27,2015/2016,Regular Season,25,Southampton,3,2,Liverpool,24,St. Mary's Stadium,Roger East
3754065,2016-01-13,21:00:00.000,21,2,Premier League,27,2015/2016,Regular Season,38,Tottenham Hotspur,0,1,Leicester City,22,White Hart Lane,Lee Mason
3754173,2015-12-28,16:30:00.000,19,2,Premier League,27,2015/2016,Regular Season,1,Arsenal,2,0,AFC Bournemouth,28,Emirates Stadium,Roger East
3754175,2016-04-02,16:00:00.000,32,2,Premier League,27,2015/2016,Regular Season,41,Sunderland,0,0,West Bromwich Albion,27,Stadium of Light,Roger East
3753973,2016-03-19,16:00:00.000,31,2,Premier League,27,2015/2016,Regular Season,33,Chelsea,2,2,West Ham United,40,Stamford Bridge,Robert Madley
3753975,2016-01-23,16:00:00.000,23,2,Premier League,27,2015/2016,Regular Season,41,Sunderland,1,1,AFC Bournemouth,28,Stadium of Light,Roger East
3753976,2016-03-02,20:45:00.000,28,2,Premier League,27,2015/2016,Regular Season,1,Arsenal,1,2,Swansea City,26,Emirates Stadium,Robert Madley
3753977,2016-03-19,16:00:00.000,31,2,Premier League,27,2015/2016,Regular Season,23,Watford,1,2,Stoke City,30,Vicarage Road,Craig Pawson
3753980,2016-03-19,11:45:00.000,31,2,Premier League,27,2015/2016,Regular Season,29,Everton,0,2,Arsenal,1,Goodison Park,Mark Clattenburg
3753981,2016-01-12,20:45:00.000,21,2,Premier League,27,2015/2016,Regular Season,59,Aston Villa,1,0,Crystal Palace,31,Villa Park,Mark Clattenburg
3753982,2016-04-03,14:30:00.000,32,2,Premier League,27,2015/2016,Regular Season,22,Leicester City,1,0,Southampton,25,King Power Stadium ,Michael Oliver
3753986,2016-04-10,17:00:00.000,33,2,Premier League,27,2015/2016,Regular Season,24,Liverpool,4,1,Stoke City,30,Anfield ,Mark Clattenburg
3753988,2016-03-12,16:00:00.000,30,2,Premier League,27,2015/2016,Regular Season,28,AFC Bournemouth,3,2,Swansea City,26,Vitality Stadium,Roger East
3753989,2016-05-11,20:45:00.000,30,2,Premier League,27,2015/2016,Regular Season,41,Sunderland,3,0,Everton,29,Stadium of Light,Anthony Taylor
3753990,2016-04-24,15:05:00.000,35,2,Premier League,27,2015/2016,Regular Season,41,Sunderland,0,0,Arsenal,1,Stadium of Light,Mike Dean
3753991,2016-03-02,21:00:00.000,28,2,Premier League,27,2015/2016,Regular Season,24,Liverpool,3,0,Manchester City,36,Anfield ,Martin Atkinson
3753992,2016-05-08,14:30:00.000,37,2,Premier League,27,2015/2016,Regular Season,38,Tottenham Hotspur,1,2,Southampton,25,White Hart Lane,Jonathan Moss
3753994,2016-05-15,16:00:00.000,38,2,Premier League,27,2015/2016,Regular Season,25,Southampton,4,1,Crystal Palace,31,St. Mary's Stadium,Michael Oliver
3753997,2016-02-02,20:45:00.000,24,2,Premier League,27,2015/2016,Regular Season,40,West Ham United,2,0,Aston Villa,59,Boleyn Ground,Jonathan Moss
3753998,2015-12-28,18:30:00.000,19,2,Premier League,27,2015/2016,Regular Season,40,West Ham United,2,1,Southampton,25,Boleyn Ground,Michael Oliver
3754002,2016-03-14,21:00:00.000,30,2,Premier League,27,2015/2016,Regular Season,22,Leicester City,1,0,Newcastle United,37,King Power Stadium ,Craig Pawson
3754004,2016-01-16,16:00:00.000,22,2,Premier League,27,2015/2016,Regular Season,28,AFC Bournemouth,3,0,Norwich City,56,Vitality Stadium,Robert Madley
3754005,2016-03-02,20:45:00.000,28,2,Premier League,27,2015/2016,Regular Season,30,Stoke City,1,0,Newcastle United,37,bet365 Stadium,Neil Swarbrick
3754009,2016-04-17,17:00:00.000,34,2,Premier League,27,2015/2016,Regular Season,1,Arsenal,1,1,Crystal Palace,31,Emirates Stadium,Roger East
3754012,2016-02-27,16:00:00.000,27,2,Premier League,27,2015/2016,Regular Season,25,Southampton,1,2,Chelsea,33,St. Mary's Stadium,Martin Atkinson
3754016,2016-04-09,16:00:00.000,33,2,Premier League,27,2015/2016,Regular Season,25,Southampton,3,1,Newcastle United,37,St. Mary's Stadium,Robert Madley
3754018,2016-05-01,13:00:00.000,36,2,Premier League,27,2015/2016,Regular Season,26,Swansea City,3,1,Liverpool,24,Swansea.com Stadium,Roger East
3754019,2015-12-28,18:30:00.000,19,2,Premier League,27,2015/2016,Regular Season,39,Manchester United,0,0,Chelsea,33,Old Trafford,Martin Atkinson
3754021,2016-01-12,20:45:00.000,21,2,Premier League,27,2015/2016,Regular Season,28,AFC Bournemouth,1,3,West Ham United,40,Vitality Stadium,Martin Atkinson
3754022,2016-04-09,16:00:00.000,33,2,Premier League,27,2015/2016,Regular Season,31,Crystal Palace,1,0,Norwich City,56,Selhurst Park,Michael Oliver
3754024,2016-04-16,16:00:00.000,34,2,Premier League,27,2015/2016,Regular Season,37,Newcastle United,3,0,Swansea City,26,St. James' Park,Lee Mason
3754026,2016-05-07,16:00:00.000,37,2,Premier League,27,2015/2016,Regular Season,31,Crystal Palace,2,1,Stoke City,30,Selhurst Park,Kevin Friend
3754027,2016-01-16,13:45:00.000,22,2,Premier League,27,2015/2016,Regular Season,38,Tottenham Hotspur,4,1,Sunderland,41,White Hart Lane,Mike Dean
3754030,2016-04-09,16:00:00.000,33,2,Premier League,27,2015/2016,Regular Season,23,Watford,1,1,Everton,29,Vicarage Road,Kevin Friend
3754031,2016-02-13,13:45:00.000,26,2,Premier League,27,2015/2016,Regular Season,41,Sunderland,2,1,Manchester United,39,Stadium of Light,Andre Marriner
3754032,2016-01-13,20:45:00.000,21,2,Premier League,27,2015/2016,Regular Season,30,Stoke City,3,1,Norwich City,56,bet365 Stadium,Neil Swarbrick
3754033,2016-05-07,18:30:00.000,37,2,Premier League,27,2015/2016,Regular Season,22,Leicester City,3,1,Everton,29,King Power Stadium ,Andre Marriner
3754035,2016-04-09,18:30:00.000,33,2,Premier League,27,2015/2016,Regular Season,36,Manchester City,2,1,West Bromwich Albion,27,Etihad Stadium,Mike Jones
3754036,2016-01-02,16:00:00.000,20,2,Premier League,27,2015/2016,Regular Season,41,Sunderland,3,1,Aston Villa,59,Stadium of Light,Craig Pawson
3754061,2016-03-05,16:00:00.000,29,2,Premier League,27,2015/2016,Regular Season,33,Chelsea,1,1,Stoke City,30,Stamford Bridge,Mark Clattenburg
3754062,2016-01-13,20:45:00.000,21,2,Premier League,27,2015/2016,Regular Season,33,Chelsea,2,2,West Bromwich Albion,27,Stamford Bridge,Anthony Taylor
3754063,2016-04-30,16:00:00.000,36,2,Premier League,27,2015/2016,Regular Season,23,Watford,3,2,Aston Villa,59,Vicarage Road,Anthony Taylor
3754069,2016-01-02,14:00:00.000,20,2,Premier League,27,2015/2016,Regular Season,1,Arsenal,1,0,Newcastle United,37,Emirates Stadium,Anthony Taylor
3754070,2016-05-07,16:00:00.000,37,2,Premier League,27,2015/2016,Regular Season,59,Aston Villa,0,0,Newcastle United,37,Villa Park,Robert Madley
3754071,2016-01-13,20:45:00.000,21,2,Premier League,27,2015/2016,Regular Season,26,Swansea City,2,4,Sunderland,41,Swansea.com Stadium,Graham Scott
3754075,2016-04-02,13:45:00.000,32,2,Premier League,27,2015/2016,Regular Season,59,Aston Villa,0,4,Chelsea,33,Villa Park,Neil Swarbrick
3754080,2016-02-06,16:00:00.000,25,2,Premier League,27,2015/2016,Regular Season,38,Tottenham Hotspur,1,0,Watford,23,White Hart Lane,Roger East
3754081,2016-03-06,17:00:00.000,29,2,Premier League,27,2015/2016,Regular Season,27,West Bromwich Albion,1,0,Manchester United,39,The Hawthorns,Mike Dean
3754084,2016-01-23,16:00:00.000,23,2,Premier League,27,2015/2016,Regular Season,27,West Bromwich Albion,0,0,Aston Villa,59,The Hawthorns,Robert Madley
3754086,2016-04-20,20:45:00.000,30,2,Premier League,27,2015/2016,Regular Season,40,West Ham United,3,1,Watford,23,Boleyn Ground,Mike Dean
3754087,2016-04-02,18:30:00.000,32,2,Premier League,27,2015/2016,Regular Season,24,Liverpool,1,1,Tottenham Hotspur,38,Anfield ,Jonathan Moss
3754088,2016-01-12,20:45:00.000,21,2,Premier League,27,2015/2016,Regular Season,37,Newcastle United,3,3,Manchester United,39,St. James' Park,Mike Dean
3754089,2016-02-02,21:00:00.000,24,2,Premier League,27,2015/2016,Regular Season,31,Crystal Palace,1,2,AFC Bournemouth,28,Selhurst Park,Mike Jones
3754092,2016-05-02,21:00:00.000,36,2,Premier League,27,2015/2016,Regular Season,33,Chelsea,2,2,Tottenham Hotspur,38,Stamford Bridge,Mark Clattenburg
3754094,2016-02-02,21:00:00.000,24,2,Premier League,27,2015/2016,Regular Season,39,Manchester United,3,0,Stoke City,30,Old Trafford,Roger East
3754095,2016-02-02,20:45:00.000,24,2,Premier League,27,2015/2016,Regular Season,41,Sunderland,0,1,Manchester City,36,Stadium of Light,Stuart Attwell
3754100,2016-03-20,14:30:00.000,31,2,Premier League,27,2015/2016,Regular Season,37,Newcastle United,1,1,Sunderland,41,St. James' Park,Martin Atkinson
3754101,2016-01-02,16:00:00.000,20,2,Premier League,27,2015/2016,Regular Season,56,Norwich City,1,0,Southampton,25,Carrow Road,Mark Clattenburg
3754103,2016-02-03,20:45:00.000,24,2,Premier League,27,2015/2016,Regular Season,23,Watford,0,0,Chelsea,33,Vicarage Road,Mike Dean
3754108,2016-05-07,16:00:00.000,37,2,Premier League,27,2015/2016,Regular Season,41,Sunderland,3,2,Chelsea,33,Stadium of Light,Mike Jones
3754110,2016-01-23,18:30:00.000,23,2,Premier League,27,2015/2016,Regular Season,40,West Ham United,2,2,Manchester City,36,Boleyn Ground,Craig Pawson
3754111,2016-01-24,17:00:00.000,23,2,Premier League,27,2015/2016,Regular Season,1,Arsenal,0,1,Chelsea,33,Emirates Stadium,Mark Clattenburg
3754114,2016-01-03,14:30:00.000,20,2,Premier League,27,2015/2016,Regular Season,31,Crystal Palace,0,3,Chelsea,33,Selhurst Park,Kevin Friend
3754116,2016-04-09,16:00:00.000,33,2,Premier League,27,2015/2016,Regular Season,26,Swansea City,1,0,Chelsea,33,Swansea.com Stadium,Andre Marriner
3754118,2016-04-02,16:00:00.000,32,2,Premier League,27,2015/2016,Regular Season,1,Arsenal,4,0,Watford,23,Emirates Stadium,Anthony Taylor
3754120,2016-02-06,18:30:00.000,25,2,Premier League,27,2015/2016,Regular Season,25,Southampton,1,0,West Ham United,40,St. Mary's Stadium,Mark Clattenburg
3754121,2016-02-27,16:00:00.000,27,2,Premier League,27,2015/2016,Regular Season,23,Watford,0,0,AFC Bournemouth,28,Vicarage Road,Anthony Taylor
3754122,2016-01-02,16:00:00.000,20,2,Premier League,27,2015/2016,Regular Season,27,West Bromwich Albion,2,1,Stoke City,30,The Hawthorns,Lee Mason
3754123,2016-05-15,16:00:00.000,38,2,Premier League,27,2015/2016,Regular Season,29,Everton,3,0,Norwich City,56,Goodison Park,Lee Mason
3754124,2016-03-20,17:00:00.000,31,2,Premier League,27,2015/2016,Regular Season,36,Manchester City,0,1,Manchester United,39,Etihad Stadium,Michael Oliver
3754125,2016-01-16,16:00:00.000,22,2,Premier League,27,2015/2016,Regular Season,33,Chelsea,3,3,Everton,29,Stamford Bridge,Mike Jones
3754127,2016-02-06,16:00:00.000,25,2,Premier League,27,2015/2016,Regular Season,30,Stoke City,0,3,Everton,29,bet365 Stadium,Andre Marriner
3754132,2016-04-30,16:00:00.000,36,2,Premier League,27,2015/2016,Regular Season,30,Stoke City,1,1,Sunderland,41,bet365 Stadium,Craig Pawson
3754134,2016-05-10,21:30:00.000,35,2,Premier League,27,2015/2016,Regular Season,40,West Ham United,3,2,Manchester United,39,Boleyn Ground,Mike Dean
3754137,2016-04-16,16:00:00.000,34,2,Premier League,27,2015/2016,Regular Season,29,Everton,1,1,Southampton,25,Goodison Park,Craig Pawson
3754139,2016-02-13,16:00:00.000,26,2,Premier League,27,2015/2016,Regular Season,26,Swansea City,0,1,Southampton,25,Swansea.com Stadium,Jonathan Moss
3754140,2016-01-03,17:00:00.000,20,2,Premier League,27,2015/2016,Regular Season,29,Everton,1,1,Tottenham Hotspur,38,Goodison Park,Michael Oliver
3754142,2016-01-13,20:45:00.000,21,2,Premier League,27,2015/2016,Regular Season,36,Manchester City,0,0,Everton,29,Etihad Stadium,Roger East
3754144,2016-04-02,16:00:00.000,32,2,Premier League,27,2015/2016,Regular Season,28,AFC Bournemouth,0,4,Manchester City,36,Vitality Stadium,Robert Madley
3754147,2016-02-14,17:15:00.000,26,2,Premier League,27,2015/2016,Regular Season,36,Manchester City,1,2,Tottenham Hotspur,38,Etihad Stadium,Mark Clattenburg
3754149,2016-05-15,16:00:00.000,38,2,Premier League,27,2015/2016,Regular Season,26,Swansea City,1,1,Manchester City,36,Swansea.com Stadium,Mike Dean
3754151,2016-03-05,16:00:00.000,29,2,Premier League,27,2015/2016,Regular Season,26,Swansea City,1,0,Norwich City,56,Swansea.com Stadium,Craig Pawson
3754152,2016-04-10,14:30:00.000,33,2,Premier League,27,2015/2016,Regular Season,41,Sunderland,0,2,Leicester City,22,Stadium of Light,Anthony Taylor
3754154,2016-04-23,16:00:00.000,35,2,Premier League,27,2015/2016,Regular Season,24,Liverpool,2,2,Newcastle United,37,Anfield ,Andre Marriner
3754155,2016-04-16,16:00:00.000,34,2,Premier League,27,2015/2016,Regular Season,27,West Bromwich Albion,0,1,Watford,23,The Hawthorns,Michael Oliver
3754158,2016-05-07,16:00:00.000,37,2,Premier League,27,2015/2016,Regular Season,40,West Ham United,1,4,Swansea City,26,Boleyn Ground,Michael Oliver
3754159,2016-05-17,21:00:00.000,38,2,Premier League,27,2015/2016,Regular Season,39,Manchester United,3,1,AFC Bournemouth,28,Old Trafford,Jonathan Moss
3754161,2016-01-18,21:00:00.000,22,2,Premier League,27,2015/2016,Regular Season,26,Swansea City,1,0,Watford,23,Swansea.com Stadium,Michael Oliver
3754163,2016-01-24,14:30:00.000,23,2,Premier League,27,2015/2016,Regular Season,29,Everton,1,2,Swansea City,26,Goodison Park,Anthony Taylor
3754164,2016-03-05,16:00:00.000,29,2,Premier League,27,2015/2016,Regular Season,25,Southampton,1,1,Sunderland,41,St. Mary's Stadium,Neil Swarbrick
3754165,2016-05-01,15:05:00.000,36,2,Premier League,27,2015/2016,Regular Season,39,Manchester United,1,1,Leicester City,22,Old Trafford,Michael Oliver
3754168,2016-01-16,16:00:00.000,22,2,Premier League,27,2015/2016,Regular Season,25,Southampton,3,0,West Bromwich Albion,27,St. Mary's Stadium,Martin Atkinson
3754170,2016-04-30,16:00:00.000,36,2,Premier League,27,2015/2016,Regular Season,37,Newcastle United,1,0,Crystal Palace,31,St. James' Park,Mike Dean
3754172,2016-04-16,13:45:00.000,34,2,Premier League,27,2015/2016,Regular Season,56,Norwich City,0,3,Sunderland,41,Carrow Road,Andre Marriner
3754176,2016-04-02,16:00:00.000,32,2,Premier League,27,2015/2016,Regular Season,40,West Ham United,2,2,Crystal Palace,31,Boleyn Ground,Mark Clattenburg
3754177,2016-03-05,16:00:00.000,29,2,Premier League,27,2015/2016,Regular Season,37,Newcastle United,1,3,AFC Bournemouth,28,St. James' Park,Paul Tierney
3754179,2016-01-23,16:00:00.000,23,2,Premier League,27,2015/2016,Regular Season,31,Crystal Palace,1,3,Tottenham Hotspur,38,Selhurst Park,Martin Atkinson
3754181,2016-03-19,16:00:00.000,31,2,Premier League,27,2015/2016,Regular Season,31,Crystal Palace,0,1,Leicester City,22,Selhurst Park,Mike Jones
3754183,2016-01-13,20:45:00.000,21,2,Premier League,27,2015/2016,Regular Season,25,Southampton,2,0,Watford,23,St. Mary's Stadium,Craig Pawson
3754184,2016-04-30,18:30:00.000,36,2,Premier League,27,2015/2016,Regular Season,1,Arsenal,1,0,Norwich City,56,Emirates Stadium,Mike Jones
3754187,2016-04-18,21:00:00.000,34,2,Premier League,27,2015/2016,Regular Season,30,Stoke City,0,4,Tottenham Hotspur,38,bet365 Stadium,Neil Swarbrick
3754191,2015-11-01,17:00:00.000,11,2,Premier League,27,2015/2016,Regular Season,25,Southampton,2,0,AFC Bournemouth,28,St. Mary's Stadium,Craig Pawson
3754192,2016-04-30,16:00:00.000,36,2,Premier League,27,2015/2016,Regular Season,27,West Bromwich Albion,0,3,West Ham United,40,The Hawthorns,Lee Mason
3754195,2015-12-28,16:00:00.000,19,2,Premier League,27,2015/2016,Regular Season,27,West Bromwich Albion,1,0,Newcastle United,37,The Hawthorns,Mike Jones
3754196,2016-03-12,16:00:00.000,30,2,Premier League,27,2015/2016,Regular Season,30,Stoke City,1,2,Southampton,25,bet365 Stadium,Lee Mason
3754199,2016-05-15,16:00:00.000,38,2,Premier League,27,2015/2016,Regular Season,30,Stoke City,2,1,West Ham United,40,bet365 Stadium,Mike Jones
3754200,2016-01-23,16:00:00.000,23,2,Premier League,27,2015/2016,Regular Season,39,Manchester United,0,1,Southampton,25,Old Trafford,Mike Jones
3754201,2016-02-02,20:45:00.000,24,2,Premier League,27,2015/2016,Regular Season,1,Arsenal,0,0,Southampton,25,Emirates Stadium,Lee Mason
3754202,2016-01-17,15:15:00.000,22,2,Premier League,27,2015/2016,Regular Season,30,Stoke City,0,0,Arsenal,1,bet365 Stadium,Craig Pawson
3754206,2016-04-19,20:45:00.000,27,2,Premier League,27,2015/2016,Regular Season,37,Newcastle United,1,1,Manchester City,36,St. James' Park,Kevin Friend
3754207,2016-05-11,20:45:00.000,35,2,Premier League,27,2015/2016,Regular Season,56,Norwich City,4,2,Watford,23,Carrow Road,Roger East
3754209,2016-04-10,17:30:00.000,33,2,Premier League,27,2015/2016,Regular Season,38,Tottenham Hotspur,3,0,Manchester United,39,White Hart Lane,Mike Dean
3754210,2016-05-07,13:45:00.000,37,2,Premier League,27,2015/2016,Regular Season,56,Norwich City,0,1,Manchester United,39,Carrow Road,Craig Pawson
3754214,2016-02-14,15:05:00.000,26,2,Premier League,27,2015/2016,Regular Season,59,Aston Villa,0,6,Liverpool,24,Villa Park,Neil Swarbrick
3754215,2015-12-05,16:00:00.000,15,2,Premier League,27,2015/2016,Regular Season,27,West Bromwich Albion,1,1,Tottenham Hotspur,38,The Hawthorns,Jonathan Moss
3754216,2016-04-17,14:30:00.000,34,2,Premier League,27,2015/2016,Regular Season,28,AFC Bournemouth,1,2,Liverpool,24,Vitality Stadium,Mike Jones
3754220,2016-03-06,14:30:00.000,29,2,Premier League,27,2015/2016,Regular Season,31,Crystal Palace,1,2,Liverpool,24,Selhurst Park,Andre Marriner
3754224,2016-03-19,18:30:00.000,31,2,Premier League,27,2015/2016,Regular Season,26,Swansea City,1,0,Aston Villa,59,Swansea.com Stadium,Mike Dean
3754225,2016-05-07,16:00:00.000,37,2,Premier League,27,2015/2016,Regular Season,28,AFC Bournemouth,1,1,West Bromwich Albion,27,Vitality Stadium,Mark Clattenburg
3754227,2016-04-17,14:30:00.000,34,2,Premier League,27,2015/2016,Regular Season,22,Leicester City,2,2,West Ham United,40,King Power Stadium ,Jonathan Moss
3754228,2016-04-24,17:15:00.000,35,2,Premier League,27,2015/2016,Regular Season,22,Leicester City,4,0,Swansea City,26,King Power Stadium ,Mark Clattenburg
3754229,2016-05-15,16:00:00.000,38,2,Premier League,27,2015/2016,Regular Season,33,Chelsea,1,1,Leicester City,22,Stamford Bridge,Craig Pawson
3754231,2016-03-01,20:45:00.000,28,2,Premier League,27,2015/2016,Regular Season,22,Leicester City,2,2,West Bromwich Albion,27,King Power Stadium ,Mark Clattenburg
3754232,2016-03-02,21:00:00.000,28,2,Premier League,27,2015/2016,Regular Season,39,Manchester United,1,0,Watford,23,Old Trafford,Mike Jones
3754236,2016-02-27,18:30:00.000,27,2,Premier League,27,2015/2016,Regular Season,27,West Bromwich Albion,3,2,Crystal Palace,31,The Hawthorns,Jonathan Moss
3754239,2016-02-28,15:05:00.000,27,2,Premier League,27,2015/2016,Regular Season,39,Manchester United,3,2,Arsenal,1,Old Trafford,Craig Pawson
3754241,2016-04-09,13:45:00.000,33,2,Premier League,27,2015/2016,Regular Season,40,West Ham United,3,3,Arsenal,1,Boleyn Ground,Craig Pawson
3754242,2016-04-23,16:00:00.000,35,2,Premier League,27,2015/2016,Regular Season,28,AFC Bournemouth,1,4,Chelsea,33,Vitality Stadium,Roger East
3754243,2016-04-02,16:00:00.000,32,2,Premier League,27,2015/2016,Regular Season,56,Norwich City,3,2,Newcastle United,37,Carrow Road,Mike Dean
3754244,2016-02-13,16:00:00.000,26,2,Premier League,27,2015/2016,Regular Season,56,Norwich City,2,2,West Ham United,40,Carrow Road,Mike Jones
3754249,2016-03-05,16:00:00.000,29,2,Premier League,27,2015/2016,Regular Season,36,Manchester City,4,0,Aston Villa,59,Etihad Stadium,Lee Mason
3754250,2016-01-16,18:30:00.000,22,2,Premier League,27,2015/2016,Regular Season,59,Aston Villa,1,1,Leicester City,22,Villa Park,Roger East
3754251,2016-01-02,13:45:00.000,20,2,Premier League,27,2015/2016,Regular Season,40,West Ham United,2,0,Liverpool,24,Boleyn Ground,Robert Madley
3754252,2016-02-03,20:45:00.000,24,2,Premier League,27,2015/2016,Regular Season,29,Everton,3,0,Newcastle United,37,Goodison Park,Craig Pawson
3754253,2016-02-07,14:30:00.000,25,2,Premier League,27,2015/2016,Regular Season,28,AFC Bournemouth,0,2,Arsenal,1,Vitality Stadium,Kevin Friend
3754260,2016-01-16,16:00:00.000,22,2,Premier League,27,2015/2016,Regular Season,36,Manchester City,4,0,Crystal Palace,31,Etihad Stadium,Jonathan Moss
3754261,2016-02-14,11:00:00.000,26,2,Premier League,27,2015/2016,Regular Season,1,Arsenal,2,1,Leicester City,22,Emirates Stadium,Martin Atkinson
3754262,2016-04-09,16:00:00.000,33,2,Premier League,27,2015/2016,Regular Season,59,Aston Villa,1,2,AFC Bournemouth,28,Villa Park,Martin Atkinson
3754264,2016-02-13,18:30:00.000,26,2,Premier League,27,2015/2016,Regular Season,33,Chelsea,5,1,Newcastle United,37,Stamford Bridge,Roger East
3754295,2016-04-16,16:00:00.000,34,2,Premier League,27,2015/2016,Regular Season,39,Manchester United,1,0,Aston Villa,59,Old Trafford,Kevin Friend
3754271,2016-01-23,16:00:00.000,23,2,Premier League,27,2015/2016,Regular Season,23,Watford,2,1,Newcastle United,37,Vicarage Road,Andre Marriner
3754272,2016-04-02,16:00:00.000,32,2,Premier League,27,2015/2016,Regular Season,30,Stoke City,2,2,Swansea City,26,bet365 Stadium,Martin Atkinson
3754274,2016-02-13,16:00:00.000,26,2,Premier League,27,2015/2016,Regular Season,28,AFC Bournemouth,1,3,Stoke City,30,Vitality Stadium,Graham Scott
3754275,2016-02-02,20:45:00.000,24,2,Premier League,27,2015/2016,Regular Season,22,Leicester City,2,0,Liverpool,24,King Power Stadium ,Andre Marriner
3754277,2016-03-05,16:00:00.000,29,2,Premier League,27,2015/2016,Regular Season,29,Everton,2,3,West Ham United,40,Goodison Park,Anthony Taylor
3754280,2016-03-01,20:45:00.000,28,2,Premier League,27,2015/2016,Regular Season,56,Norwich City,1,2,Chelsea,33,Carrow Road,Lee Mason
3754281,2016-02-07,17:00:00.000,25,2,Premier League,27,2015/2016,Regular Season,33,Chelsea,1,1,Manchester United,39,Stamford Bridge,Michael Oliver
3754282,2016-04-23,16:00:00.000,35,2,Premier League,27,2015/2016,Regular Season,59,Aston Villa,2,4,Southampton,25,Villa Park,Neil Swarbrick
3754284,2016-04-21,20:45:00.000,30,2,Premier League,27,2015/2016,Regular Season,1,Arsenal,2,0,West Bromwich Albion,27,Emirates Stadium,Jonathan Moss
3754289,2016-03-05,18:30:00.000,29,2,Premier League,27,2015/2016,Regular Season,23,Watford,0,1,Leicester City,22,Vicarage Road,Jonathan Moss
3754290,2016-02-06,13:45:00.000,25,2,Premier League,27,2015/2016,Regular Season,36,Manchester City,1,3,Leicester City,22,Etihad Stadium,Anthony Taylor
3754292,2016-02-06,16:00:00.000,25,2,Premier League,27,2015/2016,Regular Season,37,Newcastle United,1,0,West Bromwich Albion,27,St. James' Park,Lee Mason
3754294,2016-04-20,21:00:00.000,27,2,Premier League,27,2015/2016,Regular Season,24,Liverpool,4,0,Everton,29,Anfield ,Robert Madley
3754248,2015-12-26,16:00:00.000,18,2,Premier League,27,2015/2016,Regular Season,28,AFC Bournemouth,0,0,Crystal Palace,31,Vitality Stadium,Michael Oliver
3754299,2016-04-03,17:00:00.000,32,2,Premier League,27,2015/2016,Regular Season,39,Manchester United,1,0,Everton,29,Old Trafford,Andre Marriner
3754303,2016-02-06,16:00:00.000,25,2,Premier League,27,2015/2016,Regular Season,26,Swansea City,1,1,Crystal Palace,31,Swansea.com Stadium,Mike Dean
3754305,2016-01-13,21:00:00.000,21,2,Premier League,27,2015/2016,Regular Season,24,Liverpool,3,3,Arsenal,1,Anfield ,Mike Jones
3754306,2016-02-06,16:00:00.000,25,2,Premier League,27,2015/2016,Regular Season,59,Aston Villa,2,0,Norwich City,56,Villa Park,Martin Atkinson
3754307,2016-04-23,13:45:00.000,35,2,Premier League,27,2015/2016,Regular Season,36,Manchester City,4,0,Stoke City,30,Etihad Stadium,Robert Madley
3754308,2016-05-15,16:00:00.000,38,2,Premier League,27,2015/2016,Regular Season,23,Watford,2,2,Sunderland,41,Vicarage Road,Kevin Friend
3754310,2016-04-20,21:00:00.000,30,2,Premier League,27,2015/2016,Regular Season,39,Manchester United,2,0,Crystal Palace,31,Old Trafford,Lee Mason
3754313,2016-03-12,13:45:00.000,30,2,Premier League,27,2015/2016,Regular Season,56,Norwich City,0,0,Manchester City,36,Carrow Road,Jonathan Moss
3754314,2016-05-08,17:00:00.000,37,2,Premier League,27,2015/2016,Regular Season,36,Manchester City,2,2,Arsenal,1,Etihad Stadium,Anthony Taylor
3754316,2016-02-06,16:00:00.000,25,2,Premier League,27,2015/2016,Regular Season,24,Liverpool,2,2,Sunderland,41,Anfield ,Robert Madley
3754317,2016-02-02,20:45:00.000,24,2,Premier League,27,2015/2016,Regular Season,56,Norwich City,0,3,Tottenham Hotspur,38,Carrow Road,Kevin Friend
3754318,2016-03-05,13:45:00.000,29,2,Premier League,27,2015/2016,Regular Season,38,Tottenham Hotspur,2,2,Arsenal,1,White Hart Lane,Michael Oliver
3754319,2016-01-02,16:00:00.000,20,2,Premier League,27,2015/2016,Regular Season,39,Manchester United,2,1,Swansea City,26,Old Trafford,Jonathan Moss
3754320,2016-05-01,17:30:00.000,36,2,Premier League,27,2015/2016,Regular Season,25,Southampton,4,2,Manchester City,36,St. Mary's Stadium,Andre Marriner
3754321,2016-02-27,16:00:00.000,27,2,Premier League,27,2015/2016,Regular Season,30,Stoke City,2,1,Aston Villa,59,bet365 Stadium,Kevin Friend
3754322,2016-04-16,18:30:00.000,34,2,Premier League,27,2015/2016,Regular Season,33,Chelsea,0,3,Manchester City,36,Stamford Bridge,Mike Dean
3754324,2016-02-28,15:05:00.000,27,2,Premier League,27,2015/2016,Regular Season,38,Tottenham Hotspur,2,1,Swansea City,26,White Hart Lane,Mike Jones
3754326,2015-12-28,16:00:00.000,19,2,Premier League,27,2015/2016,Regular Season,31,Crystal Palace,0,0,Swansea City,26,Selhurst Park,Neil Swarbrick
3754327,2016-03-01,20:45:00.000,28,2,Premier League,27,2015/2016,Regular Season,59,Aston Villa,1,3,Everton,29,Villa Park,Roger East
3754331,2016-02-27,13:45:00.000,27,2,Premier League,27,2015/2016,Regular Season,40,West Ham United,1,0,Sunderland,41,Boleyn Ground,Mike Dean
3754332,2016-04-25,21:00:00.000,35,2,Premier League,27,2015/2016,Regular Season,38,Tottenham Hotspur,1,1,West Bromwich Albion,27,White Hart Lane,Mike Jones
3754333,2016-05-15,16:00:00.000,38,2,Premier League,27,2015/2016,Regular Season,37,Newcastle United,5,1,Tottenham Hotspur,38,St. James' Park,Anthony Taylor
3754334,2016-03-01,20:45:00.000,28,2,Premier League,27,2015/2016,Regular Season,28,AFC Bournemouth,2,0,Southampton,25,Vitality Stadium,Mike Dean
3754338,2016-01-16,16:00:00.000,22,2,Premier League,27,2015/2016,Regular Season,37,Newcastle United,2,1,West Ham United,40,St. James' Park,Neil Swarbrick
3754340,2016-02-02,21:00:00.000,24,2,Premier League,27,2015/2016,Regular Season,27,West Bromwich Albion,1,1,Swansea City,26,The Hawthorns,Neil Swarbrick
3754341,2016-01-23,16:00:00.000,23,2,Premier League,27,2015/2016,Regular Season,22,Leicester City,3,0,Stoke City,30,King Power Stadium ,Mike Dean
3754342,2016-05-08,17:00:00.000,37,2,Premier League,27,2015/2016,Regular Season,24,Liverpool,2,0,Watford,23,Anfield ,Lee Mason
3754345,2016-01-17,15:05:00.000,22,2,Premier League,27,2015/2016,Regular Season,24,Liverpool,0,1,Manchester United,39,Anfield ,Mark Clattenburg
3754346,2016-01-02,18:30:00.000,20,2,Premier League,27,2015/2016,Regular Season,23,Watford,1,2,Manchester City,36,Vicarage Road,Martin Atkinson
3754348,2016-01-23,13:45:00.000,23,2,Premier League,27,2015/2016,Regular Season,56,Norwich City,4,5,Liverpool,24,Carrow Road,Lee Mason
3754349,2016-03-02,20:45:00.000,28,2,Premier League,27,2015/2016,Regular Season,40,West Ham United,1,0,Tottenham Hotspur,38,Boleyn Ground,Andre Marriner
3754350,2016-02-13,16:00:00.000,26,2,Premier League,27,2015/2016,Regular Season,29,Everton,0,1,West Bromwich Albion,27,Goodison Park,Michael Oliver
3754258,2015-11-08,14:30:00.000,12,2,Premier League,27,2015/2016,Regular Season,59,Aston Villa,0,0,Manchester City,36,Villa Park,Craig Pawson
3754020,2015-08-17,21:00:00.000,2,2,Premier League,27,2015/2016,Regular Season,24,Liverpool,1,0,AFC Bournemouth,28,Anfield ,Craig Pawson
3754267,2015-08-15,16:00:00.000,2,2,Premier League,27,2015/2016,Regular Season,23,Watford,0,0,West Bromwich Albion,27,Vicarage Road,Paul Tierney
3754141,2015-08-09,14:30:00.000,1,2,Premier League,27,2015/2016,Regular Season,1,Arsenal,0,2,West Ham United,40,Emirates Stadium,Martin Atkinson
3754128,2015-08-08,16:00:00.000,1,2,Premier League,27,2015/2016,Regular Season,28,AFC Bournemouth,0,1,Aston Villa,59,Vitality Stadium,Mark Clattenburg
3754078,2015-08-08,18:30:00.000,1,2,Premier League,27,2015/2016,Regular Season,33,Chelsea,2,2,Swansea City,26,Stamford Bridge,Michael Oliver
3749493,2003-08-16,13:00:00.000,1,2,Premier League,44,2003/2004,Regular Season,1,Arsenal,2,1,Everton,29,Arsenal Stadium,
3749448,2004-04-09,11:30:00.000,31,2,Premier League,44,2003/2004,Regular Season,1,Arsenal,4,2,Liverpool,24,Arsenal Stadium,
3749196,2003-11-08,14:00:00.000,12,2,Premier League,44,2003/2004,Regular Season,1,Arsenal,2,1,Tottenham Hotspur,38,Arsenal Stadium,
3749454,2003-08-31,14:05:00.000,1,2,Premier League,44,2003/2004,Regular Season,36,Manchester City,1,2,Arsenal,1,Etihad Stadium,
3749603,2004-05-09,14:05:00.000,2,2,Premier League,44,2003/2004,Regular Season,55,Fulham,0,1,Arsenal,1,MATRADE Loftus Road,
3749052,2004-02-07,14:00:00.000,2,2,Premier League,44,2003/2004,Regular Season,46,Wolverhampton Wanderers,1,3,Arsenal,1,Molineux Stadium,
3749296,2003-09-13,13:00:00.000,5,2,Premier League,44,2003/2004,Regular Season,1,Arsenal,1,1,Portsmouth,105,Arsenal Stadium,
3749522,2003-12-26,11:00:00.000,18,2,Premier League,44,2003/2004,Regular Season,1,Arsenal,3,0,Wolverhampton Wanderers,46,Arsenal Stadium,
3749246,2004-03-28,17:05:00.000,30,2,Premier League,44,2003/2004,Regular Season,1,Arsenal,1,1,Manchester United,39,Arsenal Stadium,
3749257,2004-05-15,16:00:00.000,38,2,Premier League,44,2003/2004,Regular Season,1,Arsenal,2,1,Leicester City,22,Arsenal Stadium,
3749642,2004-02-28,16:00:00.000,27,2,Premier League,44,2003/2004,Regular Season,1,Arsenal,2,1,Charlton Athletic,75,Arsenal Stadium,
3749358,2003-08-24,14:05:00.000,1,2,Premier League,44,2003/2004,Regular Season,47,Middlesbrough,0,4,Arsenal,1,Riverside Stadium ,
3749346,2003-11-01,16:00:00.000,1,2,Premier League,44,2003/2004,Regular Season,101,Leeds United,1,4,Arsenal,1,Elland Road ,
3749253,2003-10-04,13:30:00.000,1,2,Premier League,44,2003/2004,Regular Season,24,Liverpool,1,2,Arsenal,1,Anfield ,
3749079,2003-10-18,16:00:00.000,9,2,Premier League,44,2003/2004,Regular Season,1,Arsenal,2,1,Chelsea,33,Arsenal Stadium,
3749465,2004-03-13,14:00:00.000,2,2,Premier League,44,2003/2004,Regular Season,98,Blackburn Rovers,0,2,Arsenal,1,Ewood Park ,
3749133,2004-01-18,13:00:00.000,2,2,Premier League,44,2003/2004,Regular Season,59,Aston Villa,0,2,Arsenal,1,Villa Park,
3749528,2003-09-26,21:00:00.000,7,2,Premier League,44,2003/2004,Regular Season,1,Arsenal,3,2,Newcastle United,37,Arsenal Stadium,
3749233,2004-02-01,15:05:00.000,23,2,Premier League,44,2003/2004,Regular Season,1,Arsenal,2,1,Manchester City,36,Arsenal Stadium,
3749462,2004-05-01,13:30:00.000,35,2,Premier League,44,2003/2004,Regular Season,1,Arsenal,0,0,Birmingham City,54,Arsenal Stadium,
3749552,2003-09-21,17:05:00.000,1,2,Premier League,44,2003/2004,Regular Season,39,Manchester United,0,0,Arsenal,1,Old Trafford,
3749276,2004-02-21,13:30:00.000,2,2,Premier League,44,2003/2004,Regular Season,33,Chelsea,1,2,Arsenal,1,Stamford Bridge,
3749068,2004-04-25,17:05:00.000,2,2,Premier League,44,2003/2004,Regular Season,38,Tottenham Hotspur,2,2,Arsenal,1,White Hart Lane,
3749310,2003-12-29,21:00:00.000,1,2,Premier League,44,2003/2004,Regular Season,25,Southampton,0,1,Arsenal,1,St. Mary's Stadium,
3749434,2003-11-22,14:00:00.000,1,2,Premier League,44,2003/2004,Regular Season,54,Birmingham City,0,3,Arsenal,1,St Andrew's @ Knighthead Park,
3749192,2003-11-30,15:00:00.000,14,2,Premier League,44,2003/2004,Regular Season,1,Arsenal,0,0,Fulham,55,Arsenal Stadium,
3749360,2003-12-14,15:00:00.000,16,2,Premier League,44,2003/2004,Regular Season,1,Arsenal,1,0,Blackburn Rovers,98,Arsenal Stadium,
3749453,2004-04-16,21:00:00.000,33,2,Premier League,44,2003/2004,Regular Season,1,Arsenal,5,0,Leeds United,101,Arsenal Stadium,
3749278,2003-12-20,16:00:00.000,1,2,Premier League,44,2003/2004,Regular Season,328,Bolton Wanderers,1,1,Arsenal,1,Toughsheet Community Stadium,
3749274,2004-05-04,21:00:00.000,2,2,Premier League,44,2003/2004,Regular Season,105,Portsmouth,1,1,Arsenal,1,,Michael Riley
3749590,2003-12-06,16:00:00.000,1,2,Premier League,44,2003/2004,Regular Season,22,Leicester City,1,1,Arsenal,1,,Robert Styles
3749631,2004-02-10,20:45:00.000,25,2,Premier League,44,2003/2004,Regular Season,1,Arsenal,2,0,Southampton,25,,Neale Barry
3749117,2004-01-07,21:00:00.000,2,2,Premier League,44,2003/2004,Regular Season,29,Everton,1,1,Arsenal,1,,Alan Wiley
3749108,2003-08-27,20:45:00.000,3,2,Premier League,44,2003/2004,Regular Season,1,Arsenal,2,0,Aston Villa,59,,
3749153,2004-01-10,16:00:00.000,21,2,Premier League,44,2003/2004,Regular Season,1,Arsenal,4,1,Middlesbrough,47,Arsenal Stadium,
3749403,2004-03-20,16:00:00.000,29,2,Premier League,44,2003/2004,Regular Season,1,Arsenal,2,1,Bolton Wanderers,328,Arsenal Stadium,
3749526,2003-10-26,13:00:00.000,1,2,Premier League,44,2003/2004,Regular Season,75,Charlton Athletic,1,1,Arsenal,1,The Valley,
3749431,2004-04-11,17:05:00.000,2,2,Premier League,44,2003/2004,Regular Season,37,Newcastle United,0,0,Arsenal,1,St. James' Park,
3939991,2024-07-03,01:00:00.000,3,223,Copa America,282,2024,Group Stage,781,Brazil,1,1,Colombia,769,Levi''s Stadium,Jesús Valenzuela Sáez
3939987,2024-07-01,00:00:00.000,3,223,Copa America,282,2024,Group Stage,2305,Jamaica,0,3,Venezuela,3563,Q2 Stadium,Maurizio Mariani
3939982,2024-06-28,01:00:00.000,2,223,Copa America,282,2024,Group Stage,783,Uruguay,5,0,Bolivia,3564,MetLife Stadium,Juan Gabriel Benítez
3939970,2024-06-22,00:00:00.000,1,223,Copa America,282,2024,Group Stage,784,Peru,0,0,Chile,3562,AT&T Stadium,Wilton Pereira Sampaio
3939980,2024-06-26,22:00:00.000,2,223,Copa America,282,2024,Group Stage,3565,Ecuador,3,1,Jamaica,2305,Allegiant Stadium,Cristián Marcelo Garay Reyes
3939977,2024-06-26,01:00:00.000,2,223,Copa America,282,2024,Group Stage,3562,Chile,0,1,Argentina,779,MetLife Stadium,Andrés Matonte
3939975,2024-06-24,22:00:00.000,1,223,Copa America,282,2024,Group Stage,769,Colombia,2,1,Paraguay,3567,NRG Stadium,Darío Herrera
3939974,2024-06-23,22:00:00.000,1,223,Copa America,282,2024,Group Stage,1839,United States,2,0,Bolivia,3564,AT&T Stadium,Maurizio Mariani
3939986,2024-06-30,00:00:00.000,3,223,Copa America,282,2024,Group Stage,779,Argentina,2,0,Peru,784,Hard Rock Stadium,César Arturo Ramos Palazuelos
3939971,2024-06-23,01:00:00.000,1,223,Copa America,282,2024,Group Stage,794,Mexico,1,0,Jamaica,2305,NRG Stadium,Ismail Elfath
3939979,2024-06-27,01:00:00.000,2,223,Copa America,282,2024,Group Stage,3563,Venezuela,1,0,Mexico,794,SoFi Stadium,Raphael Claus
3939988,2024-07-01,00:00:00.000,3,223,Copa America,282,2024,Group Stage,794,Mexico,0,0,Ecuador,3565,State Farm Stadium,Mario Alberto Escobar Toca
3939990,2024-07-02,01:00:00.000,3,223,Copa America,282,2024,Group Stage,1839,United States,0,1,Uruguay,783,Arrowhead Stadium,Kevin Ortega
3939983,2024-06-29,01:00:00.000,2,223,Copa America,282,2024,Group Stage,3567,Paraguay,1,4,Brazil,781,Allegiant Stadium,Piero Maza Gomez
3939972,2024-06-22,22:00:00.000,1,223,Copa America,282,2024,Group Stage,3565,Ecuador,1,2,Venezuela,3563,Levi''s Stadium,Wilmar Alexander Roldán Pérez
3939978,2024-06-25,22:00:00.000,2,223,Copa America,282,2024,Group Stage,784,Peru,0,1,Canada,1833,Children''s Mercy Park,Mario Alberto Escobar Toca
3939976,2024-06-25,01:00:00.000,1,223,Copa America,282,2024,Group Stage,781,Brazil,0,0,Costa Rica,795,SoFi Stadium,César Arturo Ramos Palazuelos
3939992,2024-07-03,01:00:00.000,3,223,Copa America,282,2024,Group Stage,795,Costa Rica,2,1,Paraguay,3567,Q2 Stadium,Yael Falcón Pérez
3942416,2024-07-06,22:00:00.000,4,223,Copa America,282,2024,Quarter-finals,769,Colombia,5,0,Panama,798,State Farm Stadium,Maurizio Mariani
3943077,2024-07-15,01:15:00.000,6,223,Copa America,282,2024,Final,779,Argentina,1,0,Colombia,769,Hard Rock Stadium,Raphael Claus
3943076,2024-07-14,00:00:00.000,6,223,Copa America,282,2024,3rd Place Final,1833,Canada,2,2,Uruguay,783,Bank of America Stadium,Alexis Herrera
3942852,2024-07-11,00:00:00.000,5,223,Copa America,282,2024,Semi-finals,783,Uruguay,0,1,Colombia,769,Bank of America Stadium,César Arturo Ramos Palazuelos
3942785,2024-07-10,00:00:00.000,5,223,Copa America,282,2024,Semi-finals,779,Argentina,2,0,Canada,1833,MetLife Stadium,Piero Maza Gomez
3942415,2024-07-07,01:00:00.000,4,223,Copa America,282,2024,Quarter-finals,783,Uruguay,0,0,Brazil,781,Allegiant Stadium,Darío Herrera
3939973,2024-06-24,01:00:00.000,1,223,Copa America,282,2024,Group Stage,783,Uruguay,3,1,Panama,798,Hard Rock Stadium,Piero Maza Gomez
3942229,2024-07-06,01:00:00.000,4,223,Copa America,282,2024,Quarter-finals,3563,Venezuela,1,1,Canada,1833,AT&T Stadium,Wilton Pereira Sampaio
3942228,2024-07-05,01:00:00.000,4,223,Copa America,282,2024,Quarter-finals,779,Argentina,1,1,Ecuador,3565,NRG Stadium,Andrés Matonte
3939985,2024-06-30,00:00:00.000,3,223,Copa America,282,2024,Group Stage,1833,Canada,0,0,Chile,3562,Inter&Co Stadium,Wilmar Alexander Roldán Pérez
3939984,2024-06-28,22:00:00.000,2,223,Copa America,282,2024,Group Stage,769,Colombia,3,0,Costa Rica,795,State Farm Stadium,Gustavo Tejera
3939981,2024-06-27,22:00:00.000,2,223,Copa America,282,2024,Group Stage,798,Panama,2,1,United States,1839,Mercedes-Benz Stadium,Ivan Arcides Barton Cisneros
3939989,2024-07-02,01:00:00.000,3,223,Copa America,282,2024,Group Stage,3564,Bolivia,1,3,Panama,798,Inter&Co Stadium,Edina Alves Batista
3939969,2024-06-21,00:00:00.000,1,223,Copa America,282,2024,Group Stage,779,Argentina,2,0,Canada,1833,Mercedes-Benz Stadium,Jesús Valenzuela Sáez
3887188,1989-05-03,21:30:00.000,12,35,UEFA Europa League,75,1988/1989,Final,227,Napoli,2,1,VfB Stuttgart,174,Stadio Diego Armando Maradona,Gerasimos Germanakos
3750244,1989-04-05,,10,35,UEFA Europa League,75,1988/1989,Semi-finals,227,Napoli,2,0,Bayern Munich,169,Stadio Diego Armando Maradona,Michel Vautrot
3750245,1989-03-15,18:30:00.000,9,35,UEFA Europa League,75,1988/1989,Quarter-finals,227,Napoli,3,0,Juventus W,1076,Stadio Diego Armando Maradona,Siegfried Kirschen
3913082,2023-11-05,18:45:00.000,5,37,FA Women's Super League,281,2023/2024,Regular Season,965,Brighton & Hove Albion WFC,2,2,Manchester United W,1475,Broadfield Stadium,Elizabeth Simms
3913155,2024-03-23,12:30:00.000,17,37,FA Women's Super League,281,2023/2024,Regular Season,746,Manchester City WFC,3,1,Manchester United W,1475,Etihad Stadium,Abigail Byrne
3913167,2024-04-21,11:00:00.000,19,37,FA Women's Super League,281,2023/2024,Regular Season,1475,Manchester United W,2,2,Tottenham Hotspur Women,749,Leigh Sports Village Stadium,Rebecca Welch
3913175,2024-04-28,13:00:00.000,20,37,FA Women's Super League,281,2023/2024,Regular Season,2647,Aston Villa W,1,1,West Ham United LFC,972,Villa Park,Emily Heaslip
3913107,2023-12-09,12:00:00.000,9,37,FA Women's Super League,281,2023/2024,Regular Season,746,Manchester City WFC,2,1,Aston Villa W,2647,Joie Stadium,Abigail Byrne
3913165,2024-04-17,18:00:00.000,19,37,FA Women's Super League,281,2023/2024,Regular Season,971,Chelsea FCW,3,0,Aston Villa W,2647,Kingsmeadow,Melissa Burgin
3913115,2023-12-17,18:45:00.000,10,37,FA Women's Super League,281,2023/2024,Regular Season,2647,Aston Villa W,1,0,Brighton & Hove Albion WFC,965,Poundland Bescot Stadium,Emily Heaslip
3913147,2024-03-16,13:00:00.000,16,37,FA Women's Super League,281,2023/2024,Regular Season,967,Everton LFC,1,2,Aston Villa W,2647,Walton Hall Park,Phoebe Cross
3913129,2024-02-03,12:30:00.000,13,37,FA Women's Super League,281,2023/2024,Regular Season,2647,Aston Villa W,2,2,Bristol City WFC,973,Poundland Bescot Stadium,Stacey Pearson
3912603,2023-10-08,17:45:00.000,2,37,FA Women's Super League,281,2023/2024,Regular Season,966,Liverpool WFC,2,0,Aston Villa W,2647,Prenton Park,Melissa Burgin
3913134,2024-02-04,18:45:00.000,13,37,FA Women's Super League,281,2023/2024,Regular Season,971,Chelsea FCW,3,0,Everton LFC,967,Stamford Bridge,Emily Heaslip
3913069,2023-10-14,19:30:00.000,3,37,FA Women's Super League,281,2023/2024,Regular Season,971,Chelsea FCW,2,0,West Ham United LFC,972,Kingsmeadow,Stacey Pearson
3912599,2023-10-08,14:00:00.000,2,37,FA Women's Super League,281,2023/2024,Regular Season,965,Brighton & Hove Albion WFC,0,2,West Ham United LFC,972,Broadfield Stadium,Amy Fearn
3913131,2024-02-04,16:00:00.000,13,37,FA Women's Super League,281,2023/2024,Regular Season,966,Liverpool WFC,1,1,Tottenham Hotspur Women,749,Prenton Park,Lauren Impey
3913137,2024-02-18,14:00:00.000,14,37,FA Women's Super League,281,2023/2024,Regular Season,965,Brighton & Hove Albion WFC,0,1,Liverpool WFC,966,Broadfield Stadium,Phoebe Cross
3913174,2024-04-28,20:45:00.000,20,37,FA Women's Super League,281,2023/2024,Regular Season,973,Bristol City WFC,0,4,Manchester City WFC,746,Ashton Gate,Cheryl Foster
3913186,2024-05-18,17:00:00.000,22,37,FA Women's Super League,281,2023/2024,Regular Season,2652,Leicester City WFC,0,4,Liverpool WFC,966,King Power Stadium ,Constantine Hatzidakis
3913185,2024-05-18,17:00:00.000,22,37,FA Women's Super League,281,2023/2024,Regular Season,968,Arsenal WFC,5,0,Brighton & Hove Albion WFC,965,Meadow Park ,Lauren Impey
3913180,2024-05-05,20:45:00.000,21,37,FA Women's Super League,281,2023/2024,Regular Season,971,Chelsea FCW,8,0,Bristol City WFC,973,Kingsmeadow,Stacey Fullicks
3913181,2024-05-04,14:00:00.000,21,37,FA Women's Super League,281,2023/2024,Regular Season,967,Everton LFC,2,2,Tottenham Hotspur Women,749,Walton Hall Park,Lauren Impey
3913171,2024-04-28,14:00:00.000,20,37,FA Women's Super League,281,2023/2024,Regular Season,2652,Leicester City WFC,0,1,Manchester United W,1475,King Power Stadium ,Megan Wilson
3913168,2024-04-21,15:15:00.000,19,37,FA Women's Super League,281,2023/2024,Regular Season,746,Manchester City WFC,5,0,West Ham United LFC,972,Joie Stadium,Abigail Byrne
3913169,2024-04-21,15:00:00.000,19,37,FA Women's Super League,281,2023/2024,Regular Season,968,Arsenal WFC,3,0,Leicester City WFC,2652,Emirates Stadium,Adewunmi Soneye
3913182,2024-05-04,12:00:00.000,21,37,FA Women's Super League,281,2023/2024,Regular Season,965,Brighton & Hove Albion WFC,0,1,Aston Villa W,2647,Broadfield Stadium,Elizabeth Simms
3913173,2024-05-01,21:00:00.000,20,37,FA Women's Super League,281,2023/2024,Regular Season,966,Liverpool WFC,4,3,Chelsea FCW,971,Prenton Park,Lisa Benn
3913166,2024-04-19,20:00:00.000,19,37,FA Women's Super League,281,2023/2024,Regular Season,965,Brighton & Hove Albion WFC,1,2,Everton LFC,967,The American Express Community Stadium,Kirsty Dowle
3913157,2024-03-24,17:00:00.000,17,37,FA Women's Super League,281,2023/2024,Regular Season,2652,Leicester City WFC,2,3,Brighton & Hove Albion WFC,965,King Power Stadium ,Cheryl Foster
3913161,2024-03-31,11:00:00.000,18,37,FA Women's Super League,281,2023/2024,Regular Season,1475,Manchester United W,4,1,Everton LFC,967,Leigh Sports Village Stadium,Lauren Impey
3913162,2024-03-30,14:30:00.000,18,37,FA Women's Super League,281,2023/2024,Regular Season,966,Liverpool WFC,1,4,Manchester City WFC,746,Prenton Park,Phoebe Cross
3913153,2024-03-24,15:00:00.000,17,37,FA Women's Super League,281,2023/2024,Regular Season,967,Everton LFC,0,0,Liverpool WFC,966,Goodison Park,Kirsty Dowle
3913160,2024-04-14,19:45:00.000,18,37,FA Women's Super League,281,2023/2024,Regular Season,968,Arsenal WFC,5,0,Bristol City WFC,973,Meadow Park ,Lisa Benn
3913163,2024-05-15,21:15:00.000,18,37,FA Women's Super League,281,2023/2024,Regular Season,749,Tottenham Hotspur Women,0,1,Chelsea FCW,971,Brisbane Road,Emily Heaslip
3913150,2024-03-17,14:30:00.000,16,37,FA Women's Super League,281,2023/2024,Regular Season,965,Brighton & Hove Albion WFC,1,4,Manchester City WFC,746,Broadfield Stadium,Megan Wilson
3913151,2024-03-17,12:00:00.000,16,37,FA Women's Super League,281,2023/2024,Regular Season,1475,Manchester United W,2,0,Bristol City WFC,973,Leigh Sports Village Stadium,Elizabeth Simms
3913148,2024-03-17,14:00:00.000,16,37,FA Women's Super League,281,2023/2024,Regular Season,966,Liverpool WFC,3,1,West Ham United LFC,972,Prenton Park,Emily Heaslip
3913156,2024-03-24,19:30:00.000,17,37,FA Women's Super League,281,2023/2024,Regular Season,2647,Aston Villa W,1,3,Arsenal WFC,968,Villa Park,Stacey Pearson
3913144,2024-03-03,15:00:00.000,15,37,FA Women's Super League,281,2023/2024,Regular Season,972,West Ham United LFC,1,1,Manchester United W,1475,Chigwell Construction Stadium,
3913146,2024-03-03,16:00:00.000,15,37,FA Women's Super League,281,2023/2024,Regular Season,973,Bristol City WFC,3,7,Brighton & Hove Albion WFC,965,Ashton Gate,Adewunmi Soneye
3913141,2024-03-03,14:00:00.000,15,37,FA Women's Super League,281,2023/2024,Regular Season,2647,Aston Villa W,1,4,Liverpool WFC,966,Poundland Bescot Stadium,Lisa Benn
3913152,2024-03-15,21:00:00.000,16,37,FA Women's Super League,281,2023/2024,Regular Season,971,Chelsea FCW,3,1,Arsenal WFC,968,Stamford Bridge,Rebecca Welch
3913130,2024-02-04,14:30:00.000,13,37,FA Women's Super League,281,2023/2024,Regular Season,972,West Ham United LFC,2,1,Arsenal WFC,968,Chigwell Construction Stadium,Melissa Burgin
3913135,2024-02-17,12:30:00.000,14,37,FA Women's Super League,281,2023/2024,Regular Season,968,Arsenal WFC,3,1,Manchester United W,1475,Emirates Stadium,Kirsty Dowle
3913138,2024-02-16,21:15:00.000,14,37,FA Women's Super League,281,2023/2024,Regular Season,971,Chelsea FCW,0,1,Manchester City WFC,746,Kingsmeadow,Abigail Byrne
3913128,2024-01-28,14:30:00.000,12,37,FA Women's Super League,281,2023/2024,Regular Season,967,Everton LFC,0,1,Leicester City WFC,2652,Walton Hall Park,Cheryl Foster
3913125,2024-01-28,18:30:00.000,12,37,FA Women's Super League,281,2023/2024,Regular Season,966,Liverpool WFC,0,2,Arsenal WFC,968,Prenton Park,Rebecca Welch
3913121,2024-01-21,12:30:00.000,11,37,FA Women's Super League,281,2023/2024,Regular Season,971,Chelsea FCW,3,1,Manchester United W,1475,Stamford Bridge,Abigail Byrne
3913122,2024-01-21,16:00:00.000,11,37,FA Women's Super League,281,2023/2024,Regular Season,965,Brighton & Hove Albion WFC,3,2,Bristol City WFC,973,Broadfield Stadium,Lisa Benn
3913117,2024-01-20,16:00:00.000,11,37,FA Women's Super League,281,2023/2024,Regular Season,968,Arsenal WFC,2,1,Everton LFC,967,Meadow Park ,Melissa Burgin
3913112,2023-12-17,16:00:00.000,10,37,FA Women's Super League,281,2023/2024,Regular Season,973,Bristol City WFC,0,3,Chelsea FCW,971,Ashton Gate,Amy Fearn
3913113,2023-12-16,14:00:00.000,10,37,FA Women's Super League,281,2023/2024,Regular Season,749,Tottenham Hotspur Women,1,0,Arsenal WFC,968,Tottenham Hotspur Stadium,Cheryl Foster
3913110,2023-12-10,17:00:00.000,9,37,FA Women's Super League,281,2023/2024,Regular Season,972,West Ham United LFC,0,1,Everton LFC,967,Chigwell Construction Stadium,Adewunmi Soneye
3913106,2023-12-10,16:00:00.000,9,37,FA Women's Super League,281,2023/2024,Regular Season,965,Brighton & Hove Albion WFC,2,2,Leicester City WFC,2652,Broadfield Stadium,Melissa Burgin
3913105,2023-12-10,14:30:00.000,9,37,FA Women's Super League,281,2023/2024,Regular Season,968,Arsenal WFC,4,1,Chelsea FCW,971,Emirates Stadium,Rebecca Welch
3913111,2023-12-17,12:15:00.000,10,37,FA Women's Super League,281,2023/2024,Regular Season,1475,Manchester United W,1,2,Liverpool WFC,966,Leigh Sports Village Stadium,Lauren Impey
3913103,2023-11-26,16:00:00.000,8,37,FA Women's Super League,281,2023/2024,Regular Season,971,Chelsea FCW,5,2,Leicester City WFC,2652,Kingsmeadow,Megan Wilson
3913104,2023-11-26,12:30:00.000,8,37,FA Women's Super League,281,2023/2024,Regular Season,973,Bristol City WFC,0,2,Manchester United W,1475,Ashton Gate,Stacey Fullicks
3912594,2023-10-01,16:00:00.000,1,37,FA Women's Super League,281,2023/2024,Regular Season,973,Bristol City WFC,2,4,Leicester City WFC,2652,Ashton Gate,Elizabeth Simms
3913079,2023-10-22,20:45:00.000,4,37,FA Women's Super League,281,2023/2024,Regular Season,973,Bristol City WFC,1,2,Arsenal WFC,968,Ashton Gate,Adewunmi Soneye
3913075,2023-10-21,11:30:00.000,4,37,FA Women's Super League,281,2023/2024,Regular Season,2647,Aston Villa W,2,4,Tottenham Hotspur Women,749,Poundland Bescot Stadium,Lauren Impey
3913077,2023-10-22,16:00:00.000,4,37,FA Women's Super League,281,2023/2024,Regular Season,971,Chelsea FCW,4,2,Brighton & Hove Albion WFC,965,Kingsmeadow,Stacey Fullicks
3913081,2023-11-04,12:30:00.000,5,37,FA Women's Super League,281,2023/2024,Regular Season,2647,Aston Villa W,0,6,Chelsea FCW,971,Poundland Bescot Stadium,Abigail Byrne
3913078,2023-10-22,12:00:00.000,4,37,FA Women's Super League,281,2023/2024,Regular Season,967,Everton LFC,0,5,Manchester United W,1475,Walton Hall Park,Adam Herczeg
3913080,2023-10-22,17:00:00.000,4,37,FA Women's Super League,281,2023/2024,Regular Season,972,West Ham United LFC,1,1,Liverpool WFC,966,Chigwell Construction Stadium,Steven Hughes
3913076,2023-10-21,19:15:00.000,4,37,FA Women's Super League,281,2023/2024,Regular Season,2652,Leicester City WFC,0,1,Manchester City WFC,746,King Power Stadium ,Farai Hallam
3913071,2023-10-15,11:00:00.000,3,37,FA Women's Super League,281,2023/2024,Regular Season,1475,Manchester United W,1,1,Leicester City WFC,2652,Leigh Sports Village Stadium,Adewunmi Soneye
3913073,2023-10-15,13:00:00.000,3,37,FA Women's Super League,281,2023/2024,Regular Season,968,Arsenal WFC,2,1,Aston Villa W,2647,Emirates Stadium,Amy Fearn
3913072,2023-10-15,15:00:00.000,3,37,FA Women's Super League,281,2023/2024,Regular Season,746,Manchester City WFC,5,0,Bristol City WFC,973,Joie Stadium,Stacey Fullicks
3912593,2023-10-01,17:00:00.000,1,37,FA Women's Super League,281,2023/2024,Regular Season,972,West Ham United LFC,0,2,Manchester City WFC,746,Chigwell Construction Stadium,Abigail Byrne
3913074,2023-10-15,18:00:00.000,3,37,FA Women's Super League,281,2023/2024,Regular Season,965,Brighton & Hove Albion WFC,1,3,Tottenham Hotspur Women,749,The American Express Community Stadium,Kirsty Dowle
3912602,2023-10-08,17:00:00.000,2,37,FA Women's Super League,281,2023/2024,Regular Season,2652,Leicester City WFC,1,0,Everton LFC,967,King Power Stadium ,Stacey Fullicks
3912600,2023-10-08,14:30:00.000,2,37,FA Women's Super League,281,2023/2024,Regular Season,746,Manchester City WFC,1,1,Chelsea FCW,971,Joie Stadium,Emily Heaslip
3912601,2023-10-08,16:00:00.000,2,37,FA Women's Super League,281,2023/2024,Regular Season,749,Tottenham Hotspur Women,3,1,Bristol City WFC,973,Brisbane Road,Lauren Impey
3913188,2024-05-18,17:00:00.000,22,37,FA Women's Super League,281,2023/2024,Regular Season,749,Tottenham Hotspur Women,3,1,West Ham United LFC,972,Tottenham Hotspur Stadium,Phoebe Cross
3913187,2024-05-18,14:00:00.000,22,37,FA Women's Super League,281,2023/2024,Regular Season,1475,Manchester United W,0,6,Chelsea FCW,971,Old Trafford,Rebecca Welch
3913184,2024-05-18,14:00:00.000,22,37,FA Women's Super League,281,2023/2024,Regular Season,2647,Aston Villa W,1,2,Manchester City WFC,746,Villa Park,Kirsty Dowle
3913183,2024-05-18,17:00:00.000,22,37,FA Women's Super League,281,2023/2024,Regular Season,973,Bristol City WFC,0,4,Everton LFC,967,Ashton Gate,Grace Lowe
3913179,2024-05-05,13:00:00.000,21,37,FA Women's Super League,281,2023/2024,Regular Season,966,Liverpool WFC,1,0,Manchester United W,1475,Prenton Park,Melissa Burgin
3913178,2024-05-05,17:00:00.000,21,37,FA Women's Super League,281,2023/2024,Regular Season,972,West Ham United LFC,1,1,Leicester City WFC,2652,Chigwell Construction Stadium,Abigail Byrne
3913177,2024-05-05,16:15:00.000,21,37,FA Women's Super League,281,2023/2024,Regular Season,746,Manchester City WFC,1,2,Arsenal WFC,968,Joie Stadium,Rebecca Welch
3913176,2024-04-28,14:30:00.000,20,37,FA Women's Super League,281,2023/2024,Regular Season,967,Everton LFC,1,1,Arsenal WFC,968,Walton Hall Park,Phoebe Cross
3913172,2024-04-28,16:00:00.000,20,37,FA Women's Super League,281,2023/2024,Regular Season,749,Tottenham Hotspur Women,1,1,Brighton & Hove Albion WFC,965,Brisbane Road,Melissa Burgin
3913170,2024-04-20,13:30:00.000,19,37,FA Women's Super League,281,2023/2024,Regular Season,973,Bristol City WFC,0,1,Liverpool WFC,966,Ashton Gate,Phoebe Cross
3913164,2024-03-31,16:00:00.000,18,37,FA Women's Super League,281,2023/2024,Regular Season,972,West Ham United LFC,0,0,Brighton & Hove Albion WFC,965,Chigwell Construction Stadium,Kirsty Dowle
3913159,2024-03-30,12:30:00.000,18,37,FA Women's Super League,281,2023/2024,Regular Season,2647,Aston Villa W,2,2,Leicester City WFC,2652,Poundland Bescot Stadium,Elizabeth Simms
3913158,2024-03-24,18:30:00.000,17,37,FA Women's Super League,281,2023/2024,Regular Season,972,West Ham United LFC,0,2,Chelsea FCW,971,Chigwell Construction Stadium,Megan Wilson
3913154,2024-03-24,16:00:00.000,17,37,FA Women's Super League,281,2023/2024,Regular Season,973,Bristol City WFC,0,1,Tottenham Hotspur Women,749,Ashton Gate,Phoebe Cross
3913149,2024-03-17,16:00:00.000,16,37,FA Women's Super League,281,2023/2024,Regular Season,749,Tottenham Hotspur Women,1,0,Leicester City WFC,2652,Brisbane Road,Adewunmi Soneye
3913145,2024-03-03,20:00:00.000,15,37,FA Women's Super League,281,2023/2024,Regular Season,2652,Leicester City WFC,0,4,Chelsea FCW,971,King Power Stadium ,Phoebe Cross
3913143,2024-03-02,14:00:00.000,15,37,FA Women's Super League,281,2023/2024,Regular Season,746,Manchester City WFC,2,1,Everton LFC,967,Joie Stadium,Lauren Impey
3913142,2024-03-03,14:30:00.000,15,37,FA Women's Super League,281,2023/2024,Regular Season,968,Arsenal WFC,1,0,Tottenham Hotspur Women,749,Emirates Stadium,Abigail Byrne
3913140,2024-02-18,17:00:00.000,14,37,FA Women's Super League,281,2023/2024,Regular Season,2652,Leicester City WFC,5,2,Bristol City WFC,973,King Power Stadium ,Stacey Pearson
3913139,2024-02-18,14:00:00.000,14,37,FA Women's Super League,281,2023/2024,Regular Season,749,Tottenham Hotspur Women,1,2,Aston Villa W,2647,Brisbane Road,Adewunmi Soneye
3913136,2024-02-18,15:00:00.000,14,37,FA Women's Super League,281,2023/2024,Regular Season,967,Everton LFC,2,0,West Ham United LFC,972,Walton Hall Park,Anthony Backhouse
3913133,2024-02-04,12:00:00.000,13,37,FA Women's Super League,281,2023/2024,Regular Season,1475,Manchester United W,2,0,Brighton & Hove Albion WFC,965,Leigh Sports Village Stadium,Megan Wilson
3913132,2024-02-04,15:00:00.000,13,37,FA Women's Super League,281,2023/2024,Regular Season,746,Manchester City WFC,2,0,Leicester City WFC,2652,Joie Stadium,Lisa Benn
3913127,2024-01-28,12:00:00.000,12,37,FA Women's Super League,281,2023/2024,Regular Season,1475,Manchester United W,2,1,Aston Villa W,2647,Leigh Sports Village Stadium,Adewunmi Soneye
3913126,2024-01-28,16:00:00.000,12,37,FA Women's Super League,281,2023/2024,Regular Season,749,Tottenham Hotspur Women,0,2,Manchester City WFC,746,Brisbane Road,Melissa Burgin
3913124,2024-01-28,16:00:00.000,12,37,FA Women's Super League,281,2023/2024,Regular Season,973,Bristol City WFC,1,2,West Ham United LFC,972,Ashton Gate,Lauren Impey
3913123,2024-01-27,19:30:00.000,12,37,FA Women's Super League,281,2023/2024,Regular Season,965,Brighton & Hove Albion WFC,0,3,Chelsea FCW,971,Broadfield Stadium,Amy Fearn
3913120,2024-01-21,16:30:00.000,11,37,FA Women's Super League,281,2023/2024,Regular Season,746,Manchester City WFC,5,1,Liverpool WFC,966,Joie Stadium,Kirsty Dowle
3913119,2024-01-19,19:00:00.000,11,37,FA Women's Super League,281,2023/2024,Regular Season,2652,Leicester City WFC,0,1,Aston Villa W,2647,Pirelli Stadium,Elizabeth Simms
3913118,2024-01-21,20:45:00.000,11,37,FA Women's Super League,281,2023/2024,Regular Season,972,West Ham United LFC,3,4,Tottenham Hotspur Women,749,Chigwell Construction Stadium,Stacey Pearson
3913116,2023-12-17,15:00:00.000,10,37,FA Women's Super League,281,2023/2024,Regular Season,967,Everton LFC,1,4,Manchester City WFC,746,Walton Hall Park,Stacey Pearson
3913114,2023-12-17,17:00:00.000,10,37,FA Women's Super League,281,2023/2024,Regular Season,2652,Leicester City WFC,1,1,West Ham United LFC,972,King Power Stadium ,Abigail Byrne
3913109,2023-12-10,18:45:00.000,9,37,FA Women's Super League,281,2023/2024,Regular Season,749,Tottenham Hotspur Women,0,4,Manchester United W,1475,Brisbane Road,Kirsty Dowle
3913108,2023-12-10,16:00:00.000,9,37,FA Women's Super League,281,2023/2024,Regular Season,966,Liverpool WFC,1,1,Bristol City WFC,973,Prenton Park,Stacey Fullicks
3913102,2023-11-26,20:45:00.000,8,37,FA Women's Super League,281,2023/2024,Regular Season,746,Manchester City WFC,7,0,Tottenham Hotspur Women,749,Joie Stadium,Joshua Watkins
3913101,2023-11-26,16:00:00.000,8,37,FA Women's Super League,281,2023/2024,Regular Season,968,Arsenal WFC,3,0,West Ham United LFC,972,Meadow Park ,Lisa Benn
3913100,2023-11-26,16:30:00.000,8,37,FA Women's Super League,281,2023/2024,Regular Season,2647,Aston Villa W,1,2,Everton LFC,967,Villa Park,Stacey Pearson
3913099,2023-11-26,16:00:00.000,8,37,FA Women's Super League,281,2023/2024,Regular Season,966,Liverpool WFC,4,0,Brighton & Hove Albion WFC,965,Prenton Park,Adewunmi Soneye
3913098,2023-11-19,16:30:00.000,7,37,FA Women's Super League,281,2023/2024,Regular Season,1475,Manchester United W,1,3,Manchester City WFC,746,Old Trafford,Cheryl Foster
3913097,2023-11-19,16:00:00.000,7,37,FA Women's Super League,281,2023/2024,Regular Season,965,Brighton & Hove Albion WFC,0,3,Arsenal WFC,968,Broadfield Stadium,Tim Robinson
3913096,2023-11-19,15:00:00.000,7,37,FA Women's Super League,281,2023/2024,Regular Season,972,West Ham United LFC,2,3,Aston Villa W,2647,Chigwell Construction Stadium,Keith Stroud
3913095,2023-11-19,17:00:00.000,7,37,FA Women's Super League,281,2023/2024,Regular Season,2652,Leicester City WFC,1,1,Tottenham Hotspur Women,749,King Power Stadium ,Andy Madley
3913094,2023-11-19,15:00:00.000,7,37,FA Women's Super League,281,2023/2024,Regular Season,967,Everton LFC,2,2,Bristol City WFC,973,Walton Hall Park,Adewunmi Soneye
3913093,2023-11-18,15:30:00.000,7,37,FA Women's Super League,281,2023/2024,Regular Season,971,Chelsea FCW,5,1,Liverpool WFC,966,Stamford Bridge,Kirsty Dowle
3913092,2023-11-12,14:30:00.000,6,37,FA Women's Super League,281,2023/2024,Regular Season,749,Tottenham Hotspur Women,1,1,Liverpool WFC,966,Brisbane Road,Abigail Byrne
3913091,2023-11-12,20:45:00.000,6,37,FA Women's Super League,281,2023/2024,Regular Season,2652,Leicester City WFC,2,6,Arsenal WFC,968,King Power Stadium ,Stacey Fullicks
3913090,2023-11-12,12:00:00.000,6,37,FA Women's Super League,281,2023/2024,Regular Season,1475,Manchester United W,5,0,West Ham United LFC,972,Leigh Sports Village Stadium,Phoebe Cross
3913089,2023-11-12,15:00:00.000,6,37,FA Women's Super League,281,2023/2024,Regular Season,967,Everton LFC,0,3,Chelsea FCW,971,Walton Hall Park,Lauren Impey
3913088,2023-11-12,15:00:00.000,6,37,FA Women's Super League,281,2023/2024,Regular Season,746,Manchester City WFC,0,1,Brighton & Hove Albion WFC,965,Joie Stadium,Adam Herczeg
3913087,2023-11-12,14:00:00.000,6,37,FA Women's Super League,281,2023/2024,Regular Season,973,Bristol City WFC,0,2,Aston Villa W,2647,Ashton Gate,Melissa Burgin
3913086,2023-11-05,17:00:00.000,5,37,FA Women's Super League,281,2023/2024,Regular Season,972,West Ham United LFC,2,3,Bristol City WFC,973,Chigwell Construction Stadium,Kirsty Dowle
3913085,2023-11-05,16:00:00.000,5,37,FA Women's Super League,281,2023/2024,Regular Season,749,Tottenham Hotspur Women,1,1,Everton LFC,967,Brisbane Road,Emily Heaslip
3913084,2023-11-05,16:00:00.000,5,37,FA Women's Super League,281,2023/2024,Regular Season,966,Liverpool WFC,2,1,Leicester City WFC,2652,Prenton Park,Phoebe Cross
3913083,2023-11-05,14:30:00.000,5,37,FA Women's Super League,281,2023/2024,Regular Season,968,Arsenal WFC,2,1,Manchester City WFC,746,Meadow Park ,Rebecca Welch
3913070,2023-10-15,18:30:00.000,3,37,FA Women's Super League,281,2023/2024,Regular Season,966,Liverpool WFC,0,1,Everton LFC,967,Anfield ,Abigail Byrne
3912597,2023-10-01,19:30:00.000,1,37,FA Women's Super League,281,2023/2024,Regular Season,971,Chelsea FCW,2,1,Tottenham Hotspur Women,749,Stamford Bridge,Cheryl Foster
3912592,2023-10-01,11:30:00.000,1,37,FA Women's Super League,281,2023/2024,Regular Season,2647,Aston Villa W,1,2,Manchester United W,1475,Villa Park,Rebecca Welch
3912595,2023-10-01,16:00:00.000,1,37,FA Women's Super League,281,2023/2024,Regular Season,968,Arsenal WFC,0,1,Liverpool WFC,966,Emirates Stadium,Emily Heaslip
3912596,2023-10-01,15:00:00.000,1,37,FA Women's Super League,281,2023/2024,Regular Season,967,Everton LFC,1,2,Brighton & Hove Albion WFC,965,Walton Hall Park,Kirsty Dowle
3912598,2023-10-06,18:30:00.000,2,37,FA Women's Super League,281,2023/2024,Regular Season,1475,Manchester United W,2,2,Arsenal WFC,968,Leigh Sports Village Stadium,Kirsty Dowle
19770,2018-12-02,13:30:00.000,11,37,FA Women's Super League,4,2018/2019,Regular Season,746,Manchester City WFC,2,0,Arsenal WFC,968,Joie Stadium,Abigail Marriott
19820,2019-05-11,13:30:00.000,22,37,FA Women's Super League,4,2018/2019,Regular Season,974,Reading WFC,2,3,Chelsea FCW,971,Adams Park ,Abigail Byrne
19772,2018-12-02,15:00:00.000,11,37,FA Women's Super League,4,2018/2019,Regular Season,971,Chelsea FCW,1,0,Reading WFC,974,Kingsmeadow,Lucy Oliver
19769,2018-12-02,15:00:00.000,11,37,FA Women's Super League,4,2018/2019,Regular Season,965,Brighton & Hove Albion WFC,0,1,West Ham United LFC,972,Broadfield Stadium,Kirsty Dowle
19746,2018-10-28,15:00:00.000,7,37,FA Women's Super League,4,2018/2019,Regular Season,967,Everton LFC,1,2,West Ham United LFC,972,Haig Avenue,Aaron Jackson
19778,2018-12-09,13:15:00.000,12,37,FA Women's Super League,4,2018/2019,Regular Season,746,Manchester City WFC,1,0,Birmingham City WFC,969,Joie Stadium,Rebecca Welch
19771,2018-12-02,15:00:00.000,11,37,FA Women's Super League,4,2018/2019,Regular Season,969,Birmingham City WFC,2,1,Yeovil Town LFC,970,ARMCO Arena,Jane Simms
19736,2018-10-14,15:00:00.000,5,37,FA Women's Super League,4,2018/2019,Regular Season,971,Chelsea FCW,0,5,Arsenal WFC,968,Kingsmeadow,Sam Purkiss
19745,2018-10-28,15:00:00.000,7,37,FA Women's Super League,4,2018/2019,Regular Season,965,Brighton & Hove Albion WFC,2,1,Yeovil Town LFC,970,Broadfield Stadium,Jacob Miles
19730,2018-09-30,15:00:00.000,4,37,FA Women's Super League,4,2018/2019,Regular Season,971,Chelsea FCW,2,0,Brighton & Hove Albion WFC,965,Kingsmeadow,Abigail Marriott
19794,2019-02-20,20:30:00.000,17,37,FA Women's Super League,4,2018/2019,Regular Season,971,Chelsea FCW,6,0,Bristol City WFC,973,Kingsmeadow,Tom Bishop
19766,2018-11-25,13:30:00.000,10,37,FA Women's Super League,4,2018/2019,Regular Season,968,Arsenal WFC,4,1,Brighton & Hove Albion WFC,965,Meadow Park ,Rob Whitton
19734,2018-10-14,15:00:00.000,5,37,FA Women's Super League,4,2018/2019,Regular Season,967,Everton LFC,3,3,Brighton & Hove Albion WFC,965,Haig Avenue,Steven Copeland
19717,2018-09-09,13:30:00.000,1,37,FA Women's Super League,4,2018/2019,Regular Season,968,Arsenal WFC,5,0,Liverpool WFC,966,Meadow Park ,Jason Richardson
19718,2018-09-09,15:00:00.000,1,37,FA Women's Super League,4,2018/2019,Regular Season,969,Birmingham City WFC,1,0,Everton LFC,967,ARMCO Arena,James Bell
19810,2019-04-21,15:00:00.000,20,37,FA Women's Super League,4,2018/2019,Regular Season,966,Liverpool WFC,5,2,Bristol City WFC,973,Prenton Park,Lucy Oliver
19743,2018-10-21,13:30:00.000,6,37,FA Women's Super League,4,2018/2019,Regular Season,969,Birmingham City WFC,0,0,Chelsea FCW,971,ARMCO Arena,Amy Fearn
19740,2018-10-21,16:00:00.000,6,37,FA Women's Super League,4,2018/2019,Regular Season,972,West Ham United LFC,0,1,Liverpool WFC,966,The Rush Green Stadium,Jack Packman
19716,2018-09-09,15:00:00.000,1,37,FA Women's Super League,4,2018/2019,Regular Season,974,Reading WFC,4,0,Yeovil Town LFC,970,Adams Park ,Helen Conley
19800,2019-03-14,20:30:00.000,18,37,FA Women's Super League,4,2018/2019,Regular Season,968,Arsenal WFC,4,0,Bristol City WFC,973,Meadow Park ,Rob Whitton
19739,2018-10-21,15:00:00.000,6,37,FA Women's Super League,4,2018/2019,Regular Season,965,Brighton & Hove Albion WFC,0,6,Manchester City WFC,746,Broadfield Stadium,Lucy Oliver
19748,2018-10-28,13:30:00.000,7,37,FA Women's Super League,4,2018/2019,Regular Season,971,Chelsea FCW,1,0,Liverpool WFC,966,Kingsmeadow,Stacey Pearson
19822,2019-05-11,13:30:00.000,22,37,FA Women's Super League,4,2018/2019,Regular Season,970,Yeovil Town LFC,0,2,Birmingham City WFC,969,Clayson Stadium,Kirsty Dowle
19785,2019-01-13,13:30:00.000,14,37,FA Women's Super League,4,2018/2019,Regular Season,968,Arsenal WFC,1,2,Chelsea FCW,971,Meadow Park ,Rebecca Welch
19749,2018-11-04,13:30:00.000,8,37,FA Women's Super League,4,2018/2019,Regular Season,968,Arsenal WFC,3,1,Birmingham City WFC,969,Meadow Park ,Rebecca Welch
19751,2018-11-04,16:00:00.000,8,37,FA Women's Super League,4,2018/2019,Regular Season,972,West Ham United LFC,0,2,Chelsea FCW,971,The Rush Green Stadium,Paul Howard
19764,2018-11-25,16:00:00.000,10,37,FA Women's Super League,4,2018/2019,Regular Season,970,Yeovil Town LFC,0,4,Manchester City WFC,746,Clayson Stadium,Lewis Sandoe
19773,2018-12-02,13:00:00.000,11,37,FA Women's Super League,4,2018/2019,Regular Season,967,Everton LFC,2,1,Liverpool WFC,966,Haig Avenue,Simon Mather
19783,2019-01-06,15:00:00.000,13,37,FA Women's Super League,4,2018/2019,Regular Season,971,Chelsea FCW,3,0,Everton LFC,967,Kingsmeadow,Lee Brennan
19747,2018-10-26,20:00:00.000,7,37,FA Women's Super League,4,2018/2019,Regular Season,746,Manchester City WFC,1,1,Reading WFC,974,Joie Stadium,David McNamara
19757,2019-02-10,16:00:00.000,16,37,FA Women's Super League,4,2018/2019,Regular Season,973,Bristol City WFC,0,0,Brighton & Hove Albion WFC,965,Stoke Gifford Stadium,Sarah Garratt
19742,2018-10-21,16:00:00.000,6,37,FA Women's Super League,4,2018/2019,Regular Season,970,Yeovil Town LFC,1,2,Bristol City WFC,973,Clayson Stadium,Scott Jackson
19777,2018-12-09,16:00:00.000,12,37,FA Women's Super League,4,2018/2019,Regular Season,970,Yeovil Town LFC,0,5,West Ham United LFC,972,Clayson Stadium,Matthew Russell
19758,2019-04-17,20:45:00.000,16,37,FA Women's Super League,4,2018/2019,Regular Season,970,Yeovil Town LFC,0,5,Reading WFC,974,Clayson Stadium,Scott Jackson
19802,2019-03-13,20:45:00.000,18,37,FA Women's Super League,4,2018/2019,Regular Season,970,Yeovil Town LFC,1,1,Brighton & Hove Albion WFC,965,Clayson Stadium,James Durkin
19803,2019-03-13,20:45:00.000,18,37,FA Women's Super League,4,2018/2019,Regular Season,972,West Ham United LFC,0,1,Everton LFC,967,The Rush Green Stadium,Dean Skipper
19811,2019-04-21,13:30:00.000,20,37,FA Women's Super League,4,2018/2019,Regular Season,968,Arsenal WFC,2,1,Everton LFC,967,Meadow Park ,Stacey Pearson
19805,2019-03-31,15:00:00.000,19,37,FA Women's Super League,4,2018/2019,Regular Season,971,Chelsea FCW,1,1,West Ham United LFC,972,Kingsmeadow,Stacey Pearson
19752,2018-11-04,15:00:00.000,8,37,FA Women's Super League,4,2018/2019,Regular Season,966,Liverpool WFC,0,3,Manchester City WFC,746,Prenton Park,Thomas Parsons
19775,2018-12-09,15:00:00.000,12,37,FA Women's Super League,4,2018/2019,Regular Season,974,Reading WFC,2,2,Liverpool WFC,966,Adams Park ,Joshua Smith
19760,2018-11-18,15:00:00.000,9,37,FA Women's Super League,4,2018/2019,Regular Season,971,Chelsea FCW,5,0,Yeovil Town LFC,970,Kingsmeadow,Kirsty Dowle
19787,2019-01-13,15:00:00.000,14,37,FA Women's Super League,4,2018/2019,Regular Season,969,Birmingham City WFC,0,1,Bristol City WFC,973,ARMCO Arena,Lisa Benn
19733,2018-09-30,13:30:00.000,4,37,FA Women's Super League,4,2018/2019,Regular Season,969,Birmingham City WFC,2,3,Manchester City WFC,746,ARMCO Arena,Wayne Cartmel
19765,2018-11-25,15:00:00.000,10,37,FA Women's Super League,4,2018/2019,Regular Season,966,Liverpool WFC,0,2,Birmingham City WFC,969,Prenton Park,Sam Mulhall
19792,2019-01-27,16:00:00.000,15,37,FA Women's Super League,4,2018/2019,Regular Season,973,Bristol City WFC,2,1,Yeovil Town LFC,970,Stoke Gifford Stadium,Kirsty Dowle
19732,2018-09-30,15:00:00.000,4,37,FA Women's Super League,4,2018/2019,Regular Season,966,Liverpool WFC,0,1,Reading WFC,974,Prenton Park,David McNamara
19744,2018-10-28,16:00:00.000,7,37,FA Women's Super League,4,2018/2019,Regular Season,973,Bristol City WFC,0,4,Arsenal WFC,968,Stoke Gifford Stadium,Daniel Lamport
19799,2019-03-13,20:00:00.000,18,37,FA Women's Super League,4,2018/2019,Regular Season,966,Liverpool WFC,0,4,Chelsea FCW,971,Prenton Park,Joe Hull
19753,2018-11-04,15:00:00.000,8,37,FA Women's Super League,4,2018/2019,Regular Season,974,Reading WFC,3,0,Bristol City WFC,973,Adams Park ,Abigail Marnot
19735,2018-10-14,13:30:00.000,5,37,FA Women's Super League,4,2018/2019,Regular Season,746,Manchester City WFC,7,1,West Ham United LFC,972,Joie Stadium,Rebecca Welch
19720,2018-09-19,20:00:00.000,2,37,FA Women's Super League,4,2018/2019,Regular Season,973,Bristol City WFC,0,0,Chelsea FCW,971,Stoke Gifford Stadium,Stacey Pearson
19719,2018-09-19,20:45:00.000,2,37,FA Women's Super League,4,2018/2019,Regular Season,972,West Ham United LFC,0,0,Reading WFC,974,The Rush Green Stadium,Abigail Marriott
19715,2018-09-09,15:00:00.000,1,37,FA Women's Super League,4,2018/2019,Regular Season,965,Brighton & Hove Albion WFC,0,1,Bristol City WFC,973,Broadfield Stadium,Jack Packman
19723,2018-09-20,20:00:00.000,2,37,FA Women's Super League,4,2018/2019,Regular Season,967,Everton LFC,0,4,Manchester City WFC,746,Haig Avenue,Lucy Oliver
19722,2018-09-19,20:45:00.000,2,37,FA Women's Super League,4,2018/2019,Regular Season,970,Yeovil Town LFC,0,7,Arsenal WFC,968,Clayson Stadium,Scott Jackson
19727,2018-09-23,15:00:00.000,3,37,FA Women's Super League,4,2018/2019,Regular Season,974,Reading WFC,0,1,Birmingham City WFC,969,Adams Park ,Jacob Miles
19731,2018-09-30,16:00:00.000,4,37,FA Women's Super League,4,2018/2019,Regular Season,972,West Ham United LFC,2,1,Yeovil Town LFC,970,The Rush Green Stadium,David Spain
19714,2018-09-09,15:00:00.000,1,37,FA Women's Super League,4,2018/2019,Regular Season,971,Chelsea FCW,0,0,Manchester City WFC,746,Kingsmeadow,Rebecca Welch
19728,2018-09-23,15:00:00.000,3,37,FA Women's Super League,4,2018/2019,Regular Season,746,Manchester City WFC,2,2,Bristol City WFC,973,Joie Stadium,Asaka Koizumi
19726,2018-09-23,15:00:00.000,3,37,FA Women's Super League,4,2018/2019,Regular Season,967,Everton LFC,0,0,Chelsea FCW,971,Haig Avenue,Helen Conley
19725,2018-09-23,13:15:00.000,3,37,FA Women's Super League,4,2018/2019,Regular Season,965,Brighton & Hove Albion WFC,0,1,Liverpool WFC,966,Broadfield Stadium,Amy Fearn
19738,2018-10-14,16:00:00.000,5,37,FA Women's Super League,4,2018/2019,Regular Season,973,Bristol City WFC,0,1,Birmingham City WFC,969,Stoke Gifford Stadium,Samuel Allison
19759,2018-11-18,13:30:00.000,9,37,FA Women's Super League,4,2018/2019,Regular Season,967,Everton LFC,0,4,Arsenal WFC,968,Haig Avenue,Lucy Oliver
19750,2018-11-04,16:00:00.000,8,37,FA Women's Super League,4,2018/2019,Regular Season,970,Yeovil Town LFC,1,0,Everton LFC,967,Clayson Stadium,Phillip Staynings
19761,2018-11-17,16:00:00.000,9,37,FA Women's Super League,4,2018/2019,Regular Season,973,Bristol City WFC,2,1,Liverpool WFC,966,Stoke Gifford Stadium,Richard Gardner
19762,2018-11-18,15:00:00.000,9,37,FA Women's Super League,4,2018/2019,Regular Season,965,Brighton & Hove Albion WFC,1,4,Reading WFC,974,Broadfield Stadium,Ryan Atkin
19763,2018-11-18,15:00:00.000,9,37,FA Women's Super League,4,2018/2019,Regular Season,969,Birmingham City WFC,3,0,West Ham United LFC,972,ARMCO Arena,Stacey Pearson
19768,2018-11-25,16:00:00.000,10,37,FA Women's Super League,4,2018/2019,Regular Season,972,West Ham United LFC,2,0,Bristol City WFC,973,The Rush Green Stadium,Helen Conley
19767,2018-11-25,15:00:00.000,10,37,FA Women's Super League,4,2018/2019,Regular Season,974,Reading WFC,2,1,Everton LFC,967,Adams Park ,Amy Fearn
19776,2018-12-09,15:30:00.000,12,37,FA Women's Super League,4,2018/2019,Regular Season,965,Brighton & Hove Albion WFC,0,4,Chelsea FCW,971,Broadfield Stadium,David Rick
19737,2018-10-14,15:00:00.000,5,37,FA Women's Super League,4,2018/2019,Regular Season,966,Liverpool WFC,2,1,Yeovil Town LFC,970,Prenton Park,Helen Conley
19790,2019-01-27,15:00:00.000,15,37,FA Women's Super League,4,2018/2019,Regular Season,746,Manchester City WFC,3,0,Brighton & Hove Albion WFC,965,Joie Stadium,Amy Fearn
19793,2019-01-28,20:00:00.000,15,37,FA Women's Super League,4,2018/2019,Regular Season,966,Liverpool WFC,1,0,West Ham United LFC,972,Prenton Park,Rebecca Welch
19789,2019-01-27,15:00:00.000,15,37,FA Women's Super League,4,2018/2019,Regular Season,971,Chelsea FCW,2,3,Birmingham City WFC,969,Kingsmeadow,Helen Conley
19791,2019-01-27,13:30:00.000,15,37,FA Women's Super League,4,2018/2019,Regular Season,974,Reading WFC,0,3,Arsenal WFC,968,Adams Park ,Lucy Oliver
19795,2019-02-20,20:30:00.000,17,37,FA Women's Super League,4,2018/2019,Regular Season,974,Reading WFC,1,2,West Ham United LFC,972,Madejski Stadium,Rebecca Welch
19797,2019-02-20,20:30:00.000,17,37,FA Women's Super League,4,2018/2019,Regular Season,968,Arsenal WFC,3,0,Yeovil Town LFC,970,Meadow Park ,Kirsty Dowle
19780,2019-01-06,15:00:00.000,13,37,FA Women's Super League,4,2018/2019,Regular Season,966,Liverpool WFC,0,2,Brighton & Hove Albion WFC,965,Prenton Park,Elizabeth Simms
19781,2019-01-06,13:30:00.000,13,37,FA Women's Super League,4,2018/2019,Regular Season,972,West Ham United LFC,2,4,Arsenal WFC,968,The Rush Green Stadium,Will Finnie
19779,2019-01-06,16:00:00.000,13,37,FA Women's Super League,4,2018/2019,Regular Season,973,Bristol City WFC,1,1,Manchester City WFC,746,Stoke Gifford Stadium,James Durkin
19798,2019-02-20,20:00:00.000,17,37,FA Women's Super League,4,2018/2019,Regular Season,746,Manchester City WFC,3,1,Everton LFC,967,Joie Stadium,Elizabeth Simms
19782,2019-01-06,15:00:00.000,13,37,FA Women's Super League,4,2018/2019,Regular Season,969,Birmingham City WFC,2,1,Reading WFC,974,ARMCO Arena,Robert Massey Ellis
19784,2019-01-13,15:00:00.000,14,37,FA Women's Super League,4,2018/2019,Regular Season,965,Brighton & Hove Albion WFC,0,0,Everton LFC,967,Broadfield Stadium,Sunny Sukhvir Gill
19786,2019-01-13,16:00:00.000,14,37,FA Women's Super League,4,2018/2019,Regular Season,972,West Ham United LFC,1,3,Manchester City WFC,746,The Rush Green Stadium,Jason Richardson
19774,2018-12-09,15:00:00.000,12,37,FA Women's Super League,4,2018/2019,Regular Season,967,Everton LFC,0,2,Bristol City WFC,973,Haig Avenue,Jane Simms
19755,2019-02-10,14:00:00.000,16,37,FA Women's Super League,4,2018/2019,Regular Season,746,Manchester City WFC,2,2,Chelsea FCW,971,Joie Stadium,Matthew Dicicco
19806,2019-03-31,16:00:00.000,19,37,FA Women's Super League,4,2018/2019,Regular Season,973,Bristol City WFC,0,1,Reading WFC,974,Stoke Gifford Stadium,Samuel Allison
19807,2019-03-31,15:00:00.000,19,37,FA Women's Super League,4,2018/2019,Regular Season,746,Manchester City WFC,2,1,Liverpool WFC,966,Joie Stadium,Lucy Oliver
19788,2019-01-13,16:00:00.000,14,37,FA Women's Super League,4,2018/2019,Regular Season,970,Yeovil Town LFC,1,2,Liverpool WFC,966,Clayson Stadium,Marc Whaley
19808,2019-03-31,15:00:00.000,19,37,FA Women's Super League,4,2018/2019,Regular Season,967,Everton LFC,0,1,Yeovil Town LFC,970,Haig Avenue,Jill Short
19804,2019-03-31,13:30:00.000,19,37,FA Women's Super League,4,2018/2019,Regular Season,969,Birmingham City WFC,0,1,Arsenal WFC,968,ARMCO Arena,Rebecca Welch
19813,2019-04-21,16:00:00.000,20,37,FA Women's Super League,4,2018/2019,Regular Season,972,West Ham United LFC,1,2,Birmingham City WFC,969,The Rush Green Stadium,Rob Whitton
19816,2019-04-28,13:00:00.000,21,37,FA Women's Super League,4,2018/2019,Regular Season,969,Birmingham City WFC,2,0,Liverpool WFC,966,St Andrew's @ Knighthead Park,Abigail Byrne
19809,2019-04-20,14:00:00.000,20,37,FA Women's Super League,4,2018/2019,Regular Season,974,Reading WFC,1,0,Brighton & Hove Albion WFC,965,Madejski Stadium,Amy Fearn
19815,2019-04-28,13:15:00.000,21,37,FA Women's Super League,4,2018/2019,Regular Season,965,Brighton & Hove Albion WFC,0,4,Arsenal WFC,968,The American Express Community Stadium,Lucy Oliver
19817,2019-04-28,15:00:00.000,21,37,FA Women's Super League,4,2018/2019,Regular Season,967,Everton LFC,3,2,Reading WFC,974,Haig Avenue,Andrew Kitchen
19818,2019-04-28,15:00:00.000,21,37,FA Women's Super League,4,2018/2019,Regular Season,746,Manchester City WFC,2,1,Yeovil Town LFC,970,Joie Stadium,Richard Aspinall
19819,2019-05-11,13:30:00.000,22,37,FA Women's Super League,4,2018/2019,Regular Season,972,West Ham United LFC,0,4,Brighton & Hove Albion WFC,965,The Rush Green Stadium,Stacey Pearson
19821,2019-05-11,13:30:00.000,22,37,FA Women's Super League,4,2018/2019,Regular Season,968,Arsenal WFC,1,0,Manchester City WFC,746,Meadow Park ,Rebecca Welch
19801,2019-03-13,20:30:00.000,18,37,FA Women's Super League,4,2018/2019,Regular Season,974,Reading WFC,3,4,Manchester City WFC,746,Adams Park ,Tom Reeves
19741,2018-10-21,15:00:00.000,6,37,FA Women's Super League,4,2018/2019,Regular Season,968,Arsenal WFC,6,0,Reading WFC,974,Meadow Park ,Abigail Marriott
19756,2019-04-17,20:00:00.000,16,37,FA Women's Super League,4,2018/2019,Regular Season,967,Everton LFC,1,3,Birmingham City WFC,969,Haig Avenue,Paul Clarke
19754,2019-03-24,13:30:00.000,16,37,FA Women's Super League,4,2018/2019,Regular Season,966,Liverpool WFC,1,5,Arsenal WFC,968,Prenton Park,Helen Conley
19724,2018-09-23,15:00:00.000,3,37,FA Women's Super League,4,2018/2019,Regular Season,968,Arsenal WFC,4,3,West Ham United LFC,972,Meadow Park ,Paul Howard
19814,2019-04-28,16:00:00.000,21,37,FA Women's Super League,4,2018/2019,Regular Season,973,Bristol City WFC,1,2,West Ham United LFC,972,Stoke Gifford Stadium,Richard Hulme
19729,2019-03-24,16:00:00.000,4,37,FA Women's Super League,4,2018/2019,Regular Season,973,Bristol City WFC,1,0,Everton LFC,967,Stoke Gifford Stadium,Stacey Pearson
19796,2019-02-20,20:45:00.000,17,37,FA Women's Super League,4,2018/2019,Regular Season,965,Brighton & Hove Albion WFC,2,1,Birmingham City WFC,969,Broadfield Stadium,Abigail Marnot
2275078,2020-01-11,18:30:00.000,12,37,FA Women's Super League,42,2019/2020,Regular Season,746,Manchester City WFC,3,1,Everton LFC,967,Joie Stadium,Amy Fearn
2275127,2019-10-13,15:00:00.000,4,37,FA Women's Super League,42,2019/2020,Regular Season,974,Reading WFC,3,2,Everton LFC,967,Adams Park ,Alan Dale
2275136,2019-09-07,16:00:00.000,1,37,FA Women's Super League,42,2019/2020,Regular Season,746,Manchester City WFC,1,0,Manchester United W,1475,Etihad Stadium,Rebecca Welch
2275154,2019-11-17,15:00:00.000,6,37,FA Women's Super League,42,2019/2020,Regular Season,971,Chelsea FCW,1,0,Manchester United W,1475,Kingsmeadow,Jack Packman
2275150,2019-12-01,16:00:00.000,8,37,FA Women's Super League,42,2019/2020,Regular Season,972,West Ham United LFC,3,2,Manchester United W,1475,The Rush Green Stadium,Amy Fearn
2275146,2019-12-08,13:00:00.000,9,37,FA Women's Super League,42,2019/2020,Regular Season,1475,Manchester United W,3,1,Everton LFC,967,Leigh Sports Village Stadium,Joe Hull
2275142,2020-01-05,13:00:00.000,11,37,FA Women's Super League,42,2019/2020,Regular Season,1475,Manchester United W,0,1,Bristol City WFC,973,Leigh Sports Village Stadium,Lucy Oliver
2275137,2020-01-19,13:00:00.000,13,37,FA Women's Super League,42,2019/2020,Regular Season,1475,Manchester United W,3,0,Tottenham Hotspur Women,749,Leigh Sports Village Stadium,Edward Duckworth
2275153,2020-02-02,15:00:00.000,14,37,FA Women's Super League,42,2019/2020,Regular Season,974,Reading WFC,1,1,Manchester United W,1475,Adams Park ,Kirsty Dowle
2275151,2020-02-12,20:45:00.000,16,37,FA Women's Super League,42,2019/2020,Regular Season,965,Brighton & Hove Albion WFC,1,1,Manchester United W,1475,Broadfield Stadium,Savvas Yianni
2275144,2020-02-23,13:30:00.000,17,37,FA Women's Super League,42,2019/2020,Regular Season,967,Everton LFC,2,3,Manchester United W,1475,Walton Hall Park,Andrew Sykes
2275088,2019-12-08,16:00:00.000,9,37,FA Women's Super League,42,2019/2020,Regular Season,973,Bristol City WFC,0,2,Birmingham City WFC,969,Stoke Gifford Stadium,Samuel Allison
2275110,2019-10-27,15:00:00.000,5,37,FA Women's Super League,42,2019/2020,Regular Season,969,Birmingham City WFC,2,0,Liverpool WFC,966,ARMCO Arena,Lisa Benn
2275044,2019-10-27,15:30:00.000,5,37,FA Women's Super League,42,2019/2020,Regular Season,968,Arsenal WFC,1,0,Manchester City WFC,746,Meadow Park ,Rebecca Welch
2275105,2020-02-23,15:00:00.000,17,37,FA Women's Super League,42,2019/2020,Regular Season,746,Manchester City WFC,3,3,Chelsea FCW,971,Joie Stadium,Rebecca Welch
2275063,2019-10-13,16:00:00.000,4,37,FA Women's Super League,42,2019/2020,Regular Season,971,Chelsea FCW,2,1,Arsenal WFC,968,Kingsmeadow,Rebecca Welch
2275054,2020-01-05,15:00:00.000,11,37,FA Women's Super League,42,2019/2020,Regular Season,965,Brighton & Hove Albion WFC,1,0,Liverpool WFC,966,Broadfield Stadium,Amy Fearn
2275072,2020-01-05,13:30:00.000,11,37,FA Women's Super League,42,2019/2020,Regular Season,971,Chelsea FCW,3,1,Reading WFC,974,Kingsmeadow,Stacey Pearson
2275085,2020-01-05,15:00:00.000,11,37,FA Women's Super League,42,2019/2020,Regular Season,749,Tottenham Hotspur Women,1,4,Manchester City WFC,746,The Hive Stadium,Helen Conley
2275113,2020-01-19,16:00:00.000,13,37,FA Women's Super League,42,2019/2020,Regular Season,972,West Ham United LFC,2,1,Brighton & Hove Albion WFC,965,The Rush Green Stadium,Ryan Atkin
2275099,2019-09-08,15:00:00.000,1,37,FA Women's Super League,42,2019/2020,Regular Season,966,Liverpool WFC,0,1,Reading WFC,974,Prenton Park,Samuel Barrott
2275057,2020-02-02,15:00:00.000,14,37,FA Women's Super League,42,2019/2020,Regular Season,971,Chelsea FCW,8,0,West Ham United LFC,972,Kingsmeadow,Amy Fearn
2275075,2019-12-15,15:00:00.000,10,37,FA Women's Super League,42,2019/2020,Regular Season,974,Reading WFC,3,1,Tottenham Hotspur Women,749,Adams Park ,Stacey Pearson
2275077,2020-01-12,15:00:00.000,12,37,FA Women's Super League,42,2019/2020,Regular Season,749,Tottenham Hotspur Women,2,1,West Ham United LFC,972,The Hive Stadium,Lucy Oliver
2275036,2020-01-19,15:00:00.000,13,37,FA Women's Super League,42,2019/2020,Regular Season,967,Everton LFC,3,1,Reading WFC,974,DCBL Stadium,Peter Shacklady
2275117,2019-12-15,13:30:00.000,10,37,FA Women's Super League,42,2019/2020,Regular Season,967,Everton LFC,1,3,Arsenal WFC,968,Haig Avenue,Ben Speedie
2275092,2020-01-19,13:00:00.000,13,37,FA Women's Super League,42,2019/2020,Regular Season,969,Birmingham City WFC,0,2,Manchester City WFC,746,ARMCO Arena,Helen Conley
2275040,2019-10-13,15:00:00.000,4,37,FA Women's Super League,42,2019/2020,Regular Season,965,Brighton & Hove Albion WFC,1,3,West Ham United LFC,972,Broadfield Stadium,Lisa Benn
2275122,2019-11-17,15:00:00.000,6,37,FA Women's Super League,42,2019/2020,Regular Season,974,Reading WFC,3,3,Bristol City WFC,973,Madejski Stadium,Kirsty Dowle
2275045,2019-12-15,15:00:00.000,10,37,FA Women's Super League,42,2019/2020,Regular Season,966,Liverpool WFC,1,1,Chelsea FCW,971,Prenton Park,Louise Saunders
2275093,2019-11-24,15:45:00.000,7,37,FA Women's Super League,42,2019/2020,Regular Season,969,Birmingham City WFC,0,6,Chelsea FCW,971,ARMCO Arena,Stacey Pearson
2275097,2019-12-15,13:30:00.000,10,37,FA Women's Super League,42,2019/2020,Regular Season,746,Manchester City WFC,5,0,Brighton & Hove Albion WFC,965,Joie Stadium,Lucy Oliver
2275084,2019-10-27,16:00:00.000,5,37,FA Women's Super League,42,2019/2020,Regular Season,972,West Ham United LFC,1,3,Chelsea FCW,971,The Rush Green Stadium,Rob Whitton
2275089,2020-01-05,15:00:00.000,11,37,FA Women's Super League,42,2019/2020,Regular Season,968,Arsenal WFC,2,0,Birmingham City WFC,969,Meadow Park ,Elizabeth Simms
2275116,2019-12-01,15:00:00.000,8,37,FA Women's Super League,42,2019/2020,Regular Season,746,Manchester City WFC,1,0,Liverpool WFC,966,Joie Stadium,Kirsty Dowle
2275104,2019-12-01,13:30:00.000,8,37,FA Women's Super League,42,2019/2020,Regular Season,968,Arsenal WFC,11,1,Bristol City WFC,973,Meadow Park ,Helen Conley
2275052,2019-09-15,15:00:00.000,2,37,FA Women's Super League,42,2019/2020,Regular Season,965,Brighton & Hove Albion WFC,1,1,Chelsea FCW,971,Broadfield Stadium,Lee Collins
2275037,2020-02-02,15:00:00.000,14,37,FA Women's Super League,42,2019/2020,Regular Season,746,Manchester City WFC,2,1,Arsenal WFC,968,Joie Stadium,Stacey Pearson
2275027,2020-02-02,15:00:00.000,14,37,FA Women's Super League,42,2019/2020,Regular Season,965,Brighton & Hove Albion WFC,1,0,Everton LFC,967,Broadfield Stadium,Abigail Byrne
2275080,2020-01-12,15:00:00.000,12,37,FA Women's Super League,42,2019/2020,Regular Season,971,Chelsea FCW,6,1,Bristol City WFC,973,Kingsmeadow,Emily Heaslip
2275098,2020-01-12,13:30:00.000,12,37,FA Women's Super League,42,2019/2020,Regular Season,965,Brighton & Hove Albion WFC,0,4,Arsenal WFC,968,Broadfield Stadium,Kirsty Dowle
2275156,2019-09-16,18:30:00.000,2,37,FA Women's Super League,42,2019/2020,Regular Season,1475,Manchester United W,0,1,Arsenal WFC,968,Leigh Sports Village Stadium,Abigail Byrne
2275139,2019-10-13,13:30:00.000,4,37,FA Women's Super League,42,2019/2020,Regular Season,749,Tottenham Hotspur Women,0,3,Manchester United W,1475,The Hive Stadium,Kirsty Dowle
2275070,2019-10-13,13:00:00.000,4,37,FA Women's Super League,42,2019/2020,Regular Season,966,Liverpool WFC,1,1,Bristol City WFC,973,Prenton Park,Martin Woods
2275051,2019-10-27,13:30:00.000,5,37,FA Women's Super League,42,2019/2020,Regular Season,967,Everton LFC,2,0,Brighton & Hove Albion WFC,965,Haig Avenue,Jane Simms
2275050,2020-01-12,15:00:00.000,12,37,FA Women's Super League,42,2019/2020,Regular Season,974,Reading WFC,1,0,Birmingham City WFC,969,Adams Park ,Tom Bishop
2275029,2020-01-19,16:00:00.000,13,37,FA Women's Super League,42,2019/2020,Regular Season,973,Bristol City WFC,0,1,Liverpool WFC,966,Stoke Gifford Stadium,Savvas Yianni
2275090,2020-01-19,15:00:00.000,13,37,FA Women's Super League,42,2019/2020,Regular Season,968,Arsenal WFC,1,4,Chelsea FCW,971,Meadow Park ,Abigail Byrne
2275042,2019-11-17,13:30:00.000,6,37,FA Women's Super League,42,2019/2020,Regular Season,746,Manchester City WFC,5,0,West Ham United LFC,972,Joie Stadium,Stacey Pearson
2275157,2019-10-27,11:30:00.000,5,37,FA Women's Super League,42,2019/2020,Regular Season,1475,Manchester United W,2,0,Reading WFC,974,Leigh Sports Village Stadium,Helen Conley
2275108,2019-09-29,16:00:00.000,3,37,FA Women's Super League,42,2019/2020,Regular Season,973,Bristol City WFC,0,4,Chelsea FCW,971,Stoke Gifford Stadium,Lisa Benn
2275082,2019-11-17,16:00:00.000,6,37,FA Women's Super League,42,2019/2020,Regular Season,749,Tottenham Hotspur Women,0,2,Arsenal WFC,968,Tottenham Hotspur Stadium,Abigail Byrne
2275138,2019-09-28,13:00:00.000,3,37,FA Women's Super League,42,2019/2020,Regular Season,1475,Manchester United W,2,0,Liverpool WFC,966,Leigh Sports Village Stadium,Lucy Oliver
2275049,2019-11-24,16:00:00.000,7,37,FA Women's Super League,42,2019/2020,Regular Season,972,West Ham United LFC,2,3,Reading WFC,974,The Rush Green Stadium,Lloyd Wood
2275132,2019-09-08,13:30:00.000,1,37,FA Women's Super League,42,2019/2020,Regular Season,971,Chelsea FCW,1,0,Tottenham Hotspur Women,749,Stamford Bridge,Amy Fearn
2275061,2019-09-07,16:00:00.000,1,37,FA Women's Super League,42,2019/2020,Regular Season,973,Bristol City WFC,0,0,Brighton & Hove Albion WFC,965,Ashton Gate,Abigail Byrne
2275096,2019-09-08,15:30:00.000,1,37,FA Women's Super League,42,2019/2020,Regular Season,968,Arsenal WFC,2,1,West Ham United LFC,972,Meadow Park ,Stacey Pearson
2275033,2019-10-27,16:00:00.000,5,37,FA Women's Super League,42,2019/2020,Regular Season,973,Bristol City WFC,1,2,Tottenham Hotspur Women,749,Stoke Gifford Stadium,Daniel Lamport
2275107,2019-09-15,13:30:00.000,2,37,FA Women's Super League,42,2019/2020,Regular Season,974,Reading WFC,0,2,Manchester City WFC,746,Adams Park ,Stacey Pearson
2275130,2019-12-08,13:00:00.000,9,37,FA Women's Super League,42,2019/2020,Regular Season,971,Chelsea FCW,2,1,Manchester City WFC,746,Kingsmeadow,Amy Fearn
2275034,2019-09-15,15:00:00.000,2,37,FA Women's Super League,42,2019/2020,Regular Season,749,Tottenham Hotspur Women,1,0,Liverpool WFC,966,The Hive Stadium,Ryan Atkin
2275026,2019-11-24,13:30:00.000,7,37,FA Women's Super League,42,2019/2020,Regular Season,973,Bristol City WFC,0,5,Manchester City WFC,746,Stoke Gifford Stadium,Lucy Oliver
2275041,2019-09-15,13:30:00.000,2,37,FA Women's Super League,42,2019/2020,Regular Season,967,Everton LFC,2,0,Bristol City WFC,973,Haig Avenue,Amy Fearn
2275094,2019-09-15,16:00:00.000,2,37,FA Women's Super League,42,2019/2020,Regular Season,972,West Ham United LFC,1,0,Birmingham City WFC,969,The Rush Green Stadium,Paul Howard
2275106,2020-02-12,20:00:00.000,16,37,FA Women's Super League,42,2019/2020,Regular Season,746,Manchester City WFC,1,0,Bristol City WFC,973,Joie Stadium,Edward Duckworth
2275073,2020-02-12,20:30:00.000,16,37,FA Women's Super League,42,2019/2020,Regular Season,749,Tottenham Hotspur Women,2,2,Everton LFC,967,The Hive Stadium,Lisa Benn
2275038,2020-02-12,20:30:00.000,16,37,FA Women's Super League,42,2019/2020,Regular Season,974,Reading WFC,2,0,West Ham United LFC,972,Adams Park ,Abigail Byrne
2275131,2019-09-29,13:30:00.000,3,37,FA Women's Super League,42,2019/2020,Regular Season,967,Everton LFC,0,1,Manchester City WFC,746,Haig Avenue,Lewis Smith
2275062,2020-02-13,20:00:00.000,16,37,FA Women's Super League,42,2019/2020,Regular Season,966,Liverpool WFC,2,3,Arsenal WFC,968,Lookers Vauxhall Stadium,Rebecca Welch
2275048,2019-09-29,15:30:00.000,3,37,FA Women's Super League,42,2019/2020,Regular Season,972,West Ham United LFC,0,2,Tottenham Hotspur Women,749,London Stadium ,Abigail Byrne
2275121,2019-09-29,13:30:00.000,3,37,FA Women's Super League,42,2019/2020,Regular Season,968,Arsenal WFC,4,0,Brighton & Hove Albion WFC,965,Meadow Park ,Elliot Swallow
2275065,2019-11-17,15:00:00.000,6,37,FA Women's Super League,42,2019/2020,Regular Season,965,Brighton & Hove Albion WFC,3,0,Birmingham City WFC,969,The American Express Community Stadium,Helen Conley
2275079,2019-11-24,15:00:00.000,7,37,FA Women's Super League,42,2019/2020,Regular Season,968,Arsenal WFC,1,0,Liverpool WFC,966,Meadow Park ,Elizabeth Simms
2275103,2019-12-08,15:00:00.000,9,37,FA Women's Super League,42,2019/2020,Regular Season,966,Liverpool WFC,1,1,West Ham United LFC,972,Prenton Park,Peter Gibbons
2275140,2019-11-24,11:00:00.000,7,37,FA Women's Super League,42,2019/2020,Regular Season,1475,Manchester United W,4,0,Brighton & Hove Albion WFC,965,Leigh Sports Village Stadium,Steven Copeland
2275126,2019-11-24,13:30:00.000,7,37,FA Women's Super League,42,2019/2020,Regular Season,967,Everton LFC,3,1,Tottenham Hotspur Women,749,Haig Avenue,Michael Barlow
2275102,2019-11-29,20:45:00.000,8,37,FA Women's Super League,42,2019/2020,Regular Season,965,Brighton & Hove Albion WFC,2,2,Reading WFC,974,Broadfield Stadium,Matthew Russell
2275109,2019-12-04,20:30:00.000,8,37,FA Women's Super League,42,2019/2020,Regular Season,969,Birmingham City WFC,1,1,Tottenham Hotspur Women,749,ARMCO Arena,Jane Simms
2275091,2019-12-08,15:00:00.000,9,37,FA Women's Super League,42,2019/2020,Regular Season,749,Tottenham Hotspur Women,1,0,Brighton & Hove Albion WFC,965,The Hive Stadium,Emily Heaslip
2275030,2020-02-23,15:00:00.000,17,37,FA Women's Super League,42,2019/2020,Regular Season,965,Brighton & Hove Albion WFC,0,1,Tottenham Hotspur Women,749,Broadfield Stadium,Louise Saunders
2275133,2020-02-23,16:00:00.000,17,37,FA Women's Super League,42,2019/2020,Regular Season,972,West Ham United LFC,4,2,Liverpool WFC,966,The Rush Green Stadium,Matthew Russell
2275083,2020-02-23,15:00:00.000,17,37,FA Women's Super League,42,2019/2020,Regular Season,969,Birmingham City WFC,0,1,Bristol City WFC,973,ARMCO Arena,Stacey Pearson
2275120,2019-09-08,15:00:00.000,1,37,FA Women's Super League,42,2019/2020,Regular Season,969,Birmingham City WFC,0,1,Everton LFC,967,ARMCO Arena,Elliot Swallow
2275028,2019-10-12,15:00:00.000,4,37,FA Women's Super League,42,2019/2020,Regular Season,746,Manchester City WFC,3,0,Birmingham City WFC,969,Joie Stadium,Helen Conley
2275086,2019-12-08,15:30:00.000,9,37,FA Women's Super League,42,2019/2020,Regular Season,974,Reading WFC,0,3,Arsenal WFC,968,Adams Park ,Richard Hulme
2275056,2019-11-17,16:00:00.000,6,37,FA Women's Super League,42,2019/2020,Regular Season,966,Liverpool WFC,0,1,Everton LFC,967,Anfield ,Amy Fearn
2275074,2020-02-12,20:00:00.000,16,37,FA Women's Super League,42,2019/2020,Regular Season,971,Chelsea FCW,2,0,Birmingham City WFC,969,Kingsmeadow,Rob Whitton
3775563,2021-05-09,13:30:00.000,22,37,FA Women's Super League,90,2020/2021,Regular Season,1475,Manchester United W,2,0,Everton LFC,967,Leigh Sports Village Stadium,Louise Saunders
3775628,2021-03-27,10:30:00.000,18,37,FA Women's Super League,90,2020/2021,Regular Season,1475,Manchester United W,2,0,West Ham United LFC,972,Old Trafford,Lisa Benn
3775638,2021-03-07,13:00:00.000,16,37,FA Women's Super League,90,2020/2021,Regular Season,965,Brighton & Hove Albion WFC,2,0,Tottenham Hotspur Women,749,Broadfield Stadium,Stacey Pearson
3775568,2021-04-28,20:00:00.000,15,37,FA Women's Super League,90,2020/2021,Regular Season,969,Birmingham City WFC,1,1,Aston Villa W,2647,ARMCO Arena,Jane Simms
3775629,2021-01-24,15:00:00.000,13,37,FA Women's Super League,90,2020/2021,Regular Season,965,Brighton & Hove Albion WFC,1,7,Manchester City WFC,746,American Express Elite Football Performance Centre,Lisa Benn
3775648,2021-02-28,15:00:00.000,11,37,FA Women's Super League,90,2020/2021,Regular Season,2647,Aston Villa W,0,4,Arsenal WFC,968,Poundland Bescot Stadium,Lisa Benn
3775609,2021-04-28,20:30:00.000,13,37,FA Women's Super League,90,2020/2021,Regular Season,968,Arsenal WFC,2,0,West Ham United LFC,972,Meadow Park ,Emily Heaslip
3775633,2021-02-06,13:30:00.000,14,37,FA Women's Super League,90,2020/2021,Regular Season,2647,Aston Villa W,1,0,Tottenham Hotspur Women,749,Poundland Bescot Stadium,Jane Simms
3775570,2021-03-28,13:30:00.000,18,37,FA Women's Super League,90,2020/2021,Regular Season,965,Brighton & Hove Albion WFC,0,5,Everton LFC,967,Broadfield Stadium,Christina Hattersley
3775581,2021-03-28,15:30:00.000,18,37,FA Women's Super League,90,2020/2021,Regular Season,971,Chelsea FCW,2,0,Aston Villa W,2647,Kingsmeadow,Sarah Garratt
3775579,2021-05-02,15:00:00.000,21,37,FA Women's Super League,90,2020/2021,Regular Season,974,Reading WFC,3,2,Brighton & Hove Albion WFC,965,Madejski Stadium,Jane Simms
3775544,2021-05-02,13:30:00.000,21,37,FA Women's Super League,90,2020/2021,Regular Season,2647,Aston Villa W,0,0,West Ham United LFC,972,Villa Park,Rebecca Welch
3775622,2021-04-25,11:30:00.000,20,37,FA Women's Super League,90,2020/2021,Regular Season,1475,Manchester United W,4,1,Tottenham Hotspur Women,749,Leigh Sports Village Stadium,Christina Hattersley
3775553,2020-11-08,15:00:00.000,6,37,FA Women's Super League,90,2020/2021,Regular Season,969,Birmingham City WFC,1,2,West Ham United LFC,972,ARMCO Arena,Richie Watkins
3775584,2020-12-06,15:00:00.000,8,37,FA Women's Super League,90,2020/2021,Regular Season,968,Arsenal WFC,3,0,Birmingham City WFC,969,Meadow Park ,Christina Hattersley
3775618,2020-10-11,15:00:00.000,4,37,FA Women's Super League,90,2020/2021,Regular Season,974,Reading WFC,0,1,Birmingham City WFC,969,Madejski Stadium,Sarah Garratt
3775641,2020-11-14,15:30:00.000,7,37,FA Women's Super League,90,2020/2021,Regular Season,2647,Aston Villa W,0,1,Birmingham City WFC,969,Villa Park,Rebecca Welch
3775636,2020-10-18,15:00:00.000,5,37,FA Women's Super League,90,2020/2021,Regular Season,973,Bristol City WFC,0,4,Birmingham City WFC,969,Twerton Park Stadium,Stacey Pearson
3775653,2021-03-11,20:00:00.000,9,37,FA Women's Super League,90,2020/2021,Regular Season,969,Birmingham City WFC,0,4,Everton LFC,967,St George's Park National Football Centre,Lisa Benn
3775654,2021-03-28,17:00:00.000,18,37,FA Women's Super League,90,2020/2021,Regular Season,969,Birmingham City WFC,1,1,Bristol City WFC,973,ARMCO Arena,Kirsty Dowle
3775643,2021-03-17,20:30:00.000,17,37,FA Women's Super League,90,2020/2021,Regular Season,972,West Ham United LFC,2,2,Birmingham City WFC,969,Chigwell Construction Stadium,Stacey Pearson
3764237,2020-09-13,15:00:00.000,2,37,FA Women's Super League,90,2020/2021,Regular Season,969,Birmingham City WFC,2,5,Manchester United W,1475,ARMCO Arena,Lucy Oliver
3775594,2021-01-24,11:00:00.000,13,37,FA Women's Super League,90,2020/2021,Regular Season,1475,Manchester United W,2,0,Birmingham City WFC,969,Leigh Sports Village Stadium,Stacey Pearson
3775560,2021-05-09,15:30:00.000,22,37,FA Women's Super League,90,2020/2021,Regular Season,968,Arsenal WFC,0,0,Aston Villa W,2647,Meadow Park ,Abigail Byrne
3775624,2020-11-14,11:30:00.000,7,37,FA Women's Super League,90,2020/2021,Regular Season,1475,Manchester United W,2,2,Manchester City WFC,746,Leigh Sports Village Stadium,Amy Fearn
3764240,2020-09-06,15:00:00.000,1,37,FA Women's Super League,90,2020/2021,Regular Season,973,Bristol City WFC,0,4,Everton LFC,967,Twerton Park Stadium,Scott Jackson
3764233,2020-09-06,13:30:00.000,1,37,FA Women's Super League,90,2020/2021,Regular Season,968,Arsenal WFC,6,1,Reading WFC,974,Meadow Park ,Amy Fearn
3775585,2021-05-09,15:30:00.000,22,37,FA Women's Super League,90,2020/2021,Regular Season,965,Brighton & Hove Albion WFC,3,1,Bristol City WFC,973,Broadfield Stadium,Amy Fearn
3775593,2021-05-09,15:30:00.000,22,37,FA Women's Super League,90,2020/2021,Regular Season,971,Chelsea FCW,5,0,Reading WFC,974,Kingsmeadow,Stacey Pearson
3775602,2020-10-04,16:00:00.000,3,37,FA Women's Super League,90,2020/2021,Regular Season,972,West Ham United LFC,0,1,Reading WFC,974,Chigwell Construction Stadium,Rob Whitton
3775620,2020-10-11,14:00:00.000,4,37,FA Women's Super League,90,2020/2021,Regular Season,967,Everton LFC,3,1,West Ham United LFC,972,Walton Hall Park,Edward Duckworth
3764232,2020-09-06,13:30:00.000,1,37,FA Women's Super League,90,2020/2021,Regular Season,1475,Manchester United W,1,1,Chelsea FCW,971,Leigh Sports Village Stadium,Rebecca Welch
3775559,2020-12-20,13:30:00.000,10,37,FA Women's Super League,90,2020/2021,Regular Season,968,Arsenal WFC,4,0,Everton LFC,967,Meadow Park ,Helen Conley
3775606,2021-01-10,15:00:00.000,11,37,FA Women's Super League,90,2020/2021,Regular Season,974,Reading WFC,0,5,Chelsea FCW,971,Madejski Stadium,Abigail Byrne
3775567,2021-01-17,15:30:00.000,12,37,FA Women's Super League,90,2020/2021,Regular Season,971,Chelsea FCW,2,1,Manchester United W,1475,Kingsmeadow,Rebecca Welch
3775607,2021-03-08,21:15:00.000,16,37,FA Women's Super League,90,2020/2021,Regular Season,973,Bristol City WFC,3,2,Reading WFC,974,Ashton Gate,Rebecca Welch
3764230,2020-09-06,15:00:00.000,1,37,FA Women's Super League,90,2020/2021,Regular Season,749,Tottenham Hotspur Women,1,1,West Ham United LFC,972,The Hive Stadium,Kirsty Dowle
3764241,2020-09-13,15:00:00.000,2,37,FA Women's Super League,90,2020/2021,Regular Season,746,Manchester City WFC,0,0,Brighton & Hove Albion WFC,965,Joie Stadium,Helen Conley
3764235,2020-09-13,13:30:00.000,2,37,FA Women's Super League,90,2020/2021,Regular Season,971,Chelsea FCW,9,0,Bristol City WFC,973,Kingsmeadow,Stacey Pearson
3764239,2020-09-13,14:00:00.000,2,37,FA Women's Super League,90,2020/2021,Regular Season,967,Everton LFC,1,0,Tottenham Hotspur Women,749,Walton Hall Park,Robert Massey Ellis
3764236,2020-09-13,15:00:00.000,2,37,FA Women's Super League,90,2020/2021,Regular Season,974,Reading WFC,3,1,Aston Villa W,2647,Madejski Stadium,Emily Heaslip
3764231,2020-09-06,15:00:00.000,1,37,FA Women's Super League,90,2020/2021,Regular Season,965,Brighton & Hove Albion WFC,2,0,Birmingham City WFC,969,Broadfield Stadium,Rob Whitton
3764234,2020-09-05,15:30:00.000,1,37,FA Women's Super League,90,2020/2021,Regular Season,2647,Aston Villa W,0,2,Manchester City WFC,746,Villa Park,Abigail Byrne
3775543,2020-10-11,13:30:00.000,4,37,FA Women's Super League,90,2020/2021,Regular Season,965,Brighton & Hove Albion WFC,0,5,Arsenal WFC,968,Broadfield Stadium,Kirsty Dowle
3775551,2020-11-08,13:30:00.000,6,37,FA Women's Super League,90,2020/2021,Regular Season,1475,Manchester United W,1,0,Arsenal WFC,968,Leigh Sports Village Stadium,Peter Shacklady
3775540,2021-04-24,13:30:00.000,20,37,FA Women's Super League,90,2020/2021,Regular Season,2647,Aston Villa W,2,2,Bristol City WFC,973,Poundland Bescot Stadium,Emily Heaslip
3775550,2021-03-17,20:00:00.000,17,37,FA Women's Super League,90,2020/2021,Regular Season,967,Everton LFC,0,3,Chelsea FCW,971,Walton Hall Park,Emily Heaslip
3775545,2020-10-04,13:30:00.000,3,37,FA Women's Super League,90,2020/2021,Regular Season,746,Manchester City WFC,4,1,Tottenham Hotspur Women,749,Joie Stadium,Stacey Pearson
3775556,2020-11-08,15:00:00.000,6,37,FA Women's Super League,90,2020/2021,Regular Season,965,Brighton & Hove Albion WFC,0,2,Aston Villa W,2647,Broadfield Stadium,Stacey Pearson
3775575,2020-10-03,13:30:00.000,3,37,FA Women's Super League,90,2020/2021,Regular Season,2647,Aston Villa W,0,6,Everton LFC,967,Poundland Bescot Stadium,Kirsty Dowle
3775562,2020-10-04,11:00:00.000,3,37,FA Women's Super League,90,2020/2021,Regular Season,1475,Manchester United W,3,0,Brighton & Hove Albion WFC,965,Leigh Sports Village Stadium,Elliot Swallow
3775561,2020-10-18,13:30:00.000,5,37,FA Women's Super League,90,2020/2021,Regular Season,972,West Ham United LFC,2,4,Manchester United W,1475,Chigwell Construction Stadium,Ryan Atkin
3775582,2020-10-18,14:00:00.000,5,37,FA Women's Super League,90,2020/2021,Regular Season,967,Everton LFC,2,2,Brighton & Hove Albion WFC,965,Walton Hall Park,Lucy Oliver
3775558,2020-12-13,13:30:00.000,9,37,FA Women's Super League,90,2020/2021,Regular Season,974,Reading WFC,1,2,Manchester United W,1475,Madejski Stadium,Helen Conley
3775552,2021-02-28,15:00:00.000,13,37,FA Women's Super League,90,2020/2021,Regular Season,749,Tottenham Hotspur Women,2,3,Everton LFC,967,The Hive Stadium,Abigail Byrne
3775557,2021-04-25,15:00:00.000,20,37,FA Women's Super League,90,2020/2021,Regular Season,968,Arsenal WFC,2,0,Brighton & Hove Albion WFC,965,Meadow Park ,Lisa Benn
3775564,2021-03-27,18:30:00.000,18,37,FA Women's Super League,90,2020/2021,Regular Season,746,Manchester City WFC,1,0,Reading WFC,974,Joie Stadium,Stacey Pearson
3775569,2021-04-04,15:00:00.000,19,37,FA Women's Super League,90,2020/2021,Regular Season,973,Bristol City WFC,0,4,Arsenal WFC,968,Twerton Park Stadium,Sarah Garratt
3775548,2021-02-10,20:00:00.000,15,37,FA Women's Super League,90,2020/2021,Regular Season,971,Chelsea FCW,3,0,Arsenal WFC,968,Kingsmeadow,Amy Fearn
3775555,2021-05-05,18:30:00.000,21,37,FA Women's Super League,90,2020/2021,Regular Season,749,Tottenham Hotspur Women,0,2,Chelsea FCW,971,The Hive Stadium,Amy Fearn
3775549,2021-05-09,15:30:00.000,22,37,FA Women's Super League,90,2020/2021,Regular Season,969,Birmingham City WFC,0,1,Tottenham Hotspur Women,749,ARMCO Arena,Lisa Benn
3775572,2020-10-04,15:30:00.000,3,37,FA Women's Super League,90,2020/2021,Regular Season,969,Birmingham City WFC,0,1,Chelsea FCW,971,ARMCO Arena,Abigail Byrne
3775577,2021-05-02,14:00:00.000,21,37,FA Women's Super League,90,2020/2021,Regular Season,967,Everton LFC,1,2,Arsenal WFC,968,Walton Hall Park,Sarah Garratt
3775541,2021-03-07,11:00:00.000,16,37,FA Women's Super League,90,2020/2021,Regular Season,1475,Manchester United W,3,0,Aston Villa W,2647,Leigh Sports Village Stadium,Helen Conley
3775588,2020-12-06,15:00:00.000,8,37,FA Women's Super League,90,2020/2021,Regular Season,749,Tottenham Hotspur Women,3,1,Brighton & Hove Albion WFC,965,The Hive Stadium,Emily Heaslip
3775586,2020-10-18,15:30:00.000,5,37,FA Women's Super League,90,2020/2021,Regular Season,968,Arsenal WFC,6,1,Tottenham Hotspur Women,749,Meadow Park ,Abigail Byrne
3775592,2020-11-07,15:00:00.000,6,37,FA Women's Super League,90,2020/2021,Regular Season,749,Tottenham Hotspur Women,1,1,Reading WFC,974,The Hive Stadium,Helen Conley
3775580,2020-12-13,15:00:00.000,9,37,FA Women's Super League,90,2020/2021,Regular Season,965,Brighton & Hove Albion WFC,0,1,Chelsea FCW,971,Broadfield Stadium,Lisa Benn
3775591,2021-03-07,16:00:00.000,16,37,FA Women's Super League,90,2020/2021,Regular Season,972,West Ham United LFC,0,2,Chelsea FCW,971,Chigwell Construction Stadium,Rob Whitton
3775590,2021-02-07,13:00:00.000,14,37,FA Women's Super League,90,2020/2021,Regular Season,967,Everton LFC,1,1,Birmingham City WFC,969,Walton Hall Park,Lisa Benn
3775571,2021-01-23,13:30:00.000,13,37,FA Women's Super League,90,2020/2021,Regular Season,2647,Aston Villa W,2,2,Reading WFC,974,Poundland Bescot Stadium,Kirsty Dowle
3775589,2021-01-17,15:00:00.000,12,37,FA Women's Super League,90,2020/2021,Regular Season,974,Reading WFC,1,1,Arsenal WFC,968,Madejski Stadium,Lisa Benn
3775578,2021-02-14,15:00:00.000,15,37,FA Women's Super League,90,2020/2021,Regular Season,974,Reading WFC,1,1,Everton LFC,967,Madejski Stadium,Stacey Pearson
3775596,2021-03-17,20:30:00.000,17,37,FA Women's Super League,90,2020/2021,Regular Season,973,Bristol City WFC,0,3,Manchester City WFC,746,Twerton Park Stadium,Scott Jackson
3775576,2021-04-21,19:00:00.000,20,37,FA Women's Super League,90,2020/2021,Regular Season,746,Manchester City WFC,2,2,Chelsea FCW,971,Joie Stadium,Rebecca Welch
3775574,2021-05-02,16:00:00.000,21,37,FA Women's Super League,90,2020/2021,Regular Season,746,Manchester City WFC,4,0,Birmingham City WFC,969,Joie Stadium,Emily Heaslip
3775573,2021-05-09,15:30:00.000,22,37,FA Women's Super League,90,2020/2021,Regular Season,972,West Ham United LFC,0,1,Manchester City WFC,746,Chigwell Construction Stadium,Kirsty Dowle
3775597,2021-03-19,19:30:00.000,17,37,FA Women's Super League,90,2020/2021,Regular Season,968,Arsenal WFC,2,0,Manchester United W,1475,Meadow Park ,Amy Fearn
3775611,2020-10-11,15:30:00.000,4,37,FA Women's Super League,90,2020/2021,Regular Season,971,Chelsea FCW,3,1,Manchester City WFC,746,Kingsmeadow,Rebecca Welch
3775612,2021-04-25,15:00:00.000,20,37,FA Women's Super League,90,2020/2021,Regular Season,969,Birmingham City WFC,1,1,Reading WFC,974,ARMCO Arena,
3775627,2020-11-15,15:30:00.000,7,37,FA Women's Super League,90,2020/2021,Regular Season,968,Arsenal WFC,1,1,Chelsea FCW,971,Meadow Park ,Kirsty Dowle
3775644,2020-10-10,13:30:00.000,4,37,FA Women's Super League,90,2020/2021,Regular Season,749,Tottenham Hotspur Women,0,1,Manchester United W,1475,The Hive Stadium,Amy Fearn
3775637,2020-12-09,20:30:00.000,4,37,FA Women's Super League,90,2020/2021,Regular Season,973,Bristol City WFC,0,4,Aston Villa W,2647,Twerton Park Stadium,Amy Fearn
3775631,2020-11-14,19:30:00.000,7,37,FA Women's Super League,90,2020/2021,Regular Season,973,Bristol City WFC,2,2,Tottenham Hotspur Women,749,Twerton Park Stadium,Lisa Benn
3775621,2020-12-06,15:00:00.000,8,37,FA Women's Super League,90,2020/2021,Regular Season,974,Reading WFC,1,1,Bristol City WFC,973,Madejski Stadium,Lucy Oliver
3775615,2020-12-13,15:00:00.000,9,37,FA Women's Super League,90,2020/2021,Regular Season,749,Tottenham Hotspur Women,3,1,Aston Villa W,2647,The Hive Stadium,Sarah Garratt
3775610,2020-12-20,11:00:00.000,10,37,FA Women's Super League,90,2020/2021,Regular Season,1475,Manchester United W,6,1,Bristol City WFC,973,Leigh Sports Village Stadium,Lisa Benn
3775616,2020-12-13,15:00:00.000,9,37,FA Women's Super League,90,2020/2021,Regular Season,973,Bristol City WFC,0,4,West Ham United LFC,972,Twerton Park Stadium,Jane Simms
3775632,2020-12-06,15:30:00.000,8,37,FA Women's Super League,90,2020/2021,Regular Season,967,Everton LFC,0,3,Manchester City WFC,746,Walton Hall Park,Stacey Pearson
3775619,2020-12-20,15:30:00.000,10,37,FA Women's Super League,90,2020/2021,Regular Season,965,Brighton & Hove Albion WFC,1,3,Reading WFC,974,Broadfield Stadium,Abigail Byrne
3775600,2021-02-07,15:30:00.000,14,37,FA Women's Super League,90,2020/2021,Regular Season,968,Arsenal WFC,1,2,Manchester City WFC,746,Meadow Park ,Kirsty Dowle
3775605,2021-01-31,13:30:00.000,10,37,FA Women's Super League,90,2020/2021,Regular Season,971,Chelsea FCW,4,0,Tottenham Hotspur Women,749,Kingsmeadow,Sarah Garratt
3775626,2021-01-17,13:30:00.000,12,37,FA Women's Super League,90,2020/2021,Regular Season,746,Manchester City WFC,7,0,Aston Villa W,2647,Joie Stadium,Amy Fearn
3775614,2021-02-14,16:00:00.000,13,37,FA Women's Super League,90,2020/2021,Regular Season,973,Bristol City WFC,0,5,Chelsea FCW,971,Twerton Park Stadium,Emily Heaslip
3775603,2021-02-10,20:00:00.000,15,37,FA Women's Super League,90,2020/2021,Regular Season,965,Brighton & Hove Albion WFC,1,0,West Ham United LFC,972,Broadfield Stadium,Isaac Searle
3775625,2020-11-07,16:00:00.000,6,37,FA Women's Super League,90,2020/2021,Regular Season,746,Manchester City WFC,8,1,Bristol City WFC,973,Joie Stadium,Christina Hattersley
3775613,2021-03-27,16:30:00.000,18,37,FA Women's Super League,90,2020/2021,Regular Season,749,Tottenham Hotspur Women,0,3,Arsenal WFC,968,Tottenham Hotspur Stadium,Helen Conley
3775598,2021-03-14,13:30:00.000,17,37,FA Women's Super League,90,2020/2021,Regular Season,974,Reading WFC,0,0,Tottenham Hotspur Women,749,Madejski Stadium,Christina Hattersley
3775601,2021-05-02,15:00:00.000,21,37,FA Women's Super League,90,2020/2021,Regular Season,973,Bristol City WFC,0,1,Manchester United W,1475,Twerton Park Stadium,Lisa Benn
3775630,2021-03-07,15:00:00.000,16,37,FA Women's Super League,90,2020/2021,Regular Season,969,Birmingham City WFC,0,4,Arsenal WFC,968,St George's Park National Football Centre,Jane Simms
3775651,2021-01-31,15:00:00.000,11,37,FA Women's Super League,90,2020/2021,Regular Season,746,Manchester City WFC,4,0,West Ham United LFC,972,Joie Stadium,Jane Simms
3775635,2021-04-25,16:00:00.000,20,37,FA Women's Super League,90,2020/2021,Regular Season,972,West Ham United LFC,0,0,Everton LFC,967,Chigwell Construction Stadium,Helen Conley
3775650,2020-12-06,13:30:00.000,8,37,FA Women's Super League,90,2020/2021,Regular Season,971,Chelsea FCW,3,2,West Ham United LFC,972,Kingsmeadow,Rebecca Welch
3775647,2021-01-17,15:00:00.000,12,37,FA Women's Super League,90,2020/2021,Regular Season,969,Birmingham City WFC,0,0,Brighton & Hove Albion WFC,965,ARMCO Arena,Helen Conley
3775659,2020-10-18,15:00:00.000,5,37,FA Women's Super League,90,2020/2021,Regular Season,974,Reading WFC,1,1,Manchester City WFC,746,Madejski Stadium,Savvas Yianni
3775657,2020-10-04,15:00:00.000,3,37,FA Women's Super League,90,2020/2021,Regular Season,968,Arsenal WFC,3,1,Bristol City WFC,973,Meadow Park ,Emily Heaslip
3775649,2021-04-03,15:00:00.000,19,37,FA Women's Super League,90,2020/2021,Regular Season,974,Reading WFC,0,5,West Ham United LFC,972,Madejski Stadium,Kirsty Dowle
3775645,2020-11-08,13:00:00.000,6,37,FA Women's Super League,90,2020/2021,Regular Season,971,Chelsea FCW,4,0,Everton LFC,967,Kingsmeadow,Abigail Byrne
3775639,2021-03-07,15:00:00.000,16,37,FA Women's Super League,90,2020/2021,Regular Season,746,Manchester City WFC,1,0,Everton LFC,967,Joie Stadium,Sarah Garratt
3775642,2021-03-17,20:30:00.000,17,37,FA Women's Super League,90,2020/2021,Regular Season,2647,Aston Villa W,0,2,Brighton & Hove Albion WFC,965,Poundland Bescot Stadium,Helen Conley
3775646,2021-01-27,20:00:00.000,5,37,FA Women's Super League,90,2020/2021,Regular Season,2647,Aston Villa W,0,4,Chelsea FCW,971,Poundland Bescot Stadium,Helen Conley
3775655,2021-02-07,16:00:00.000,14,37,FA Women's Super League,90,2020/2021,Regular Season,972,West Ham United LFC,1,1,Bristol City WFC,973,Chigwell Construction Stadium,Sarah Garratt
3775640,2021-02-07,11:30:00.000,14,37,FA Women's Super League,90,2020/2021,Regular Season,1475,Manchester United W,0,2,Reading WFC,974,Leigh Sports Village Stadium,Edward Duckworth
3775658,2021-02-12,20:00:00.000,15,37,FA Women's Super League,90,2020/2021,Regular Season,746,Manchester City WFC,3,0,Manchester United W,1475,Joie Stadium,Abigail Byrne
3775623,2020-11-15,13:30:00.000,7,37,FA Women's Super League,90,2020/2021,Regular Season,972,West Ham United LFC,0,1,Brighton & Hove Albion WFC,965,Chigwell Construction Stadium,Abigail Byrne
3775566,2020-12-05,13:30:00.000,8,37,FA Women's Super League,90,2020/2021,Regular Season,2647,Aston Villa W,0,2,Manchester United W,1475,Poundland Bescot Stadium,Abigail Byrne
3775546,2021-03-21,15:00:00.000,15,37,FA Women's Super League,90,2020/2021,Regular Season,749,Tottenham Hotspur Women,1,1,Bristol City WFC,973,The Hive Stadium,Rebecca Welch
3775547,2021-02-28,15:00:00.000,10,37,FA Women's Super League,90,2020/2021,Regular Season,969,Birmingham City WFC,0,4,Manchester City WFC,746,St George's Park National Football Centre,Helen Conley
3775587,2021-01-31,15:30:00.000,11,37,FA Women's Super League,90,2020/2021,Regular Season,967,Everton LFC,0,2,Manchester United W,1475,Walton Hall Park,Kirsty Dowle
3775595,2021-01-30,15:00:00.000,11,37,FA Women's Super League,90,2020/2021,Regular Season,973,Bristol City WFC,3,0,Brighton & Hove Albion WFC,965,Twerton Park Stadium,Lucy Oliver
3775604,2021-04-04,15:00:00.000,19,37,FA Women's Super League,90,2020/2021,Regular Season,749,Tottenham Hotspur Women,0,3,Manchester City WFC,746,The Hive Stadium,Amy Fearn
3775634,2021-04-04,14:00:00.000,19,37,FA Women's Super League,90,2020/2021,Regular Season,967,Everton LFC,3,1,Aston Villa W,2647,Walton Hall Park,Stacey Pearson
3775617,2021-04-04,15:00:00.000,19,37,FA Women's Super League,90,2020/2021,Regular Season,965,Brighton & Hove Albion WFC,1,0,Manchester United W,1475,Broadfield Stadium,Abigail Byrne
3775565,2021-04-04,13:30:00.000,19,37,FA Women's Super League,90,2020/2021,Regular Season,971,Chelsea FCW,6,0,Birmingham City WFC,969,Kingsmeadow,Jane Simms
3775583,2020-12-13,15:30:00.000,9,37,FA Women's Super League,90,2020/2021,Regular Season,746,Manchester City WFC,2,1,Arsenal WFC,968,Joie Stadium,Emily Heaslip
3775542,2021-01-17,14:00:00.000,12,37,FA Women's Super League,90,2020/2021,Regular Season,967,Everton LFC,4,0,Bristol City WFC,973,Walton Hall Park,Christina Hattersley
3775608,2021-01-17,16:00:00.000,12,37,FA Women's Super League,90,2020/2021,Regular Season,972,West Ham United LFC,0,1,Tottenham Hotspur Women,749,Chigwell Construction Stadium,Lucy Oliver
3775599,2021-04-20,19:00:00.000,10,37,FA Women's Super League,90,2020/2021,Regular Season,972,West Ham United LFC,0,0,Aston Villa W,2647,Chigwell Construction Stadium,Amy Fearn
3775554,2020-11-14,17:30:00.000,7,37,FA Women's Super League,90,2020/2021,Regular Season,967,Everton LFC,1,1,Reading WFC,974,Walton Hall Park,Emily Heaslip
3775652,2021-02-07,15:00:00.000,14,37,FA Women's Super League,90,2020/2021,Regular Season,971,Chelsea FCW,1,2,Brighton & Hove Albion WFC,965,Kingsmeadow,Christina Hattersley
3764238,2020-09-12,18:20:00.000,2,37,FA Women's Super League,90,2020/2021,Regular Season,972,West Ham United LFC,1,9,Arsenal WFC,968,Chigwell Construction Stadium,Abigail Byrne
3857276,2022-12-01,15:00:00.000,3,43,FIFA World Cup,106,2022,Group Stage,1833,Canada,1,2,Morocco,788,Al Thumama Stadium,Raphael Claus
3857271,2022-11-21,13:00:00.000,1,43,FIFA World Cup,106,2022,Group Stage,768,England,6,2,Iran,797,Sheikh Khalifa International Stadium,Raphael Claus
3857296,2022-12-01,15:00:00.000,3,43,FIFA World Cup,106,2022,Group Stage,785,Croatia,0,0,Belgium,782,Ahmad bin Ali Stadium,Anthony Taylor
3857274,2022-11-25,16:00:00.000,2,43,FIFA World Cup,106,2022,Group Stage,941,Netherlands,1,1,Ecuador,3565,Sheikh Khalifa International Stadium,Mustapha Ghorbal
3857255,2022-12-01,19:00:00.000,3,43,FIFA World Cup,106,2022,Group Stage,778,Japan,2,1,Spain,772,Sheikh Khalifa International Stadium,Victor Miguel de Freitas Gomes
3857272,2022-11-25,19:00:00.000,2,43,FIFA World Cup,106,2022,Group Stage,768,England,0,0,United States,1839,Al Bayt Stadium,Jesús Valenzuela Sáez
3857278,2022-11-29,19:00:00.000,3,43,FIFA World Cup,106,2022,Group Stage,797,Iran,0,1,United States,1839,Al Thumama Stadium,Antonio Miguel Mateu Lahoz
3857277,2022-11-23,10:00:00.000,1,43,FIFA World Cup,106,2022,Group Stage,788,Morocco,0,0,Croatia,785,Al Bayt Stadium,Fernando Andrés Rapallini
3857273,2022-11-25,10:00:00.000,2,43,FIFA World Cup,106,2022,Group Stage,907,Wales,0,2,Iran,797,Ahmad bin Ali Stadium,Mario Alberto Escobar Toca
3857275,2022-11-30,15:00:00.000,3,43,FIFA World Cup,106,2022,Group Stage,777,Tunisia,1,0,France,771,Education City Stadium ,Matthew Conger
3857261,2022-11-29,19:00:00.000,3,43,FIFA World Cup,106,2022,Group Stage,907,Wales,0,3,England,768,Ahmad bin Ali Stadium,Slavko Vinčić
3857290,2022-11-24,10:00:00.000,1,43,FIFA World Cup,106,2022,Group Stage,773,Switzerland,1,0,Cameroon,2722,Al Janoub Stadium   ,Facundo Tello Figueroa
3857298,2022-11-24,16:00:00.000,1,43,FIFA World Cup,106,2022,Group Stage,780,Portugal,3,2,Ghana,4885,Stadium 974,Ismail Elfath
3857285,2022-11-21,16:00:00.000,1,43,FIFA World Cup,106,2022,Group Stage,787,Senegal,0,2,Netherlands,941,Al Thumama Stadium,Wilton Pereira Sampaio
3857282,2022-11-21,19:00:00.000,1,43,FIFA World Cup,106,2022,Group Stage,1839,United States,1,1,Wales,907,Ahmad bin Ali Stadium,Abdulrahman Ibrahim Al Jassim
3857297,2022-11-26,13:00:00.000,2,43,FIFA World Cup,106,2022,Group Stage,789,Poland,2,0,Saudi Arabia,799,Education City Stadium ,Wilton Pereira Sampaio
3857294,2022-11-29,15:00:00.000,3,43,FIFA World Cup,106,2022,Group Stage,941,Netherlands,2,0,Qatar,3566,Al Bayt Stadium,Bakary Papa Gassama
3857266,2022-11-26,16:00:00.000,2,43,FIFA World Cup,106,2022,Group Stage,771,France,2,1,Denmark,776,Stadium 974,Szymon Marciniak
3857284,2022-11-23,13:00:00.000,1,43,FIFA World Cup,106,2022,Group Stage,770,Germany,1,2,Japan,778,Sheikh Khalifa International Stadium,Ivan Arcides Barton Cisneros
3857254,2022-11-22,13:00:00.000,1,43,FIFA World Cup,106,2022,Group Stage,776,Denmark,0,0,Tunisia,777,Education City Stadium ,César Arturo Ramos Palazuelos
3857265,2022-11-22,16:00:00.000,1,43,FIFA World Cup,106,2022,Group Stage,794,Mexico,0,0,Poland,789,Stadium 974,Chris Beath
3857301,2022-11-25,13:00:00.000,2,43,FIFA World Cup,106,2022,Group Stage,3566,Qatar,1,3,Senegal,787,Al Thumama Stadium,Antonio Miguel Mateu Lahoz
3857268,2022-11-23,19:00:00.000,1,43,FIFA World Cup,106,2022,Group Stage,782,Belgium,1,0,Canada,1833,Ahmad bin Ali Stadium,Janny Sikazwe
3857269,2022-11-28,16:00:00.000,2,43,FIFA World Cup,106,2022,Group Stage,781,Brazil,1,0,Switzerland,773,Stadium 974,Ivan Arcides Barton Cisneros
3869321,2022-12-09,19:00:00.000,5,43,FIFA World Cup,106,2022,Quarter-finals,941,Netherlands,2,2,Argentina,779,Lusail Stadium,Antonio Miguel Mateu Lahoz
3857292,2022-12-01,19:00:00.000,3,43,FIFA World Cup,106,2022,Group Stage,795,Costa Rica,2,4,Germany,770,Al Bayt Stadium,Stéphanie Frappart
3857295,2022-11-27,10:00:00.000,2,43,FIFA World Cup,106,2022,Group Stage,778,Japan,0,1,Costa Rica,795,Ahmad bin Ali Stadium,Michael Oliver
3869685,2022-12-18,17:00:00.000,7,43,FIFA World Cup,106,2022,Final,779,Argentina,3,3,France,771,Lusail Stadium,Szymon Marciniak
3869684,2022-12-17,17:00:00.000,7,43,FIFA World Cup,106,2022,3rd Place Final,785,Croatia,2,1,Morocco,788,Sheikh Khalifa International Stadium,Abdulrahman Ibrahim Al Jassim
3857256,2022-12-02,19:00:00.000,3,43,FIFA World Cup,106,2022,Group Stage,786,Serbia,2,3,Switzerland,773,Stadium 974,Fernando Andrés Rapallini
3869151,2022-12-03,21:00:00.000,4,43,FIFA World Cup,106,2022,Round of 16,779,Argentina,2,1,Australia,792,Ahmad bin Ali Stadium,Szymon Marciniak
3857257,2022-11-30,15:00:00.000,3,43,FIFA World Cup,106,2022,Group Stage,792,Australia,1,0,Denmark,776,Al Janoub Stadium   ,Mustapha Ghorbal
3857258,2022-11-24,19:00:00.000,1,43,FIFA World Cup,106,2022,Group Stage,781,Brazil,2,0,Serbia,786,Lusail Stadium,Alireza Faghani
3857288,2022-11-26,10:00:00.000,2,43,FIFA World Cup,106,2022,Group Stage,777,Tunisia,0,1,Australia,792,Al Janoub Stadium   ,Daniel Siebert
3857267,2022-11-29,15:00:00.000,3,43,FIFA World Cup,106,2022,Group Stage,3565,Ecuador,1,2,Senegal,787,Sheikh Khalifa International Stadium,Clément Turpin
3857287,2022-11-24,13:00:00.000,1,43,FIFA World Cup,106,2022,Group Stage,783,Uruguay,0,0,South Korea,791,Education City Stadium ,Clément Turpin
3869486,2022-12-10,17:00:00.000,5,43,FIFA World Cup,106,2022,Quarter-finals,788,Morocco,1,0,Portugal,780,Al Thumama Stadium,Facundo Tello Figueroa
3857260,2022-11-30,19:00:00.000,3,43,FIFA World Cup,106,2022,Group Stage,799,Saudi Arabia,1,2,Mexico,794,Lusail Stadium,Michael Oliver
3857264,2022-11-30,19:00:00.000,3,43,FIFA World Cup,106,2022,Group Stage,789,Poland,0,2,Argentina,779,Stadium 974,Danny Desmond Makkelie
3857289,2022-11-26,19:00:00.000,2,43,FIFA World Cup,106,2022,Group Stage,779,Argentina,2,0,Mexico,794,Lusail Stadium,Daniele Orsato
3869254,2022-12-06,21:00:00.000,4,43,FIFA World Cup,106,2022,Round of 16,780,Portugal,6,1,Switzerland,773,Lusail Stadium,César Arturo Ramos Palazuelos
3869118,2022-12-04,21:00:00.000,4,43,FIFA World Cup,106,2022,Round of 16,768,England,3,0,Senegal,787,Al Bayt Stadium,Ivan Arcides Barton Cisneros
3869519,2022-12-13,21:00:00.000,6,43,FIFA World Cup,106,2022,Semi-finals,779,Argentina,3,0,Croatia,785,Lusail Stadium,Daniele Orsato
3869354,2022-12-10,21:00:00.000,5,43,FIFA World Cup,106,2022,Quarter-finals,768,England,1,2,France,771,Al Bayt Stadium,Wilton Pereira Sampaio
3869552,2022-12-14,21:00:00.000,6,43,FIFA World Cup,106,2022,Semi-finals,771,France,2,0,Morocco,788,Al Bayt Stadium,César Arturo Ramos Palazuelos
3869420,2022-12-09,17:00:00.000,5,43,FIFA World Cup,106,2022,Quarter-finals,785,Croatia,1,1,Brazil,781,Education City Stadium ,Michael Oliver
3869220,2022-12-06,17:00:00.000,4,43,FIFA World Cup,106,2022,Round of 16,788,Morocco,0,0,Spain,772,Education City Stadium ,Fernando Andrés Rapallini
3869219,2022-12-05,17:00:00.000,4,43,FIFA World Cup,106,2022,Round of 16,778,Japan,1,1,Croatia,785,Al Janoub Stadium   ,Ismail Elfath
3869253,2022-12-05,21:00:00.000,4,43,FIFA World Cup,106,2022,Round of 16,781,Brazil,4,1,South Korea,791,Stadium 974,Clément Turpin
3869152,2022-12-04,17:00:00.000,4,43,FIFA World Cup,106,2022,Round of 16,771,France,3,1,Poland,789,Al Thumama Stadium,Jesús Valenzuela Sáez
3869117,2022-12-03,17:00:00.000,4,43,FIFA World Cup,106,2022,Round of 16,941,Netherlands,3,1,United States,1839,Sheikh Khalifa International Stadium,Wilton Pereira Sampaio
3857270,2022-11-28,19:00:00.000,2,43,FIFA World Cup,106,2022,Group Stage,780,Portugal,2,0,Uruguay,783,Lusail Stadium,Alireza Faghani
3857263,2022-11-27,19:00:00.000,2,43,FIFA World Cup,106,2022,Group Stage,772,Spain,1,1,Germany,770,Al Bayt Stadium,Danny Desmond Makkelie
3857259,2022-11-28,10:00:00.000,2,43,FIFA World Cup,106,2022,Group Stage,2722,Cameroon,3,3,Serbia,786,Al Janoub Stadium   ,Mohamed Abdulla Hassan Mohd
3857283,2022-11-27,13:00:00.000,2,43,FIFA World Cup,106,2022,Group Stage,782,Belgium,0,2,Morocco,788,Al Thumama Stadium,César Arturo Ramos Palazuelos
3857286,2022-11-20,16:00:00.000,1,43,FIFA World Cup,106,2022,Group Stage,3566,Qatar,0,2,Ecuador,3565,Al Bayt Stadium,Daniele Orsato
3857300,2022-11-22,10:00:00.000,1,43,FIFA World Cup,106,2022,Group Stage,779,Argentina,1,2,Saudi Arabia,799,Lusail Stadium,Slavko Vinčić
3857299,2022-11-28,13:00:00.000,2,43,FIFA World Cup,106,2022,Group Stage,791,South Korea,2,3,Ghana,4885,Education City Stadium ,Anthony Taylor
3857293,2022-12-02,15:00:00.000,3,43,FIFA World Cup,106,2022,Group Stage,4885,Ghana,0,2,Uruguay,783,Al Janoub Stadium   ,Daniel Siebert
3857291,2022-11-23,16:00:00.000,1,43,FIFA World Cup,106,2022,Group Stage,772,Spain,7,0,Costa Rica,795,Al Thumama Stadium,
3857281,2022-11-27,16:00:00.000,2,43,FIFA World Cup,106,2022,Group Stage,785,Croatia,4,1,Canada,1833,Sheikh Khalifa International Stadium,Andrés Matonte
3857280,2022-12-02,19:00:00.000,3,43,FIFA World Cup,106,2022,Group Stage,2722,Cameroon,1,0,Brazil,781,Lusail Stadium,Ismail Elfath
3857279,2022-11-22,19:00:00.000,1,43,FIFA World Cup,106,2022,Group Stage,771,France,4,1,Australia,792,Al Janoub Stadium   ,Victor Miguel de Freitas Gomes
3857262,2022-12-02,15:00:00.000,3,43,FIFA World Cup,106,2022,Group Stage,791,South Korea,2,1,Portugal,780,Education City Stadium ,Facundo Tello Figueroa
3888705,1958-06-29,17:00:00.000,7,43,FIFA World Cup,269,1958,Final,781,Brazil,5,2,Sweden,790,Friends Arena,Maurice Guigue
3888704,1958-06-24,18:00:00.000,6,43,FIFA World Cup,269,1958,Semi-finals,781,Brazil,5,2,France,771,Friends Arena,Mervyn Griffiths
3888854,1962-05-30,18:00:00.000,1,43,FIFA World Cup,270,1962,Group Stage,781,Brazil,2,0,Mexico,794,Estadio Sausalito ,
3888700,1970-06-07,18:00:00.000,2,43,FIFA World Cup,272,1970,Group Stage,781,Brazil,1,0,England,768,Estadio Jalisco,Abraham Klein
3889218,1970-06-14,17:00:00.000,4,43,FIFA World Cup,272,1970,Quarter-finals,781,Brazil,4,2,Peru,784,Estadio Jalisco,Vital Georges Gilbert Loraux
3889217,1970-06-09,22:00:00.000,3,43,FIFA World Cup,272,1970,Group Stage,781,Brazil,3,2,Romania,905,Estadio Jalisco,Ferdinand Marschall
3888702,1970-06-21,21:00:00.000,6,43,FIFA World Cup,272,1970,Final,781,Brazil,4,1,Italy,914,Estadio Azteca,Rudi Glöckner
3888701,1970-06-17,22:00:00.000,5,43,FIFA World Cup,272,1970,Semi-finals,781,Brazil,3,1,Uruguay,783,Estadio Jalisco,José Maria Ortíz De Mendibil
3888699,1970-06-03,22:00:00.000,1,43,FIFA World Cup,272,1970,Group Stage,781,Brazil,4,1,Czechoslovakia,17469,Estadio Jalisco,Ramón Ivanoes Barreto Ruiz
8650,2018-07-06,18:00:00.000,5,43,FIFA World Cup,3,2018,Quarter-finals,781,Brazil,1,2,Belgium,782,Ak Bars Arena,Milorad Mažić
7584,2018-07-02,18:00:00.000,4,43,FIFA World Cup,3,2018,Round of 16,782,Belgium,3,2,Japan,778,Rostov Arena,Malang Diedhiou
7554,2018-06-24,12:00:00.000,2,43,FIFA World Cup,3,2018,Group Stage,768,England,6,1,Panama,798,Stadion Nizhny Novgorod (Nizhniy Novgorod),Ghead Grisha
7539,2018-06-19,15:00:00.000,1,43,FIFA World Cup,3,2018,Group Stage,789,Poland,1,2,Senegal,787,Otkritie Bank Arena,Nawaf Abdulla Ghayyath Shukralla
7550,2018-06-22,18:00:00.000,2,43,FIFA World Cup,3,2018,Group Stage,786,Serbia,1,2,Switzerland,773,Rostec Arena,Felix Brych
7538,2018-06-18,12:00:00.000,1,43,FIFA World Cup,3,2018,Group Stage,790,Sweden,1,0,South Korea,791,Stadion Nizhny Novgorod (Nizhniy Novgorod),Joel Antonio Aguilar Chicas
7534,2018-06-17,15:00:00.000,1,43,FIFA World Cup,3,2018,Group Stage,770,Germany,0,1,Mexico,794,Stadion Luzhniki,Alireza Faghani
7543,2018-06-20,18:00:00.000,2,43,FIFA World Cup,3,2018,Group Stage,797,Iran,0,1,Spain,772,Ak Bars Arena,Andrés Cunha
7544,2018-06-20,15:00:00.000,2,43,FIFA World Cup,3,2018,Group Stage,783,Uruguay,1,0,Saudi Arabia,799,Rostov Arena,Clément Turpin
7546,2018-06-21,15:00:00.000,2,43,FIFA World Cup,3,2018,Group Stage,771,France,1,0,Peru,784,Ekaterinburg Arena,Mohamed Abdulla Hassan Mohd
7545,2018-06-21,18:00:00.000,2,43,FIFA World Cup,3,2018,Group Stage,779,Argentina,0,3,Croatia,785,Stadion Nizhny Novgorod (Nizhniy Novgorod),Ravshan Irmatov
7585,2018-07-03,18:00:00.000,4,43,FIFA World Cup,3,2018,Round of 16,769,Colombia,1,1,England,768,Otkritie Bank Arena,Mark Geiger
7569,2018-06-28,18:00:00.000,3,43,FIFA World Cup,3,2018,Group Stage,798,Panama,1,2,Tunisia,777,Mordovia Arena,Nawaf Abdulla Ghayyath Shukralla
7572,2018-06-28,14:00:00.000,3,43,FIFA World Cup,3,2018,Group Stage,778,Japan,0,1,Poland,789,Volgograd Arena,Janny Sikazwe
7561,2018-06-26,18:00:00.000,3,43,FIFA World Cup,3,2018,Group Stage,793,Iceland,1,2,Croatia,785,Rostov Arena,Antonio Miguel Mateu Lahoz
7540,2018-06-19,18:00:00.000,2,43,FIFA World Cup,3,2018,Group Stage,796,Russia,3,1,Egypt,774,Saint-Petersburg Stadium ( Gazprom Arena ),Enrique Cáceres
7531,2018-06-16,13:00:00.000,1,43,FIFA World Cup,3,2018,Group Stage,779,Argentina,1,1,Iceland,793,Otkritie Bank Arena,Szymon Marciniak
7570,2018-06-28,18:00:00.000,3,43,FIFA World Cup,3,2018,Group Stage,768,England,0,1,Belgium,782,Rostec Arena,Damir Skomina
7586,2018-07-03,14:00:00.000,4,43,FIFA World Cup,3,2018,Round of 16,790,Sweden,1,0,Switzerland,773,Saint-Petersburg Stadium ( Gazprom Arena ),Damir Skomina
7557,2018-06-25,18:00:00.000,3,43,FIFA World Cup,3,2018,Group Stage,797,Iran,1,1,Portugal,780,Mordovia Arena,Enrique Cáceres
7542,2018-06-20,12:00:00.000,2,43,FIFA World Cup,3,2018,Group Stage,780,Portugal,1,0,Morocco,788,Stadion Luzhniki,Mark Geiger
8656,2018-07-11,18:00:00.000,6,43,FIFA World Cup,3,2018,Semi-finals,785,Croatia,2,1,England,768,Stadion Luzhniki,Cüneyt Çakιr
7548,2018-06-22,12:00:00.000,2,43,FIFA World Cup,3,2018,Group Stage,781,Brazil,2,0,Costa Rica,795,Saint-Petersburg Stadium ( Gazprom Arena ),Björn Kuipers
7578,2018-06-15,12:00:00.000,1,43,FIFA World Cup,3,2018,Group Stage,774,Egypt,0,1,Uruguay,783,Ekaterinburg Arena,Björn Kuipers
7553,2018-06-23,15:00:00.000,2,43,FIFA World Cup,3,2018,Group Stage,791,South Korea,1,2,Mexico,794,Rostov Arena,Milorad Mažić
7536,2018-06-18,15:00:00.000,1,43,FIFA World Cup,3,2018,Group Stage,782,Belgium,3,0,Panama,798,Olimpiyskiy Stadion Fisht,Janny Sikazwe
7555,2018-06-24,18:00:00.000,2,43,FIFA World Cup,3,2018,Group Stage,789,Poland,0,3,Colombia,769,Ak Bars Arena,César Arturo Ramos Palazuelos
7576,2018-06-15,18:00:00.000,1,43,FIFA World Cup,3,2018,Group Stage,780,Portugal,3,3,Spain,772,Olimpiyskiy Stadion Fisht,Gianluca Rocchi
7565,2018-06-27,18:00:00.000,3,43,FIFA World Cup,3,2018,Group Stage,786,Serbia,0,2,Brazil,781,Otkritie Bank Arena,Alireza Faghani
7551,2018-06-23,18:00:00.000,2,43,FIFA World Cup,3,2018,Group Stage,770,Germany,2,1,Sweden,790,Olimpiyskiy Stadion Fisht,Szymon Marciniak
7537,2018-06-18,18:00:00.000,1,43,FIFA World Cup,3,2018,Group Stage,777,Tunisia,1,2,England,768,Volgograd Arena,Wilmar Alexander Roldán Pérez
7580,2018-06-30,14:00:00.000,4,43,FIFA World Cup,3,2018,Round of 16,771,France,4,3,Argentina,779,Ak Bars Arena,Alireza Faghani
7581,2018-07-01,18:00:00.000,4,43,FIFA World Cup,3,2018,Round of 16,785,Croatia,1,1,Denmark,776,Stadion Nizhny Novgorod (Nizhniy Novgorod),Néstor Fabián Pitana
7549,2018-06-22,15:00:00.000,2,43,FIFA World Cup,3,2018,Group Stage,775,Nigeria,2,0,Iceland,793,Volgograd Arena,Matthew Conger
7529,2018-06-16,19:00:00.000,1,43,FIFA World Cup,3,2018,Group Stage,785,Croatia,2,0,Nigeria,775,Rostec Arena,Sandro Ricci
7562,2018-06-26,14:00:00.000,3,43,FIFA World Cup,3,2018,Group Stage,792,Australia,0,2,Peru,784,Olimpiyskiy Stadion Fisht,Sergey Karasev
7571,2018-06-28,14:00:00.000,3,43,FIFA World Cup,3,2018,Group Stage,787,Senegal,0,1,Colombia,769,Solidarnost Arena,Milorad Mažić
7568,2018-06-27,18:00:00.000,3,43,FIFA World Cup,3,2018,Group Stage,773,Switzerland,2,2,Costa Rica,795,Stadion Nizhny Novgorod (Nizhniy Novgorod),Clément Turpin
7530,2018-06-16,10:00:00.000,1,43,FIFA World Cup,3,2018,Group Stage,771,France,2,1,Australia,792,Ak Bars Arena,Andrés Cunha
7558,2018-06-25,14:00:00.000,3,43,FIFA World Cup,3,2018,Group Stage,783,Uruguay,3,0,Russia,796,Solidarnost Arena,Malang Diedhiou
7583,2018-07-02,14:00:00.000,4,43,FIFA World Cup,3,2018,Round of 16,781,Brazil,2,0,Mexico,794,Solidarnost Arena,Gianluca Rocchi
7547,2018-06-21,12:00:00.000,2,43,FIFA World Cup,3,2018,Group Stage,776,Denmark,1,1,Australia,792,Solidarnost Arena,Antonio Miguel Mateu Lahoz
7535,2018-06-17,12:00:00.000,1,43,FIFA World Cup,3,2018,Group Stage,795,Costa Rica,0,1,Serbia,786,Solidarnost Arena,Malang Diedhiou
8649,2018-07-06,14:00:00.000,5,43,FIFA World Cup,3,2018,Quarter-finals,783,Uruguay,0,2,France,771,Stadion Nizhny Novgorod (Nizhniy Novgorod),Néstor Fabián Pitana
8658,2018-07-15,17:00:00.000,7,43,FIFA World Cup,3,2018,Final,771,France,4,2,Croatia,785,Stadion Luzhniki,Néstor Fabián Pitana
7582,2018-07-01,14:00:00.000,4,43,FIFA World Cup,3,2018,Round of 16,772,Spain,1,1,Russia,796,Stadion Luzhniki,Björn Kuipers
7552,2018-06-23,12:00:00.000,2,43,FIFA World Cup,3,2018,Group Stage,782,Belgium,5,2,Tunisia,777,Otkritie Bank Arena,Jair Marrufo
7532,2018-06-16,16:00:00.000,1,43,FIFA World Cup,3,2018,Group Stage,784,Peru,0,1,Denmark,776,Mordovia Arena,Bakary Papa Gassama
7560,2018-06-25,18:00:00.000,3,43,FIFA World Cup,3,2018,Group Stage,772,Spain,2,2,Morocco,788,Rostec Arena,Ravshan Irmatov
7533,2018-06-17,18:00:00.000,1,43,FIFA World Cup,3,2018,Group Stage,781,Brazil,1,1,Switzerland,773,Rostov Arena,César Arturo Ramos Palazuelos
7564,2018-06-26,18:00:00.000,3,43,FIFA World Cup,3,2018,Group Stage,775,Nigeria,1,2,Argentina,779,Saint-Petersburg Stadium ( Gazprom Arena ),Cüneyt Çakιr
7579,2018-06-30,18:00:00.000,4,43,FIFA World Cup,3,2018,Round of 16,783,Uruguay,2,1,Portugal,780,Olimpiyskiy Stadion Fisht,César Arturo Ramos Palazuelos
7577,2018-06-15,15:00:00.000,1,43,FIFA World Cup,3,2018,Group Stage,788,Morocco,0,1,Iran,797,Saint-Petersburg Stadium ( Gazprom Arena ),Cüneyt Çakιr
7525,2018-06-14,15:00:00.000,1,43,FIFA World Cup,3,2018,Group Stage,796,Russia,5,0,Saudi Arabia,799,Stadion Luzhniki,Néstor Fabián Pitana
7566,2018-06-27,14:00:00.000,3,43,FIFA World Cup,3,2018,Group Stage,794,Mexico,0,3,Sweden,790,Ekaterinburg Arena,Néstor Fabián Pitana
8651,2018-07-07,14:00:00.000,5,43,FIFA World Cup,3,2018,Quarter-finals,790,Sweden,0,2,England,768,Solidarnost Arena,Björn Kuipers
7567,2018-06-27,14:00:00.000,3,43,FIFA World Cup,3,2018,Group Stage,791,South Korea,2,0,Germany,770,Ak Bars Arena,Mark Geiger
7541,2018-06-19,12:00:00.000,1,43,FIFA World Cup,3,2018,Group Stage,769,Colombia,1,2,Japan,778,Mordovia Arena,Damir Skomina
8655,2018-07-10,18:00:00.000,6,43,FIFA World Cup,3,2018,Semi-finals,771,France,1,0,Belgium,782,Saint-Petersburg Stadium ( Gazprom Arena ),Andrés Cunha
8657,2018-07-14,16:00:00.000,7,43,FIFA World Cup,3,2018,3rd Place Final,782,Belgium,2,0,England,768,Saint-Petersburg Stadium ( Gazprom Arena ),Alireza Faghani
8652,2018-07-07,18:00:00.000,5,43,FIFA World Cup,3,2018,Quarter-finals,796,Russia,2,2,Croatia,785,Olimpiyskiy Stadion Fisht,Sandro Ricci
7563,2018-06-26,14:00:00.000,3,43,FIFA World Cup,3,2018,Group Stage,776,Denmark,0,0,France,771,Stadion Luzhniki,Sandro Ricci
7556,2018-06-24,15:00:00.000,2,43,FIFA World Cup,3,2018,Group Stage,778,Japan,2,2,Senegal,787,Ekaterinburg Arena,Gianluca Rocchi
7559,2018-06-25,14:00:00.000,3,43,FIFA World Cup,3,2018,Group Stage,799,Saudi Arabia,2,1,Egypt,774,Volgograd Arena,Wilmar Alexander Roldán Pérez
3888718,1974-06-30,15:00:00.000,5,43,FIFA World Cup,51,1974,1st Group Stage,2721,German DR,0,2,Netherlands,941,Parkstadion Obenende,Rudolf Scheurer
3888720,1974-07-07,18:00:00.000,7,43,FIFA World Cup,51,1974,Final,941,Netherlands,1,2,Germany,770,Olympiastadion München ,Jack Taylor
3888719,1974-07-03,18:30:00.000,6,43,FIFA World Cup,51,1974,1st Group Stage,941,Netherlands,2,0,Brazil,781,Signal-Iduna-Park,Kurt Tschenscher
3888717,1974-06-26,18:30:00.000,4,43,FIFA World Cup,51,1974,1st Group Stage,941,Netherlands,4,0,Argentina,779,Parkstadion Obenende,Bobby Davidson
3888716,1974-06-19,21:30:00.000,2,43,FIFA World Cup,51,1974,1st Group Stage,941,Netherlands,0,0,Sweden,790,Signal-Iduna-Park,Werner Winsemann
3750180,1974-06-22,16:30:00.000,3,43,FIFA World Cup,51,1974,1st Group Stage,2721,German DR,1,0,Germany,770,Volksparkstadion,Ramón Ivanoes Barreto Ruiz
3889148,1986-06-25,21:00:00.000,2,43,FIFA World Cup,54,1986,Semi-finals,779,Argentina,2,0,Belgium,782,Estadio Azteca,Antonio Márquez Ramírez
3889149,1986-06-29,17:00:00.000,3,43,FIFA World Cup,54,1986,Semi-finals,779,Argentina,3,2,Germany,770,Estadio Azteca,
3750191,1986-06-22,19:00:00.000,1,43,FIFA World Cup,54,1986,Quarter-finals,779,Argentina,2,1,England,768,Estadio Azteca,Ali Bin Nasser
3793185,1990-06-24,17:00:00.000,1,43,FIFA World Cup,55,1990,Round of 16,781,Brazil,0,1,Argentina,779,Stadio delle Alpi,Joël Quiniou
3877115,2023-09-21,02:39:00.000,33,44,Major League Soccer,107,2023,Regular Season,1975,Inter Miami,4,0,Toronto FC,575,Chase Stadium,Drew Fischer
3877170,2023-10-08,02:39:00.000,37,44,Major League Soccer,107,2023,Regular Season,1975,Inter Miami,0,1,Cincinnati,489,Chase Stadium,Rubiel Vazquez
3877060,2023-08-27,02:39:00.000,28,44,Major League Soccer,107,2023,Regular Season,387,New York Red Bulls,0,2,Inter Miami,1975,Sports Illustrated Stadium,Allen Chapman
3877090,2023-09-04,05:09:00.000,30,44,Major League Soccer,107,2023,Regular Season,919,LAFC,1,3,Inter Miami,1975,BMO Stadium,Ted Unkel
3877194,2023-10-22,01:09:00.000,38,44,Major League Soccer,107,2023,Regular Season,8070,Charlotte,1,0,Inter Miami,1975,Bank of America Stadium,Guido Gonzalez
3877072,2023-08-31,02:39:00.000,29,44,Major League Soccer,107,2023,Regular Season,1975,Inter Miami,0,0,Nashville SC,1938,Chase Stadium,Chris Penso
3881583,2023-08-27,00:30:00.000,17,49,NWSL,107,2023,Regular Season,762,Houston Dash,1,1,KC Current,5106,Shell Energy Stadium,Shawn Tehini
3881524,2023-05-14,22:00:00.000,7,49,NWSL,107,2023,Regular Season,5106,KC Current,0,2,San Diego Wave,9101,Children''s Mercy Park,Danielle Chesky
3881501,2023-04-23,21:00:00.000,4,49,NWSL,107,2023,Regular Season,5106,KC Current,2,0,Orlando Pride,764,Children''s Mercy Park,Karen Callado
3881512,2023-04-30,22:00:00.000,5,49,NWSL,107,2023,Regular Season,5106,KC Current,2,0,NJ/NY Gotham FC,763,Children''s Mercy Park,Adorae Monroy
3881540,2023-06-04,00:30:00.000,10,49,NWSL,107,2023,Regular Season,5106,KC Current,1,0,North Carolina Courage,766,Children''s Mercy Park,JC Griggs
3881551,2023-06-18,02:00:00.000,12,49,NWSL,107,2023,Regular Season,766,North Carolina Courage,3,0,Orlando Pride,764,WakeMed Soccer Park,Calin Radosav
3881536,2023-05-29,00:00:00.000,9,49,NWSL,107,2023,Regular Season,759,Washington Spirit,1,1,NJ/NY Gotham FC,763,Audi Field,Karen Callado
3881608,2023-10-09,02:00:00.000,21,49,NWSL,107,2023,Regular Season,762,Houston Dash,1,2,Angel City,9100,Shell Energy Stadium,Katja Koroleva
3881591,2023-09-16,02:30:00.000,19,49,NWSL,107,2023,Regular Season,5105,Racing Louisville FC,0,1,Houston Dash,762,Lynn Family Stadium,Elvis Osmanovic
3881599,2023-09-30,23:00:00.000,20,49,NWSL,107,2023,Regular Season,759,Washington Spirit,2,1,KC Current,5106,Audi Field,Eric Tattersall
3915998,2023-11-12,03:00:00.000,25,49,NWSL,107,2023,Final,760,Seattle Reign,1,2,NJ/NY Gotham FC,763,Snapdragon Stadium,Katja Koroleva
3881606,2023-10-08,02:00:00.000,21,49,NWSL,107,2023,Regular Season,766,North Carolina Courage,0,0,San Diego Wave,9101,WakeMed Soccer Park,Anya Voigt
3881596,2023-09-18,01:00:00.000,19,49,NWSL,107,2023,Regular Season,761,Chicago Red Stars,2,2,Angel City,9100,SeatGeek Stadium,Alyssa Nichols
3915111,2023-11-06,02:00:00.000,24,49,NWSL,107,2023,Semi-finals,765,Portland Thorns,0,1,NJ/NY Gotham FC,763,Providence Park,Danielle Chesky
3915110,2023-11-06,04:30:00.000,24,49,NWSL,107,2023,Semi-finals,9101,San Diego Wave,0,1,Seattle Reign,760,Snapdragon Stadium,Natalie Simon
3914645,2023-10-23,02:00:00.000,23,49,NWSL,107,2023,1st Round ,766,North Carolina Courage,0,2,NJ/NY Gotham FC,763,WakeMed Soccer Park,Katja Koroleva
3914644,2023-10-21,05:00:00.000,23,49,NWSL,107,2023,1st Round ,760,Seattle Reign,1,0,Angel City,9100,Lumen Field,Brad Jensen
3881613,2023-10-16,00:00:00.000,22,49,NWSL,107,2023,Regular Season,759,Washington Spirit,0,1,North Carolina Courage,766,Audi Field,Ricardo Fierro
3881609,2023-10-16,00:00:00.000,22,49,NWSL,107,2023,Regular Season,9100,Angel City,5,1,Portland Thorns,765,BMO Stadium,Elvis Osmanovic
3881600,2023-10-01,05:30:00.000,20,49,NWSL,107,2023,Regular Season,765,Portland Thorns,0,2,San Diego Wave,9101,Providence Park,Calin Radosav
3881598,2023-10-01,03:00:00.000,20,49,NWSL,107,2023,Regular Season,761,Chicago Red Stars,1,0,Racing Louisville FC,5105,SeatGeek Stadium,Sergii Demianchuk
3881589,2023-09-04,03:00:00.000,18,49,NWSL,107,2023,Regular Season,9101,San Diego Wave,1,0,Houston Dash,762,Snapdragon Stadium,Katja Koroleva
3881584,2023-08-28,03:00:00.000,17,49,NWSL,107,2023,Regular Season,9100,Angel City,2,1,Seattle Reign,760,BMO Stadium,Brad Jensen
3881572,2023-07-10,03:00:00.000,15,49,NWSL,107,2023,Regular Season,9100,Angel City,2,1,North Carolina Courage,766,BMO Stadium,Jeremy Scheer
3881566,2023-07-02,02:00:00.000,14,49,NWSL,107,2023,Regular Season,759,Washington Spirit,0,3,Orlando Pride,764,Audi Field,Anya Voigt
3881565,2023-07-02,02:30:00.000,14,49,NWSL,107,2023,Regular Season,766,North Carolina Courage,1,0,Houston Dash,762,WakeMed Soccer Park,Rebecca Pagan
3881563,2023-07-02,02:00:00.000,14,49,NWSL,107,2023,Regular Season,765,Portland Thorns,0,1,KC Current,5106,Providence Park,Tori Penso
3881564,2023-07-02,03:00:00.000,14,49,NWSL,107,2023,Regular Season,761,Chicago Red Stars,1,0,San Diego Wave,9101,SeatGeek Stadium,Thomas Snyder
3881560,2023-06-26,03:00:00.000,13,49,NWSL,107,2023,Regular Season,9100,Angel City,0,0,Houston Dash,762,BMO Stadium,Sergii Demianchuk
3881549,2023-06-17,23:00:00.000,12,49,NWSL,107,2023,Regular Season,9101,San Diego Wave,1,2,Angel City,9100,Snapdragon Stadium,Matthew Thompson
3881546,2023-06-11,02:00:00.000,11,49,NWSL,107,2023,Regular Season,759,Washington Spirit,2,1,Angel City,9100,Audi Field,Alyssa Nichols
3881529,2023-05-21,03:30:00.000,8,49,NWSL,107,2023,Regular Season,762,Houston Dash,0,3,San Diego Wave,9101,Shell Energy Stadium,Elijio Arreguin
3881535,2023-05-28,03:00:00.000,9,49,NWSL,107,2023,Regular Season,5105,Racing Louisville FC,1,2,North Carolina Courage,766,Lynn Family Stadium,Danielle Chesky
3881528,2023-05-21,00:00:00.000,8,49,NWSL,107,2023,Regular Season,5106,KC Current,0,2,Racing Louisville FC,5105,Children''s Mercy Park,Brad Jensen
3881519,2023-05-13,03:30:00.000,7,49,NWSL,107,2023,Regular Season,762,Houston Dash,2,1,Portland Thorns,765,Shell Energy Stadium,Katja Koroleva
3881523,2023-05-15,00:30:00.000,7,49,NWSL,107,2023,Regular Season,763,NJ/NY Gotham FC,0,0,Orlando Pride,764,Sports Illustrated Stadium,Anya Voigt
3881515,2023-05-07,02:00:00.000,6,49,NWSL,107,2023,Regular Season,764,Orlando Pride,1,0,Racing Louisville FC,5105,Inter&Co Stadium,Jeremy Scheer
3881508,2023-04-30,02:30:00.000,5,49,NWSL,107,2023,Regular Season,5105,Racing Louisville FC,2,2,Seattle Reign,760,Lynn Family Stadium,Eric Tattersall
3881507,2023-04-29,03:30:00.000,5,49,NWSL,107,2023,Regular Season,762,Houston Dash,0,1,North Carolina Courage,766,Shell Energy Stadium,Thomas Snyder
3881537,2023-06-04,03:00:00.000,10,49,NWSL,107,2023,Regular Season,759,Washington Spirit,1,1,Racing Louisville FC,5105,Audi Field,Rebecca Pagan
3881579,2023-08-26,02:00:00.000,17,49,NWSL,107,2023,Regular Season,764,Orlando Pride,1,2,San Diego Wave,9101,Inter&Co Stadium,Matthew Thompson
3881578,2023-08-21,05:30:00.000,16,49,NWSL,107,2023,Regular Season,765,Portland Thorns,2,1,North Carolina Courage,766,Providence Park,Matthew Thompson
3881577,2023-08-21,02:00:00.000,16,49,NWSL,107,2023,Regular Season,764,Orlando Pride,5,0,Chicago Red Stars,761,Inter&Co Stadium,Anya Voigt
3881574,2023-08-20,03:00:00.000,16,49,NWSL,107,2023,Regular Season,9101,San Diego Wave,2,1,NJ/NY Gotham FC,763,Snapdragon Stadium,Elton Garcia
3881576,2023-08-20,02:30:00.000,16,49,NWSL,107,2023,Regular Season,5105,Racing Louisville FC,1,1,Angel City,9100,Lynn Family Stadium,Danielle Chesky
3881550,2023-06-18,23:00:00.000,12,49,NWSL,107,2023,Regular Season,5105,Racing Louisville FC,2,0,NJ/NY Gotham FC,763,Lynn Family Stadium,Rebecca Pagan
3881548,2023-06-12,02:00:00.000,11,49,NWSL,107,2023,Regular Season,762,Houston Dash,1,1,NJ/NY Gotham FC,763,Shell Energy Stadium,Alex Billeter
3881547,2023-06-12,02:00:00.000,11,49,NWSL,107,2023,Regular Season,764,Orlando Pride,3,1,Portland Thorns,765,Inter&Co Stadium,Danielle Chesky
3881545,2023-06-11,02:00:00.000,11,49,NWSL,107,2023,Regular Season,760,Seattle Reign,2,1,KC Current,5106,Lumen Field,Elijio Arreguin
3881544,2023-06-10,03:00:00.000,11,49,NWSL,107,2023,Regular Season,5105,Racing Louisville FC,0,0,San Diego Wave,9101,Lynn Family Stadium,Adorae Monroy
3881542,2023-06-06,05:00:00.000,10,49,NWSL,107,2023,Regular Season,9100,Angel City,1,2,Chicago Red Stars,761,BMO Stadium,Alex Billeter
3881539,2023-06-05,01:00:00.000,10,49,NWSL,107,2023,Regular Season,763,NJ/NY Gotham FC,0,1,San Diego Wave,9101,Sports Illustrated Stadium,Eric Tattersall
3881541,2023-06-04,03:30:00.000,10,49,NWSL,107,2023,Regular Season,762,Houston Dash,2,0,Orlando Pride,764,Shell Energy Stadium,Adam Kilpatrick
3881538,2023-06-04,03:00:00.000,10,49,NWSL,107,2023,Regular Season,760,Seattle Reign,0,2,Portland Thorns,765,Lumen Field,Brad Jensen
3881534,2023-05-28,03:00:00.000,9,49,NWSL,107,2023,Regular Season,761,Chicago Red Stars,1,0,Orlando Pride,764,SeatGeek Stadium,Rebecca Pagan
3881531,2023-05-27,00:00:00.000,9,49,NWSL,107,2023,Regular Season,5106,KC Current,0,2,Houston Dash,762,Children''s Mercy Park,Alyssa Nichols
3881532,2023-05-27,05:00:00.000,9,49,NWSL,107,2023,Regular Season,9101,San Diego Wave,1,1,Portland Thorns,765,Snapdragon Stadium,Elton Garcia
3881533,2023-05-27,22:30:00.000,9,49,NWSL,107,2023,Regular Season,760,Seattle Reign,4,1,Angel City,9100,Lumen Field,Thomas Snyder
3881525,2023-05-22,00:00:00.000,8,49,NWSL,107,2023,Regular Season,765,Portland Thorns,4,0,Chicago Red Stars,761,Providence Park,Tori Penso
3881526,2023-05-21,02:00:00.000,8,49,NWSL,107,2023,Regular Season,766,North Carolina Courage,0,0,Angel City,9100,WakeMed Soccer Park,Sergii Demianchuk
3881527,2023-05-21,02:00:00.000,8,49,NWSL,107,2023,Regular Season,764,Orlando Pride,2,1,Washington Spirit,759,Inter&Co Stadium,Thomas Snyder
3881522,2023-05-14,05:00:00.000,7,49,NWSL,107,2023,Regular Season,9100,Angel City,0,1,Washington Spirit,759,BMO Stadium,JC Griggs
3881521,2023-05-14,22:00:00.000,7,49,NWSL,107,2023,Regular Season,766,North Carolina Courage,1,0,Seattle Reign,760,WakeMed Soccer Park,Alex Billeter
3881520,2023-05-13,02:30:00.000,7,49,NWSL,107,2023,Regular Season,5105,Racing Louisville FC,3,0,Chicago Red Stars,761,Lynn Family Stadium,Alyssa Nichols
3881517,2023-05-08,00:00:00.000,6,49,NWSL,107,2023,Regular Season,9100,Angel City,3,2,KC Current,5106,BMO Stadium,Tori Penso
3881516,2023-05-07,02:00:00.000,6,49,NWSL,107,2023,Regular Season,766,North Carolina Courage,3,3,Portland Thorns,765,WakeMed Soccer Park,Alyssa Nichols
3881514,2023-05-07,05:00:00.000,6,49,NWSL,107,2023,Regular Season,760,Seattle Reign,2,0,Houston Dash,762,Lumen Field,Brandon Stevis
3881513,2023-05-06,20:00:00.000,6,49,NWSL,107,2023,Regular Season,759,Washington Spirit,3,1,San Diego Wave,9101,Audi Field,Matthew Thompson
3881505,2023-04-23,01:00:00.000,4,49,NWSL,107,2023,Regular Season,759,Washington Spirit,0,0,Houston Dash,762,Audi Field,Elton Garcia
3881500,2023-04-16,04:00:00.000,3,49,NWSL,107,2023,Regular Season,760,Seattle Reign,1,0,San Diego Wave,9101,Lumen Field,Tori Penso
3881494,2023-04-02,23:30:00.000,2,49,NWSL,107,2023,Regular Season,764,Orlando Pride,1,2,Angel City,9100,Inter&Co Stadium,Danielle Chesky
3881614,2023-10-16,00:00:00.000,22,49,NWSL,107,2023,Regular Season,9101,San Diego Wave,2,0,Racing Louisville FC,5105,Snapdragon Stadium,Jeremy Scheer
3881612,2023-10-15,21:00:00.000,22,49,NWSL,107,2023,Regular Season,763,NJ/NY Gotham FC,2,2,KC Current,5106,Sports Illustrated Stadium,Alyssa Nichols
3881611,2023-10-16,00:00:00.000,22,49,NWSL,107,2023,Regular Season,761,Chicago Red Stars,0,3,Seattle Reign,760,SeatGeek Stadium,Anya Voigt
3881610,2023-10-16,00:00:00.000,22,49,NWSL,107,2023,Regular Season,764,Orlando Pride,1,0,Houston Dash,762,Inter&Co Stadium,Natalie Simon
3881607,2023-10-08,00:00:00.000,21,49,NWSL,107,2023,Regular Season,5106,KC Current,6,3,Chicago Red Stars,761,Children''s Mercy Park,Laura Rodriguez
3881605,2023-10-07,03:00:00.000,21,49,NWSL,107,2023,Regular Season,760,Seattle Reign,0,0,Washington Spirit,759,Lumen Field,Thomas Snyder
3881604,2023-10-07,02:30:00.000,21,49,NWSL,107,2023,Regular Season,5105,Racing Louisville FC,3,2,Orlando Pride,764,Lynn Family Stadium,Kevin Broadley
3881603,2023-10-08,00:00:00.000,21,49,NWSL,107,2023,Regular Season,765,Portland Thorns,1,0,NJ/NY Gotham FC,763,Providence Park,Danielle Chesky
3881602,2023-10-02,03:00:00.000,20,49,NWSL,107,2023,Regular Season,760,Seattle Reign,1,1,North Carolina Courage,766,Lumen Field,Elton Garcia
3881601,2023-10-02,01:30:00.000,20,49,NWSL,107,2023,Regular Season,763,NJ/NY Gotham FC,0,2,Houston Dash,762,Sports Illustrated Stadium,Elijio Arreguin
3881597,2023-10-03,05:00:00.000,20,49,NWSL,107,2023,Regular Season,9100,Angel City,0,1,Orlando Pride,764,BMO Stadium,Brandon Stevis
3881595,2023-09-18,02:00:00.000,19,49,NWSL,107,2023,Regular Season,764,Orlando Pride,2,1,North Carolina Courage,766,Inter&Co Stadium,Danielle Chesky
3881594,2023-09-17,02:30:00.000,19,49,NWSL,107,2023,Regular Season,763,NJ/NY Gotham FC,2,0,Washington Spirit,759,Sports Illustrated Stadium,Adorae Monroy
3881593,2023-09-17,05:30:00.000,19,49,NWSL,107,2023,Regular Season,765,Portland Thorns,2,0,Seattle Reign,760,Providence Park,Katja Koroleva
3881592,2023-09-17,02:00:00.000,19,49,NWSL,107,2023,Regular Season,9101,San Diego Wave,1,2,KC Current,5106,Snapdragon Stadium,Mathew Corrigan
3881590,2023-09-04,01:00:00.000,18,49,NWSL,107,2023,Regular Season,760,Seattle Reign,1,0,Orlando Pride,764,Lumen Field,Ricardo Fierro
3881588,2023-09-03,02:30:00.000,18,49,NWSL,107,2023,Regular Season,766,North Carolina Courage,3,3,NJ/NY Gotham FC,763,WakeMed Soccer Park,Abdou Ndiaye
3881587,2023-09-04,00:00:00.000,18,49,NWSL,107,2023,Regular Season,759,Washington Spirit,0,2,Chicago Red Stars,761,Audi Field,Brandon Stevis
3881586,2023-09-03,02:30:00.000,18,49,NWSL,107,2023,Regular Season,5105,Racing Louisville FC,2,1,Portland Thorns,765,Lynn Family Stadium,Karen Callado
3881585,2023-09-02,00:00:00.000,18,49,NWSL,107,2023,Regular Season,5106,KC Current,0,1,Angel City,9100,Children''s Mercy Park,Calin Radosav
3881582,2023-08-27,21:00:00.000,17,49,NWSL,107,2023,Regular Season,766,North Carolina Courage,1,1,Chicago Red Stars,761,WakeMed Soccer Park,Kevin Broadley
3881581,2023-08-28,00:30:00.000,17,49,NWSL,107,2023,Regular Season,763,NJ/NY Gotham FC,0,0,Racing Louisville FC,5105,Sports Illustrated Stadium,Anya Voigt
3881580,2023-08-28,00:00:00.000,17,49,NWSL,107,2023,Regular Season,759,Washington Spirit,1,1,Portland Thorns,765,Audi Field,Jeremy Scheer
3881575,2023-08-20,03:30:00.000,16,49,NWSL,107,2023,Regular Season,762,Houston Dash,1,1,Washington Spirit,759,Shell Energy Stadium,Eric Tattersall
3881573,2023-08-19,00:00:00.000,16,49,NWSL,107,2023,Regular Season,5106,KC Current,1,0,Seattle Reign,760,Children''s Mercy Park,Karen Callado
3881571,2023-07-09,05:00:00.000,15,49,NWSL,107,2023,Regular Season,9101,San Diego Wave,2,2,Washington Spirit,759,Snapdragon Stadium,Adam Kilpatrick
3881570,2023-07-10,00:30:00.000,15,49,NWSL,107,2023,Regular Season,763,NJ/NY Gotham FC,2,1,Portland Thorns,765,Sports Illustrated Stadium,Greg Dopka
3881569,2023-07-08,02:00:00.000,15,49,NWSL,107,2023,Regular Season,764,Orlando Pride,1,0,Seattle Reign,760,Inter&Co Stadium,JC Griggs
3881568,2023-07-08,00:00:00.000,15,49,NWSL,107,2023,Regular Season,5105,Racing Louisville FC,2,1,KC Current,5106,Lynn Family Stadium,Anya Voigt
3881567,2023-07-08,03:30:00.000,15,49,NWSL,107,2023,Regular Season,762,Houston Dash,0,1,Chicago Red Stars,761,Shell Energy Stadium,Alyssa Nichols
3881562,2023-07-03,00:30:00.000,14,49,NWSL,107,2023,Regular Season,763,NJ/NY Gotham FC,0,0,Angel City,9100,Sports Illustrated Stadium,Calin Radosav
3881561,2023-07-01,22:30:00.000,14,49,NWSL,107,2023,Regular Season,760,Seattle Reign,2,2,Racing Louisville FC,5105,Lumen Field,Alex Billeter
3881559,2023-06-26,00:30:00.000,13,49,NWSL,107,2023,Regular Season,763,NJ/NY Gotham FC,2,1,Chicago Red Stars,761,Sports Illustrated Stadium,Mathew Corrigan
3881558,2023-06-24,23:00:00.000,13,49,NWSL,107,2023,Regular Season,764,Orlando Pride,1,2,KC Current,5106,Inter&Co Stadium,Eric Tattersall
3881557,2023-06-25,02:00:00.000,13,49,NWSL,107,2023,Regular Season,766,North Carolina Courage,1,0,Racing Louisville FC,5105,WakeMed Soccer Park,Elton Garcia
3881556,2023-06-25,05:00:00.000,13,49,NWSL,107,2023,Regular Season,9101,San Diego Wave,1,2,Seattle Reign,760,Snapdragon Stadium,Natalie Simon
3881555,2023-06-24,05:30:00.000,13,49,NWSL,107,2023,Regular Season,765,Portland Thorns,4,2,Washington Spirit,759,Providence Park,Katja Koroleva
3881554,2023-06-19,01:00:00.000,12,49,NWSL,107,2023,Regular Season,761,Chicago Red Stars,2,3,Portland Thorns,765,SeatGeek Stadium,Anya Voigt
3881553,2023-06-18,23:00:00.000,12,49,NWSL,107,2023,Regular Season,5106,KC Current,2,3,Washington Spirit,759,Children''s Mercy Park,Natalie Simon
3881552,2023-06-18,03:30:00.000,12,49,NWSL,107,2023,Regular Season,762,Houston Dash,0,0,Seattle Reign,760,Shell Energy Stadium,Danielle Chesky
3881543,2023-06-11,03:00:00.000,11,49,NWSL,107,2023,Regular Season,761,Chicago Red Stars,0,5,North Carolina Courage,766,SeatGeek Stadium,Karen Callado
3881530,2023-05-22,01:00:00.000,8,49,NWSL,107,2023,Regular Season,760,Seattle Reign,1,4,NJ/NY Gotham FC,763,Lumen Field,Katja Koroleva
3881518,2023-05-08,01:00:00.000,6,49,NWSL,107,2023,Regular Season,761,Chicago Red Stars,1,2,NJ/NY Gotham FC,763,SeatGeek Stadium,Natalie Simon
3881511,2023-04-30,03:00:00.000,5,49,NWSL,107,2023,Regular Season,761,Chicago Red Stars,1,1,Washington Spirit,759,SeatGeek Stadium,Mathew Corrigan
3881510,2023-04-30,05:00:00.000,5,49,NWSL,107,2023,Regular Season,9101,San Diego Wave,1,3,Orlando Pride,764,Snapdragon Stadium,Brad Jensen
3881509,2023-04-30,05:30:00.000,5,49,NWSL,107,2023,Regular Season,765,Portland Thorns,3,3,Angel City,9100,Providence Park,Elton Garcia
3881506,2023-04-24,02:00:00.000,4,49,NWSL,107,2023,Regular Season,9100,Angel City,0,2,San Diego Wave,9101,BMO Stadium,Katja Koroleva
3881504,2023-04-23,04:30:00.000,4,49,NWSL,107,2023,Regular Season,765,Portland Thorns,2,0,Racing Louisville FC,5105,Providence Park,Thomas Snyder
3881503,2023-04-23,01:30:00.000,4,49,NWSL,107,2023,Regular Season,763,NJ/NY Gotham FC,1,0,North Carolina Courage,766,Sports Illustrated Stadium,Matthew Thompson
3881502,2023-04-22,21:30:00.000,4,49,NWSL,107,2023,Regular Season,760,Seattle Reign,5,2,Chicago Red Stars,761,Lumen Field,JC Griggs
3881499,2023-04-16,04:00:00.000,3,49,NWSL,107,2023,Regular Season,9100,Angel City,2,2,Racing Louisville FC,5105,BMO Stadium,Brad Jensen
3881498,2023-04-16,00:00:00.000,3,49,NWSL,107,2023,Regular Season,761,Chicago Red Stars,4,2,KC Current,5106,SeatGeek Stadium,Elijio Arreguin
3881497,2023-04-16,01:00:00.000,3,49,NWSL,107,2023,Regular Season,764,Orlando Pride,0,2,NJ/NY Gotham FC,763,Inter&Co Stadium,Elvis Osmanovic
3881496,2023-04-16,01:00:00.000,3,49,NWSL,107,2023,Regular Season,766,North Carolina Courage,1,2,Washington Spirit,759,WakeMed Soccer Park,Adorae Monroy
3881495,2023-04-15,04:30:00.000,3,49,NWSL,107,2023,Regular Season,765,Portland Thorns,1,1,Houston Dash,762,Providence Park,Alex Billeter
3881493,2023-04-02,04:00:00.000,2,49,NWSL,107,2023,Regular Season,9101,San Diego Wave,3,1,North Carolina Courage,766,Snapdragon Stadium,JC Griggs
3881492,2023-04-02,01:30:00.000,2,49,NWSL,107,2023,Regular Season,763,NJ/NY Gotham FC,0,2,Seattle Reign,760,Sports Illustrated Stadium,Brad Jensen
3881491,2023-04-01,21:00:00.000,2,49,NWSL,107,2023,Regular Season,5105,Racing Louisville FC,2,2,Washington Spirit,759,Lynn Family Stadium,Sergii Demianchuk
3881490,2023-04-01,20:00:00.000,2,49,NWSL,107,2023,Regular Season,761,Chicago Red Stars,1,2,Houston Dash,762,SeatGeek Stadium,Karen Callado
3881489,2023-04-01,16:30:00.000,2,49,NWSL,107,2023,Regular Season,5106,KC Current,1,4,Portland Thorns,765,Children''s Mercy Park,Natalie Simon
3881488,2023-03-27,03:00:00.000,1,49,NWSL,107,2023,Regular Season,9100,Angel City,1,2,NJ/NY Gotham FC,763,BMO Stadium,Elijio Arreguin
3881487,2023-03-27,01:00:00.000,1,49,NWSL,107,2023,Regular Season,762,Houston Dash,0,0,Racing Louisville FC,5105,Shell Energy Stadium,Danielle Chesky
3881486,2023-03-26,23:00:00.000,1,49,NWSL,107,2023,Regular Season,765,Portland Thorns,4,0,Orlando Pride,764,Providence Park,Eric Tattersall
3881485,2023-03-26,22:00:00.000,1,49,NWSL,107,2023,Regular Season,759,Washington Spirit,1,0,Seattle Reign,760,Audi Field,Alyssa Nichols
3881484,2023-03-26,04:00:00.000,1,49,NWSL,107,2023,Regular Season,9101,San Diego Wave,3,2,Chicago Red Stars,761,Snapdragon Stadium,Elton Garcia
3881483,2023-03-25,18:00:00.000,1,49,NWSL,107,2023,Regular Season,766,North Carolina Courage,1,0,KC Current,5106,WakeMed Soccer Park,Alex Billeter
7476,2018-07-08,01:00:00.000,13,49,NWSL,3,2018,Regular Season,763,NJ/NY Gotham FC,1,3,Chicago Red Stars,761,Yurcak Field,Jasmine Peralta
7482,2018-07-12,01:00:00.000,15,49,NWSL,3,2018,Regular Season,766,North Carolina Courage,2,0,Washington Spirit,759,WakeMed Soccer Park,Daniel Gutierrez
7494,2018-08-06,02:30:00.000,17,49,NWSL,3,2018,Regular Season,762,Houston Dash,1,2,Utah Royals,767,Shell Energy Stadium,Rosendo Mendoza
7486,2018-07-16,05:00:00.000,16,49,NWSL,3,2018,Regular Season,765,Portland Thorns,3,1,Houston Dash,762,Providence Park,Eric Tattersall
7497,2018-08-11,02:00:00.000,17,49,NWSL,3,2018,Regular Season,761,Chicago Red Stars,1,1,North Carolina Courage,766,SeatGeek Stadium,Matthew Franz
7430,2018-04-15,01:00:00.000,3,49,NWSL,3,2018,Regular Season,759,Washington Spirit,2,4,North Carolina Courage,766,Maureen Hendricks Field Maryland SoccerPlex,Jasmine Peralta
7444,2018-05-06,21:00:00.000,6,49,NWSL,3,2018,Regular Season,766,North Carolina Courage,1,1,Chicago Red Stars,761,WakeMed Soccer Park,Marco Vega
7443,2018-05-05,21:30:00.000,6,49,NWSL,3,2018,Regular Season,765,Portland Thorns,2,3,Seattle Reign,760,Providence Park,Karen Abt
7521,2018-06-03,01:00:00.000,9,49,NWSL,3,2018,Regular Season,763,NJ/NY Gotham FC,1,2,Utah Royals,767,Yurcak Field,Lorant Varga
7492,2018-08-06,01:30:00.000,19,49,NWSL,3,2018,Regular Season,764,Orlando Pride,2,2,NJ/NY Gotham FC,763,Inter&Co Stadium,Luis Guardia
7524,2018-07-12,02:30:00.000,14,49,NWSL,3,2018,Regular Season,762,Houston Dash,3,1,Orlando Pride,764,Shell Energy Stadium,Christina Unkel
7496,2018-08-09,04:00:00.000,19,49,NWSL,3,2018,Regular Season,767,Utah Royals,1,0,Washington Spirit,759,America First Field,Timothy Ford
7523,2018-06-04,03:00:00.000,10,49,NWSL,3,2018,Regular Season,760,Seattle Reign,0,0,Orlando Pride,764,UW Medicine Pitch at Memorial Stadium,Danielle Chesky
7520,2018-06-03,03:00:00.000,9,49,NWSL,3,2018,Regular Season,759,Washington Spirit,0,2,Chicago Red Stars,761,Maureen Hendricks Field Maryland SoccerPlex,Karen Abt
7493,2018-08-06,03:00:00.000,17,49,NWSL,3,2018,Regular Season,760,Seattle Reign,2,0,Washington Spirit,759,UW Medicine Pitch at Memorial Stadium,Mark Allatin
7500,2018-08-12,01:30:00.000,20,49,NWSL,3,2018,Regular Season,764,Orlando Pride,0,2,Portland Thorns,765,Inter&Co Stadium,Katja Koroleva
7519,2018-05-31,04:30:00.000,11,49,NWSL,3,2018,Regular Season,765,Portland Thorns,1,4,North Carolina Courage,766,Providence Park,Joe Dickerson
7473,2018-07-01,04:00:00.000,13,49,NWSL,3,2018,Regular Season,767,Utah Royals,3,1,NJ/NY Gotham FC,763,America First Field,Víctor Rivas
7522,2018-06-04,01:00:00.000,10,49,NWSL,3,2018,Regular Season,762,Houston Dash,1,1,North Carolina Courage,766,Shell Energy Stadium,Natalie Simon
7484,2018-07-15,01:00:00.000,14,49,NWSL,3,2018,Regular Season,763,NJ/NY Gotham FC,0,4,North Carolina Courage,766,Yurcak Field,Danielle Chesky
7475,2018-07-05,01:00:00.000,14,49,NWSL,3,2018,Regular Season,766,North Carolina Courage,4,1,Chicago Red Stars,761,WakeMed Soccer Park,Matthew Franz
7457,2018-05-24,01:30:00.000,9,49,NWSL,3,2018,Regular Season,764,Orlando Pride,3,4,North Carolina Courage,766,Inter&Co Stadium,Christina Unkel
7445,2018-05-06,03:00:00.000,6,49,NWSL,3,2018,Regular Season,767,Utah Royals,2,0,Washington Spirit,759,America First Field,Reyna Fonseca
7490,2018-07-22,01:00:00.000,15,49,NWSL,3,2018,Regular Season,763,NJ/NY Gotham FC,1,2,Portland Thorns,765,Yurcak Field,Reyna Fonseca
7479,2018-07-08,01:30:00.000,16,49,NWSL,3,2018,Regular Season,764,Orlando Pride,2,1,Washington Spirit,759,Inter&Co Stadium,Danielle Chesky
7478,2018-07-08,04:00:00.000,14,49,NWSL,3,2018,Regular Season,760,Seattle Reign,3,1,Houston Dash,762,UW Medicine Pitch at Memorial Stadium,Reyna Fonseca
7456,2018-05-20,01:00:00.000,6,49,NWSL,3,2018,Regular Season,763,NJ/NY Gotham FC,1,2,North Carolina Courage,766,Yurcak Field,Danielle Chesky
7471,2018-06-30,21:30:00.000,15,49,NWSL,3,2018,Regular Season,764,Orlando Pride,0,3,North Carolina Courage,766,Inter&Co Stadium,Elvis Osmanovic
7477,2018-07-07,05:00:00.000,15,49,NWSL,3,2018,Regular Season,765,Portland Thorns,4,0,Utah Royals,767,Providence Park,Farhad Dadkho
7472,2018-07-01,04:00:00.000,13,49,NWSL,3,2018,Regular Season,760,Seattle Reign,1,0,Portland Thorns,765,UW Medicine Pitch at Memorial Stadium,Christina Unkel
7474,2018-07-02,00:00:00.000,13,49,NWSL,3,2018,Regular Season,761,Chicago Red Stars,2,0,Washington Spirit,759,SeatGeek Stadium,Sergii Demianchuk
7487,2018-07-21,04:00:00.000,17,49,NWSL,3,2018,Regular Season,767,Utah Royals,0,0,North Carolina Courage,766,America First Field,Christina Unkel
7485,2018-07-15,02:00:00.000,16,49,NWSL,3,2018,Regular Season,761,Chicago Red Stars,1,0,Seattle Reign,760,SeatGeek Stadium,Natalie Simon
7483,2018-07-15,01:00:00.000,16,49,NWSL,3,2018,Regular Season,767,Utah Royals,1,2,Orlando Pride,764,America First Field,Reyna Fonseca
7451,2018-05-13,01:00:00.000,7,49,NWSL,3,2018,Regular Season,766,North Carolina Courage,1,0,Washington Spirit,759,WakeMed Soccer Park,Jonathan Bilinski
7480,2018-07-12,04:30:00.000,15,49,NWSL,3,2018,Regular Season,760,Seattle Reign,1,0,Utah Royals,767,UW Medicine Pitch at Memorial Stadium,Katja Koroleva
3835320,2022-07-07,19:00:00.000,1,53,UEFA Women's Euro,106,2022,Group Stage,852,Norway Women's,4,1,Northern Ireland W,2457,St. Mary's Stadium,Lina Lehtovaara
3835326,2022-07-10,16:00:00.000,1,53,UEFA Women's Euro,106,2022,Group Stage,854,Belgium Women's,1,1,Iceland Women's,862,Joie Stadium,Tess Olofsson
3835324,2022-07-09,19:00:00.000,1,53,UEFA Women's Euro,106,2022,Group Stage,851,Netherlands Women's,1,1,Sweden Women's,858,Bramall Lane,Cheryl Foster
3835336,2022-07-15,19:00:00.000,3,53,UEFA Women's Euro,106,2022,Group Stage,859,Austria Women's,1,0,Norway Women's,852,The American Express Community Stadium,Kateryna Monzul
3835334,2022-07-14,16:00:00.000,2,53,UEFA Women's Euro,106,2022,Group Stage,855,Italy Women's,1,1,Iceland Women's,862,Joie Stadium,Lina Lehtovaara
3844386,2022-07-22,19:00:00.000,4,53,UEFA Women's Euro,106,2022,Quarter-finals,858,Sweden Women's,1,0,Belgium Women's,854,Leigh Sports Village Stadium,Kateryna Monzul
3835327,2022-07-11,19:00:00.000,2,53,UEFA Women's Euro,106,2022,Group Stage,865,England Women's,8,0,Norway Women's,852,The American Express Community Stadium,Riem Hussein
3835330,2022-07-12,19:00:00.000,2,53,UEFA Women's Euro,106,2022,Group Stage,857,Germany Women's,2,0,Spain Women's,863,Gtech Community Stadium,Stéphanie Frappart
3844385,2022-07-21,19:00:00.000,4,53,UEFA Women's Euro,106,2022,Quarter-finals,857,Germany Women's,2,0,Austria Women's,859,Gtech Community Stadium,Rebecca Welch
3835339,2022-07-17,16:00:00.000,3,53,UEFA Women's Euro,106,2022,Group Stage,860,Switzerland Women's,1,4,Netherlands Women's,851,Bramall Lane,Iuliana Elena Demetrescu
3835331,2022-07-13,16:00:00.000,2,53,UEFA Women's Euro,106,2022,Group Stage,858,Sweden Women's,2,1,Switzerland Women's,860,Bramall Lane,Marta Huerta de Aza
3845507,2022-07-27,19:00:00.000,5,53,UEFA Women's Euro,106,2022,Semi-finals,857,Germany Women's,2,1,France Women's,861,Stadium MK,Cheryl Foster
3835321,2022-07-08,16:00:00.000,1,53,UEFA Women's Euro,106,2022,Group Stage,863,Spain Women's,4,1,WNT Finland,920,Stadium MK,Kateryna Monzul
3844384,2022-07-20,21:00:00.000,4,53,UEFA Women's Euro,106,2022,Quarter-finals,865,England Women's,2,1,Spain Women's,863,The American Express Community Stadium,Stéphanie Frappart
3847567,2022-07-31,18:00:00.000,6,53,UEFA Women's Euro,106,2022,Final,865,England Women's,2,1,Germany Women's,857,Wembley Stadium,Kateryna Monzul
3845506,2022-07-26,21:00:00.000,5,53,UEFA Women's Euro,106,2022,Semi-finals,865,England Women's,4,0,Sweden Women's,858,Bramall Lane,Esther Staubli
3835335,2022-07-15,19:00:00.000,3,53,UEFA Women's Euro,106,2022,Group Stage,2457,Northern Ireland W,0,5,England Women's,865,St. Mary's Stadium,Esther Staubli
3835323,2022-07-09,16:00:00.000,1,53,UEFA Women's Euro,106,2022,Group Stage,864,Portugal Women's,2,2,Switzerland Women's,860,Leigh Sports Village Stadium,Jana Adamkova
3835325,2022-07-10,19:00:00.000,1,53,UEFA Women's Euro,106,2022,Group Stage,861,France Women's,5,1,Italy Women's,855,AESSEAL New York Stadium ,Rebecca Welch
3844387,2022-07-23,19:00:00.000,4,53,UEFA Women's Euro,106,2022,Quarter-finals,861,France Women's,1,0,Netherlands Women's,851,AESSEAL New York Stadium ,Ivana Martinčić
3835342,2022-07-18,19:00:00.000,3,53,UEFA Women's Euro,106,2022,Group Stage,862,Iceland Women's,1,1,France Women's,861,AESSEAL New York Stadium ,Jana Adamkova
3835337,2022-07-16,19:00:00.000,3,53,UEFA Women's Euro,106,2022,Group Stage,853,Denmark Women's,0,1,Spain Women's,863,Gtech Community Stadium,Rebecca Welch
3835338,2022-07-16,19:00:00.000,3,53,UEFA Women's Euro,106,2022,Group Stage,920,WNT Finland,0,3,Germany Women's,857,Stadium MK,Emikar Caldera Barrera
3835329,2022-07-12,16:00:00.000,2,53,UEFA Women's Euro,106,2022,Group Stage,853,Denmark Women's,1,0,WNT Finland,920,Stadium MK,Iuliana Elena Demetrescu
3835322,2022-07-08,19:00:00.000,1,53,UEFA Women's Euro,106,2022,Group Stage,857,Germany Women's,4,0,Denmark Women's,853,Gtech Community Stadium,Esther Staubli
3835332,2022-07-13,19:00:00.000,2,53,UEFA Women's Euro,106,2022,Group Stage,851,Netherlands Women's,3,2,Portugal Women's,864,Leigh Sports Village Stadium,Ivana Martinčić
3835341,2022-07-18,21:00:00.000,3,53,UEFA Women's Euro,106,2022,Group Stage,855,Italy Women's,0,1,Belgium Women's,854,Joie Stadium,Ivana Martinčić
3835340,2022-07-17,16:00:00.000,3,53,UEFA Women's Euro,106,2022,Group Stage,858,Sweden Women's,5,0,Portugal Women's,864,Leigh Sports Village Stadium,Stéphanie Frappart
3835328,2022-07-11,16:00:00.000,2,53,UEFA Women's Euro,106,2022,Group Stage,859,Austria Women's,2,0,Northern Ireland W,2457,St. Mary's Stadium,Emikar Caldera Barrera
3835333,2022-07-14,19:00:00.000,2,53,UEFA Women's Euro,106,2022,Group Stage,861,France Women's,2,1,Belgium Women's,854,AESSEAL New York Stadium ,Cheryl Foster
3835319,2022-07-06,19:00:00.000,1,53,UEFA Women's Euro,106,2022,Group Stage,865,England Women's,1,0,Austria Women's,859,Old Trafford,Marta Huerta de Aza
3998853,2025-07-10,19:00:00.000,3,53,UEFA Women's Euro,315,2025,Group Stage,852,Norway Women's,4,3,Iceland Women's,862,Stockhorn Arena,Ionela Alina Peşu
3998838,2025-07-03,16:00:00.000,1,53,UEFA Women's Euro,315,2025,Group Stage,854,Belgium Women's,0,1,Italy Women's,855,Stade de Tourbillon,Désirée Grundbacher
3998841,2025-07-04,16:00:00.000,1,53,UEFA Women's Euro,315,2025,Group Stage,853,Denmark Women's,0,1,Sweden Women's,858,Stade de Genève,Edina Alves Batista
3998837,2025-07-02,19:00:00.000,1,53,UEFA Women's Euro,315,2025,Group Stage,860,Switzerland Women's,1,2,Norway Women's,852,St. Jakob-Park,Ionela Alina Peşu
4020846,2025-07-27,16:00:00.000,6,53,UEFA Women's Euro,315,2025,Final,865,England Women's,1,1,Spain Women's,863,St. Jakob-Park,Stéphanie Frappart
4020077,2025-07-23,19:00:00.000,5,53,UEFA Women's Euro,315,2025,Semi-finals,857,Germany Women's,0,1,Spain Women's,863,Stadion Letzigrund,Edina Alves Batista
4020005,2025-07-22,19:00:00.000,5,53,UEFA Women's Euro,315,2025,Semi-finals,865,England Women's,2,1,Italy Women's,855,Stade de Genève,Ivana Martinčić
4018357,2025-07-19,19:00:00.000,4,53,UEFA Women's Euro,315,2025,Quarter-finals,861,France Women's,1,1,Germany Women's,857,St. Jakob-Park,Tess Olofsson
4018356,2025-07-18,19:00:00.000,4,53,UEFA Women's Euro,315,2025,Quarter-finals,863,Spain Women's,2,0,Switzerland Women's,860,Stadion Wankdorf,Maria Sole Ferrieri Caputi
4018355,2025-07-17,19:00:00.000,4,53,UEFA Women's Euro,315,2025,Quarter-finals,858,Sweden Women's,2,2,England Women's,865,Stadion Letzigrund,Marta Huerta de Aza
4018354,2025-07-16,19:00:00.000,4,53,UEFA Women's Euro,315,2025,Quarter-finals,852,Norway Women's,1,2,Italy Women's,855,Stade de Genève,Stéphanie Frappart
3998858,2025-07-13,19:00:00.000,3,53,UEFA Women's Euro,315,2025,Group Stage,865,England Women's,6,1,Wales W,2456,Kybunpark,Frida Mia Klarlund Nielsen
3998859,2025-07-13,19:00:00.000,3,53,UEFA Women's Euro,315,2025,Group Stage,851,Netherlands Women's,2,5,France Women's,861,St. Jakob-Park,Ivana Martinčić
3998857,2025-07-12,19:00:00.000,3,53,UEFA Women's Euro,315,2025,Group Stage,29167,Poland Women's,3,2,Denmark Women's,853,swissporarena,Olatz Rivera Olmedo
3998856,2025-07-12,19:00:00.000,3,53,UEFA Women's Euro,315,2025,Group Stage,858,Sweden Women's,4,1,Germany Women's,857,Stadion Letzigrund,Silvia Gasperotti
3998855,2025-07-11,19:00:00.000,3,53,UEFA Women's Euro,315,2025,Group Stage,855,Italy Women's,1,3,Spain Women's,863,Stadion Wankdorf,Iuliana Elena Demetrescu
3998854,2025-07-11,19:00:00.000,3,53,UEFA Women's Euro,315,2025,Group Stage,864,Portugal Women's,1,2,Belgium Women's,854,Stade de Tourbillon,Tess Olofsson
3998852,2025-07-10,19:00:00.000,3,53,UEFA Women's Euro,315,2025,Group Stage,920,WNT Finland,1,1,Switzerland Women's,860,Stade de Genève,Stéphanie Frappart
3998851,2025-07-09,16:00:00.000,2,53,UEFA Women's Euro,315,2025,Group Stage,865,England Women's,4,0,Netherlands Women's,851,Stadion Letzigrund,Edina Alves Batista
3998850,2025-07-09,19:00:00.000,2,53,UEFA Women's Euro,315,2025,Group Stage,861,France Women's,4,1,Wales W,2456,Kybunpark,Désirée Grundbacher
3998848,2025-07-08,19:00:00.000,2,53,UEFA Women's Euro,315,2025,Group Stage,29167,Poland Women's,0,3,Sweden Women's,858,swissporarena,Maria Sole Ferrieri Caputi
3998849,2025-07-08,16:00:00.000,2,53,UEFA Women's Euro,315,2025,Group Stage,857,Germany Women's,2,1,Denmark Women's,853,St. Jakob-Park,Catarina Isabel Ferreira Campos
3998846,2025-07-07,19:00:00.000,2,53,UEFA Women's Euro,315,2025,Group Stage,864,Portugal Women's,1,1,Italy Women's,855,Stade de Genève,Ivana Martinčić
3998847,2025-07-07,16:00:00.000,2,53,UEFA Women's Euro,315,2025,Group Stage,863,Spain Women's,6,2,Belgium Women's,854,Stockhorn Arena,Katalin Kulcsar
3998844,2025-07-06,19:00:00.000,2,53,UEFA Women's Euro,315,2025,Group Stage,860,Switzerland Women's,2,0,Iceland Women's,862,Stadion Wankdorf,Marta Huerta de Aza
3998845,2025-07-06,16:00:00.000,2,53,UEFA Women's Euro,315,2025,Group Stage,852,Norway Women's,2,1,WNT Finland,920,Stade de Tourbillon,Silvia Gasperotti
3998842,2025-07-05,16:00:00.000,1,53,UEFA Women's Euro,315,2025,Group Stage,2456,Wales W,0,3,Netherlands Women's,851,swissporarena,Frida Mia Klarlund Nielsen
3998843,2025-07-05,19:00:00.000,1,53,UEFA Women's Euro,315,2025,Group Stage,861,France Women's,2,1,England Women's,865,Stadion Letzigrund,Tess Olofsson
3998840,2025-07-04,19:00:00.000,1,53,UEFA Women's Euro,315,2025,Group Stage,857,Germany Women's,2,0,Poland Women's,29167,Kybunpark,Stéphanie Frappart
3998839,2025-07-03,19:00:00.000,1,53,UEFA Women's Euro,315,2025,Group Stage,863,Spain Women's,5,0,Portugal Women's,864,Stadion Wankdorf,Iuliana Elena Demetrescu
3998836,2025-07-02,16:00:00.000,1,53,UEFA Women's Euro,315,2025,Group Stage,862,Iceland Women's,0,1,WNT Finland,920,Stockhorn Arena,Katalin Kulcsar
3930166,2024-06-18,19:00:00.000,1,55,UEFA Euro,282,2024,Group Stage,780,Portugal,2,1,Czech Republic,912,Red Bull Arena,Marco Guida
3930159,2024-06-15,13:00:00.000,1,55,UEFA Euro,282,2024,Group Stage,916,Hungary,1,3,Switzerland,773,RheinEnergieStadion,Slavko Vinčić
3930163,2024-06-16,19:00:00.000,1,55,UEFA Euro,282,2024,Group Stage,786,Serbia,0,1,England,768,VELTINS-Arena,Daniele Orsato
3930181,2024-06-25,19:00:00.000,3,55,UEFA Euro,282,2024,Group Stage,768,England,0,0,Slovenia,944,RheinEnergieStadion,Clément Turpin
3930178,2024-06-24,19:00:00.000,3,55,UEFA Euro,282,2024,Group Stage,785,Croatia,1,1,Italy,914,Red Bull Arena,Danny Desmond Makkelie
3930160,2024-06-15,16:00:00.000,1,55,UEFA Euro,282,2024,Group Stage,772,Spain,3,0,Croatia,785,Olympiastadion Berlin,Michael Oliver
3930170,2024-06-20,13:00:00.000,2,55,UEFA Euro,282,2024,Group Stage,944,Slovenia,1,1,Serbia,786,Allianz Arena,István Kovács
3938643,2024-06-25,16:00:00.000,3,55,UEFA Euro,282,2024,Group Stage,771,France,1,1,Poland,789,Signal-Iduna-Park,Marco Guida
3938641,2024-06-21,16:00:00.000,2,55,UEFA Euro,282,2024,Group Stage,789,Poland,1,3,Austria,915,Olympiastadion Berlin,Halil Umut Meler
3938642,2024-06-22,13:00:00.000,2,55,UEFA Euro,282,2024,Group Stage,2138,Georgia,1,1,Czech Republic,912,Volksparkstadion,Daniel Siebert
3938639,2024-06-18,16:00:00.000,1,55,UEFA Euro,282,2024,Group Stage,909,Turkey,3,1,Georgia,2138,Signal-Iduna-Park,Facundo Tello Figueroa
3938638,2024-06-17,13:00:00.000,1,55,UEFA Euro,282,2024,Group Stage,905,Romania,3,0,Ukraine,911,Allianz Arena,Glenn Nyberg
3938640,2024-06-21,13:00:00.000,2,55,UEFA Euro,282,2024,Group Stage,908,Slovakia,1,2,Ukraine,911,Merkur Spiel-Arena,Michael Oliver
3938637,2024-06-16,13:00:00.000,1,55,UEFA Euro,282,2024,Group Stage,789,Poland,1,2,Netherlands,941,Volksparkstadion,Artur Manuel Ribeiro Soares Dias
3938644,2024-06-26,19:00:00.000,3,55,UEFA Euro,282,2024,Group Stage,2138,Georgia,2,0,Portugal,780,VELTINS-Arena,Sandro Schärer
3941019,2024-07-01,16:00:00.000,4,55,UEFA Euro,282,2024,Round of 16,771,France,1,0,Belgium,782,Merkur Spiel-Arena,Glenn Nyberg
3942227,2024-07-06,16:00:00.000,5,55,UEFA Euro,282,2024,Quarter-finals,768,England,1,1,Switzerland,773,Merkur Spiel-Arena,Daniele Orsato
3930174,2024-06-22,16:00:00.000,2,55,UEFA Euro,282,2024,Group Stage,909,Turkey,0,3,Portugal,780,Signal-Iduna-Park,Felix Zwayer
3930162,2024-06-16,16:00:00.000,1,55,UEFA Euro,282,2024,Group Stage,944,Slovenia,1,1,Denmark,776,MHPArena,Sandro Schärer
3930176,2024-06-23,19:00:00.000,3,55,UEFA Euro,282,2024,Group Stage,773,Switzerland,1,1,Germany,770,Deutsche Bank Park,Daniele Orsato
3930169,2024-06-19,19:00:00.000,2,55,UEFA Euro,282,2024,Group Stage,942,Scotland,1,1,Switzerland,773,RheinEnergieStadion,Ivan Kružliak
3942819,2024-07-10,19:00:00.000,6,55,UEFA Euro,282,2024,Semi-finals,941,Netherlands,1,2,England,768,Signal-Iduna-Park,Felix Zwayer
3943043,2024-07-14,19:00:00.000,7,55,UEFA Euro,282,2024,Final,772,Spain,2,1,England,768,Olympiastadion Berlin,François Letexier
3942752,2024-07-09,19:00:00.000,6,55,UEFA Euro,282,2024,Semi-finals,772,Spain,2,1,France,771,Allianz Arena,Slavko Vinčić
3942382,2024-07-06,19:00:00.000,5,55,UEFA Euro,282,2024,Quarter-finals,941,Netherlands,2,1,Turkey,909,Olympiastadion Berlin,Clément Turpin
3942349,2024-07-05,19:00:00.000,5,55,UEFA Euro,282,2024,Quarter-finals,780,Portugal,0,0,France,771,Volksparkstadion,Michael Oliver
3930180,2024-06-25,16:00:00.000,3,55,UEFA Euro,282,2024,Group Stage,941,Netherlands,2,3,Austria,915,Olympiastadion Berlin,Ivan Kružliak
3930171,2024-06-20,16:00:00.000,2,55,UEFA Euro,282,2024,Group Stage,776,Denmark,1,1,England,768,Deutsche Bank Park,Artur Manuel Ribeiro Soares Dias
3942226,2024-07-05,16:00:00.000,5,55,UEFA Euro,282,2024,Quarter-finals,772,Spain,2,1,Germany,770,MHPArena,Anthony Taylor
3938645,2024-06-26,16:00:00.000,3,55,UEFA Euro,282,2024,Group Stage,911,Ukraine,0,0,Belgium,782,MHPArena,Anthony Taylor
3930184,2024-06-26,22:00:00.000,3,55,UEFA Euro,282,2024,Group Stage,912,Czech Republic,1,2,Turkey,909,Volksparkstadion,István Kovács
3941022,2024-07-02,19:00:00.000,4,55,UEFA Euro,282,2024,Round of 16,915,Austria,1,2,Turkey,909,Red Bull Arena,Artur Manuel Ribeiro Soares Dias
3941021,2024-07-02,16:00:00.000,4,55,UEFA Euro,282,2024,Round of 16,905,Romania,0,3,Netherlands,941,Allianz Arena,Felix Zwayer
3941020,2024-07-01,19:00:00.000,4,55,UEFA Euro,282,2024,Round of 16,780,Portugal,0,0,Slovenia,944,Deutsche Bank Park,Daniele Orsato
3941018,2024-06-30,19:00:00.000,4,55,UEFA Euro,282,2024,Round of 16,772,Spain,4,1,Georgia,2138,RheinEnergieStadion,François Letexier
3941017,2024-06-30,16:00:00.000,4,55,UEFA Euro,282,2024,Round of 16,768,England,2,1,Slovakia,908,VELTINS-Arena,Halil Umut Meler
3930182,2024-06-25,19:00:00.000,3,55,UEFA Euro,282,2024,Group Stage,776,Denmark,0,0,Serbia,786,Allianz Arena,François Letexier
3930179,2024-06-24,19:00:00.000,3,55,UEFA Euro,282,2024,Group Stage,906,Albania,0,1,Spain,772,Merkur Spiel-Arena,Glenn Nyberg
3940983,2024-06-29,19:00:00.000,4,55,UEFA Euro,282,2024,Round of 16,770,Germany,2,0,Denmark,776,Signal-Iduna-Park,Michael Oliver
3940878,2024-06-29,16:00:00.000,4,55,UEFA Euro,282,2024,Round of 16,773,Switzerland,2,0,Italy,914,Olympiastadion Berlin,Szymon Marciniak
3930177,2024-06-23,19:00:00.000,3,55,UEFA Euro,282,2024,Group Stage,942,Scotland,0,1,Hungary,916,MHPArena,Facundo Tello Figueroa
3930173,2024-06-21,19:00:00.000,2,55,UEFA Euro,282,2024,Group Stage,941,Netherlands,0,0,France,771,Trainingszentrum RB Leipzig Platz 1,Anthony Taylor
3930172,2024-06-20,19:00:00.000,2,55,UEFA Euro,282,2024,Group Stage,772,Spain,1,0,Italy,914,VELTINS-Arena,Slavko Vinčić
3930167,2024-06-19,13:00:00.000,2,55,UEFA Euro,282,2024,Group Stage,785,Croatia,2,2,Albania,906,Volksparkstadion,François Letexier
3930168,2024-06-19,16:00:00.000,2,55,UEFA Euro,282,2024,Group Stage,770,Germany,2,0,Hungary,916,MHPArena,Danny Desmond Makkelie
3930165,2024-06-17,19:00:00.000,1,55,UEFA Euro,282,2024,Group Stage,915,Austria,0,1,France,771,Merkur Spiel-Arena,Jesús Gil Manzano
3930164,2024-06-17,16:00:00.000,1,55,UEFA Euro,282,2024,Group Stage,782,Belgium,0,1,Slovakia,908,Deutsche Bank Park,Halil Umut Meler
3930161,2024-06-15,19:00:00.000,1,55,UEFA Euro,282,2024,Group Stage,914,Italy,2,1,Albania,906,Signal-Iduna-Park,Felix Zwayer
3930183,2024-06-26,16:00:00.000,3,55,UEFA Euro,282,2024,Group Stage,908,Slovakia,1,1,Romania,905,Deutsche Bank Park,Daniel Siebert
3930175,2024-06-22,19:00:00.000,2,55,UEFA Euro,282,2024,Group Stage,782,Belgium,2,0,Romania,905,RheinEnergieStadion,Szymon Marciniak
3930158,2024-06-14,19:00:00.000,1,55,UEFA Euro,282,2024,Group Stage,770,Germany,5,1,Scotland,942,Allianz Arena,Clément Turpin
3788758,2021-06-17,13:00:00.000,2,55,UEFA Euro,43,2020,Group Stage,911,Ukraine,2,1,North Macedonia,2358,Arena Naţională,Fernando Andrés Rapallini
3788773,2021-06-23,19:00:00.000,3,55,UEFA Euro,43,2020,Group Stage,780,Portugal,2,2,France,771,Puskás Aréna,Antonio Miguel Mateu Lahoz
3788765,2021-06-20,16:00:00.000,3,55,UEFA Euro,43,2020,Group Stage,773,Switzerland,3,1,Turkey,909,Bakı Olimpiya Stadionu,Slavko Vinčić
3788761,2021-06-18,13:00:00.000,2,55,UEFA Euro,43,2020,Group Stage,790,Sweden,1,0,Slovakia,908,Saint-Petersburg Stadium ( Gazprom Arena ),Daniel Siebert
3788760,2021-06-18,16:00:00.000,2,55,UEFA Euro,43,2020,Group Stage,785,Croatia,1,1,Czech Republic,912,Hampden Park,Carlos del Cerro Grande
3795108,2021-07-02,16:00:00.000,5,55,UEFA Euro,43,2020,Quarter-finals,773,Switzerland,1,1,Spain,772,Saint-Petersburg Stadium ( Gazprom Arena ),Michael Oliver
3794687,2021-06-27,19:00:00.000,4,55,UEFA Euro,43,2020,Round of 16,782,Belgium,1,0,Portugal,780,Estadio de La Cartuja,Felix Brych
3794690,2021-06-27,16:00:00.000,4,55,UEFA Euro,43,2020,Round of 16,941,Netherlands,0,2,Czech Republic,912,Puskás Aréna,Sergey Karasev
3794685,2021-06-26,19:00:00.000,4,55,UEFA Euro,43,2020,Round of 16,914,Italy,2,1,Austria,915,Wembley Stadium,Anthony Taylor
3794692,2021-06-29,19:00:00.000,4,55,UEFA Euro,43,2020,Round of 16,790,Sweden,1,2,Ukraine,911,Hampden Park,Daniele Orsato
3794689,2021-06-26,16:00:00.000,4,55,UEFA Euro,43,2020,Round of 16,907,Wales,0,4,Denmark,776,Johan Cruijff Arena (Amsterdam),Daniel Siebert
3795107,2021-07-02,19:00:00.000,5,55,UEFA Euro,43,2020,Quarter-finals,782,Belgium,1,2,Italy,914,Allianz Arena,Slavko Vinčić
3795187,2021-07-03,19:00:00.000,5,55,UEFA Euro,43,2020,Quarter-finals,911,Ukraine,0,4,England,768,Estadio Olímpico,Felix Brych
3795220,2021-07-06,19:00:00.000,6,55,UEFA Euro,43,2020,Semi-finals,914,Italy,1,1,Spain,772,Wembley Stadium,Felix Brych
3794686,2021-06-28,16:00:00.000,4,55,UEFA Euro,43,2020,Round of 16,785,Croatia,3,5,Spain,772,Parken,Cüneyt Çakιr
3788763,2021-06-19,13:00:00.000,2,55,UEFA Euro,43,2020,Group Stage,916,Hungary,1,1,France,771,Puskás Aréna,Michael Oliver
3795506,2021-07-11,21:00:00.000,7,55,UEFA Euro,43,2020,Final,914,Italy,1,1,England,768,Wembley Stadium,Björn Kuipers
3788769,2021-06-21,21:00:00.000,3,55,UEFA Euro,43,2020,Group Stage,796,Russia,1,4,Denmark,776,Parken,Clément Turpin
3788766,2021-06-20,18:00:00.000,3,55,UEFA Euro,43,2020,Group Stage,914,Italy,1,0,Wales,907,Estadio Olímpico,Ovidiu Alin Hațegan
3788764,2021-06-19,18:00:00.000,2,55,UEFA Euro,43,2020,Group Stage,780,Portugal,2,4,Germany,770,Allianz Arena,Anthony Taylor
3788755,2021-06-16,16:00:00.000,2,55,UEFA Euro,43,2020,Group Stage,909,Turkey,0,2,Wales,907,Bakı Olimpiya Stadionu,Artur Manuel Ribeiro Soares Dias
3788754,2021-06-16,21:00:00.000,2,55,UEFA Euro,43,2020,Group Stage,914,Italy,3,0,Switzerland,773,Estadio Olímpico,Sergey Karasev
3788762,2021-06-19,21:00:00.000,2,55,UEFA Euro,43,2020,Group Stage,772,Spain,1,1,Poland,789,Estadio de La Cartuja,Daniele Orsato
3788747,2021-06-13,16:00:00.000,1,55,UEFA Euro,43,2020,Group Stage,915,Austria,3,1,North Macedonia,2358,Arena Naţională,Lars Christian Andreas Ekberg
3788741,2021-06-11,21:00:00.000,1,55,UEFA Euro,43,2020,Group Stage,909,Turkey,0,3,Italy,914,Estadio Olímpico,Danny Desmond Makkelie
3795109,2021-07-03,16:00:00.000,5,55,UEFA Euro,43,2020,Quarter-finals,912,Czech Republic,1,2,Denmark,776,Bakı Olimpiya Stadionu,Björn Kuipers
3788770,2021-06-21,18:00:00.000,3,55,UEFA Euro,43,2020,Group Stage,2358,North Macedonia,0,3,Netherlands,941,Johan Cruijff Arena (Amsterdam),Istvan Kovacs
3794688,2021-06-29,18:00:00.000,4,55,UEFA Euro,43,2020,Round of 16,768,England,2,0,Germany,770,Wembley Stadium,Danny Desmond Makkelie
3788774,2021-06-23,21:00:00.000,3,55,UEFA Euro,43,2020,Group Stage,770,Germany,2,2,Hungary,916,Allianz Arena,Sergey Karasev
3788771,2021-06-22,21:00:00.000,3,55,UEFA Euro,43,2020,Group Stage,785,Croatia,3,1,Scotland,942,Hampden Park,Fernando Andrés Rapallini
3788772,2021-06-22,21:00:00.000,3,55,UEFA Euro,43,2020,Group Stage,912,Czech Republic,0,1,England,768,Wembley Stadium,Artur Manuel Ribeiro Soares Dias
3788768,2021-06-21,19:00:00.000,3,55,UEFA Euro,43,2020,Group Stage,1835,Finland,0,2,Belgium,782,Saint-Petersburg Stadium ( Gazprom Arena ),Felix Brych
3788767,2021-06-21,16:00:00.000,3,55,UEFA Euro,43,2020,Group Stage,911,Ukraine,0,1,Austria,915,Arena Naţională,Cüneyt Çakιr
3788753,2021-06-16,13:00:00.000,2,55,UEFA Euro,43,2020,Group Stage,1835,Finland,0,1,Russia,796,Saint-Petersburg Stadium ( Gazprom Arena ),Danny Desmond Makkelie
3788759,2021-06-18,21:00:00.000,2,55,UEFA Euro,43,2020,Group Stage,768,England,0,0,Scotland,942,Wembley Stadium,Antonio Miguel Mateu Lahoz
3788757,2021-06-17,18:00:00.000,2,55,UEFA Euro,43,2020,Group Stage,776,Denmark,1,2,Belgium,782,Parken,Björn Kuipers
3788745,2021-06-13,15:00:00.000,1,55,UEFA Euro,43,2020,Group Stage,768,England,1,0,Croatia,785,Wembley Stadium,Daniele Orsato
3795221,2021-07-07,21:00:00.000,6,55,UEFA Euro,43,2020,Semi-finals,768,England,2,1,Denmark,776,Wembley Stadium,Danny Desmond Makkelie
3788746,2021-06-13,21:00:00.000,1,55,UEFA Euro,43,2020,Group Stage,941,Netherlands,3,2,Ukraine,911,Johan Cruijff Arena (Amsterdam),Felix Brych
3794691,2021-06-28,19:00:00.000,4,55,UEFA Euro,43,2020,Round of 16,771,France,3,3,Switzerland,773,Arena Naţională,Fernando Andrés Rapallini
3788756,2021-06-17,21:00:00.000,2,55,UEFA Euro,43,2020,Group Stage,941,Netherlands,2,0,Austria,915,Johan Cruijff Arena (Amsterdam),Orel Grinfeeld
3788749,2021-06-14,16:00:00.000,1,55,UEFA Euro,43,2020,Group Stage,789,Poland,1,2,Slovakia,908,Saint-Petersburg Stadium ( Gazprom Arena ),Ovidiu Alin Hațegan
3788750,2021-06-14,21:00:00.000,1,55,UEFA Euro,43,2020,Group Stage,772,Spain,0,0,Sweden,790,Estadio de La Cartuja,Slavko Vinčić
3788748,2021-06-14,15:00:00.000,1,55,UEFA Euro,43,2020,Group Stage,942,Scotland,0,2,Czech Republic,912,Hampden Park,Daniel Siebert
3788751,2021-06-15,21:00:00.000,1,55,UEFA Euro,43,2020,Group Stage,771,France,1,0,Germany,770,Allianz Arena,Carlos del Cerro Grande
3788752,2021-06-15,18:00:00.000,1,55,UEFA Euro,43,2020,Group Stage,916,Hungary,0,3,Portugal,780,Puskás Aréna,Cüneyt Çakιr
3788742,2021-06-12,18:00:00.000,1,55,UEFA Euro,43,2020,Group Stage,776,Denmark,0,1,Finland,1835,Parken,Anthony Taylor
3788775,2021-06-23,18:00:00.000,3,55,UEFA Euro,43,2020,Group Stage,908,Slovakia,0,5,Spain,772,Estadio de La Cartuja,Björn Kuipers
3788776,2021-06-23,16:00:00.000,3,55,UEFA Euro,43,2020,Group Stage,790,Sweden,3,2,Poland,789,Saint-Petersburg Stadium ( Gazprom Arena ),Michael Oliver
3788743,2021-06-12,19:00:00.000,1,55,UEFA Euro,43,2020,Group Stage,782,Belgium,3,0,Russia,796,Saint-Petersburg Stadium ( Gazprom Arena ),Antonio Miguel Mateu Lahoz
3788744,2021-06-12,13:00:00.000,1,55,UEFA Euro,43,2020,Group Stage,907,Wales,1,1,Switzerland,773,Bakı Olimpiya Stadionu,Clément Turpin
3802643,2022-04-29,21:00:00.000,35,7,Ligue 1,108,2021/2022,Regular Season,138,Strasbourg,3,3,Paris Saint-Germain,131,Stade de la Meinau ,Ruddy Buquet
3803000,2022-04-09,21:00:00.000,31,7,Ligue 1,108,2021/2022,Regular Season,152,Clermont Foot,1,6,Paris Saint-Germain,131,Stade Gabriel Montpied,Eric Wattellier
3802802,2022-01-23,21:45:00.000,22,7,Ligue 1,108,2021/2022,Regular Season,131,Paris Saint-Germain,4,0,Stade de Reims,156,Parc des Princes ,Eric Wattellier
3802696,2021-08-29,20:45:00.000,4,7,Ligue 1,108,2021/2022,Regular Season,156,Stade de Reims,0,2,Paris Saint-Germain,131,Stade Auguste-Delaune II ,François Letexier
3802699,2021-10-29,21:00:00.000,12,7,Ligue 1,108,2021/2022,Regular Season,131,Paris Saint-Germain,2,1,Lille,143,Parc des Princes ,Amaury Delerue
3802685,2021-12-04,22:00:00.000,17,7,Ligue 1,108,2021/2022,Regular Season,168,Lens,1,1,Paris Saint-Germain,131,Stade Bollaert-Delelis,François Letexier
3802665,2022-05-14,21:00:00.000,37,7,Ligue 1,108,2021/2022,Regular Season,139,Montpellier,0,4,Paris Saint-Germain,131,Stade de la Mosson ,Jeremy Stinat
3802752,2021-09-19,20:45:00.000,6,7,Ligue 1,108,2021/2022,Regular Season,131,Paris Saint-Germain,2,1,Lyon,137,Parc des Princes ,Clément Turpin
3802809,2021-10-03,13:00:00.000,9,7,Ligue 1,108,2021/2022,Regular Season,134,Rennes,2,0,Paris Saint-Germain,131,Roazhon Park,Ruddy Buquet
3802676,2022-04-23,21:00:00.000,34,7,Ligue 1,108,2021/2022,Regular Season,131,Paris Saint-Germain,1,1,Lens,168,Parc des Princes ,Amaury Delerue
3802983,2022-04-17,18:45:00.000,32,7,Ligue 1,108,2021/2022,Regular Season,131,Paris Saint-Germain,2,1,Olympique de Marseille,147,Parc des Princes ,François Letexier
3802907,2022-02-06,21:45:00.000,23,7,Ligue 1,108,2021/2022,Regular Season,143,Lille,1,5,Paris Saint-Germain,131,Decathlon Arena – Stade Pierre-Mauroy,François Letexier
3802902,2021-10-24,18:45:00.000,11,7,Ligue 1,108,2021/2022,Regular Season,147,Olympique de Marseille,0,0,Paris Saint-Germain,131,Orange Vélodrome,Benoît Bastien
3802818,2022-04-03,20:45:00.000,30,7,Ligue 1,108,2021/2022,Regular Season,131,Paris Saint-Germain,5,1,Lorient,165,Parc des Princes ,Hakim Ben El Hadj Salem
3802683,2021-12-12,21:45:00.000,18,7,Ligue 1,108,2021/2022,Regular Season,131,Paris Saint-Germain,2,0,AS Monaco,129,Parc des Princes ,Benoît Bastien
3802690,2021-12-22,22:00:00.000,19,7,Ligue 1,108,2021/2022,Regular Season,165,Lorient,1,1,Paris Saint-Germain,131,Stade Yves Allainmat - du Moustoir,Jérémie Pignard
3802904,2022-03-13,14:00:00.000,28,7,Ligue 1,108,2021/2022,Regular Season,131,Paris Saint-Germain,3,0,Bordeaux,146,Parc des Princes ,François Letexier
3802837,2021-11-28,14:00:00.000,15,7,Ligue 1,108,2021/2022,Regular Season,135,Saint-Étienne,1,3,Paris Saint-Germain,131,Stade Geoffroy-Guichard ,Jérôme Brisard
3802984,2021-11-20,18:00:00.000,14,7,Ligue 1,108,2021/2022,Regular Season,131,Paris Saint-Germain,3,1,Nantes,144,Parc des Princes ,Jeremy Stinat
3802805,2022-03-05,22:00:00.000,27,7,Ligue 1,108,2021/2022,Regular Season,136,OGC Nice,1,0,Paris Saint-Germain,131,Allianz Riviera ,Willy Delajod
3802709,2022-02-26,22:00:00.000,26,7,Ligue 1,108,2021/2022,Regular Season,131,Paris Saint-Germain,3,1,Saint-Étienne,135,Parc des Princes ,Pierre Gaillouste
3802948,2022-05-21,21:00:00.000,38,7,Ligue 1,108,2021/2022,Regular Season,131,Paris Saint-Germain,5,0,Metz,141,Parc des Princes ,Antony Gautier
3802930,2022-05-08,20:45:00.000,36,7,Ligue 1,108,2021/2022,Regular Season,131,Paris Saint-Germain,2,2,Troyes,133,Parc des Princes ,Jérôme Brisard
3802793,2021-12-01,22:05:00.000,16,7,Ligue 1,108,2021/2022,Regular Season,131,Paris Saint-Germain,0,0,OGC Nice,136,Parc des Princes ,Clément Turpin
3802839,2022-02-19,22:00:00.000,25,7,Ligue 1,108,2021/2022,Regular Season,144,Nantes,3,1,Paris Saint-Germain,131,Stade de la Beaujoire - Louis Fonteneau,Mikael Lesage
3802795,2022-02-11,22:00:00.000,24,7,Ligue 1,108,2021/2022,Regular Season,131,Paris Saint-Germain,1,0,Rennes,134,Parc des Princes ,Benoît Bastien
3838017,2023-06-03,22:00:00.000,38,7,Ligue 1,235,2022/2023,Regular Season,131,Paris Saint-Germain,2,3,Clermont Foot,152,Parc des Princes ,Thomas Léonard
3837987,2023-05-13,22:00:00.000,35,7,Ligue 1,235,2022/2023,Regular Season,131,Paris Saint-Germain,5,0,AC Ajaccio,158,Parc des Princes ,Pierre Gaillouste
3837928,2023-04-02,20:45:00.000,29,7,Ligue 1,235,2022/2023,Regular Season,131,Paris Saint-Germain,0,1,Lyon,137,Parc des Princes ,François Letexier
3837918,2023-03-19,18:05:00.000,28,7,Ligue 1,235,2022/2023,Regular Season,131,Paris Saint-Germain,0,2,Rennes,134,Parc des Princes ,Willy Delajod
3837902,2023-03-11,22:00:00.000,27,7,Ligue 1,235,2022/2023,Regular Season,153,Stade Brestois,1,2,Paris Saint-Germain,131,Stade Francis-Le Blé,Marc Bollengier
3837885,2023-02-26,19:45:00.000,25,7,Ligue 1,235,2022/2023,Regular Season,147,Olympique de Marseille,0,3,Paris Saint-Germain,131,Orange Vélodrome,Clément Turpin
3837876,2023-02-19,14:00:00.000,24,7,Ligue 1,235,2022/2023,Regular Season,131,Paris Saint-Germain,4,3,Lille,143,Parc des Princes ,Willy Delajod
3837839,2023-01-29,21:45:00.000,20,7,Ligue 1,235,2022/2023,Regular Season,131,Paris Saint-Germain,1,1,Stade de Reims,156,Parc des Princes ,Ruddy Buquet
3837827,2023-01-15,21:45:00.000,19,7,Ligue 1,235,2022/2023,Regular Season,134,Rennes,1,0,Paris Saint-Germain,131,Roazhon Park,Benoît Bastien
3837818,2023-01-11,22:00:00.000,18,7,Ligue 1,235,2022/2023,Regular Season,131,Paris Saint-Germain,2,0,Angers,145,Parc des Princes ,Eric Wattellier
3837785,2022-11-13,14:00:00.000,15,7,Ligue 1,235,2022/2023,Regular Season,131,Paris Saint-Germain,5,0,Auxerre,167,Parc des Princes ,Thomas Léonard
3837747,2022-10-16,20:45:00.000,11,7,Ligue 1,235,2022/2023,Regular Season,131,Paris Saint-Germain,1,0,Olympique de Marseille,147,Parc des Princes ,Clément Turpin
3837680,2022-08-28,20:45:00.000,4,7,Ligue 1,235,2022/2023,Regular Season,131,Paris Saint-Germain,1,1,AS Monaco,129,Parc des Princes ,Benoît Bastien
3837659,2022-08-13,21:00:00.000,2,7,Ligue 1,235,2022/2023,Regular Season,131,Paris Saint-Germain,5,2,Montpellier,139,Parc des Princes ,Willy Delajod
3837650,2022-08-06,21:00:00.000,1,7,Ligue 1,235,2022/2023,Regular Season,152,Clermont Foot,0,5,Paris Saint-Germain,131,Stade Gabriel Montpied,Jeremy Stinat
3838004,2023-05-27,22:00:00.000,37,7,Ligue 1,235,2022/2023,Regular Season,138,Strasbourg,1,1,Paris Saint-Germain,131,Stade de la Meinau ,Jérôme Brisard
3837998,2023-05-21,21:45:00.000,36,7,Ligue 1,235,2022/2023,Regular Season,167,Auxerre,1,2,Paris Saint-Germain,131,Stade de l''Abbé Deschamps,Benoît Bastien
3837963,2023-04-30,18:05:00.000,33,7,Ligue 1,235,2022/2023,Regular Season,131,Paris Saint-Germain,1,3,Lorient,165,Parc des Princes ,Jérôme Brisard
3837954,2023-04-21,21:00:00.000,32,7,Ligue 1,235,2022/2023,Regular Season,145,Angers,1,2,Paris Saint-Germain,131,Stade Raymond-Kopa,Eric Wattellier
3837947,2023-04-15,21:00:00.000,31,7,Ligue 1,235,2022/2023,Regular Season,131,Paris Saint-Germain,3,1,Lens,168,Parc des Princes ,Willy Delajod
3837938,2023-04-08,21:00:00.000,30,7,Ligue 1,235,2022/2023,Regular Season,136,OGC Nice,0,2,Paris Saint-Germain,131,Allianz Riviera ,Jérémie Pignard
3837896,2023-03-04,22:00:00.000,26,7,Ligue 1,235,2022/2023,Regular Season,131,Paris Saint-Germain,4,2,Nantes,144,Parc des Princes ,Jeremy Stinat
3837859,2023-02-04,18:00:00.000,22,7,Ligue 1,235,2022/2023,Regular Season,131,Paris Saint-Germain,2,1,Toulouse,130,Parc des Princes ,Bastien Dechepy
3837844,2023-02-01,22:00:00.000,21,7,Ligue 1,235,2022/2023,Regular Season,139,Montpellier,1,3,Paris Saint-Germain,131,Stade de la Mosson ,Jérémie Pignard
3837771,2022-10-29,17:00:00.000,13,7,Ligue 1,235,2022/2023,Regular Season,131,Paris Saint-Germain,4,3,Troyes,133,Parc des Princes ,Eric Wattellier
3837752,2022-10-21,21:00:00.000,12,7,Ligue 1,235,2022/2023,Regular Season,158,AC Ajaccio,0,3,Paris Saint-Germain,131,Stade Michel-Moretti,Johan Hamel
3837727,2022-10-01,21:00:00.000,9,7,Ligue 1,235,2022/2023,Regular Season,131,Paris Saint-Germain,2,1,OGC Nice,136,Parc des Princes ,Jérôme Brisard
3837717,2022-09-18,20:45:00.000,8,7,Ligue 1,235,2022/2023,Regular Season,137,Lyon,0,1,Paris Saint-Germain,131,Groupama Stadium,François Letexier
3837706,2022-09-10,17:00:00.000,7,7,Ligue 1,235,2022/2023,Regular Season,131,Paris Saint-Germain,1,0,Stade Brestois,153,Parc des Princes ,Jérémie Pignard
3837695,2022-09-03,21:00:00.000,6,7,Ligue 1,235,2022/2023,Regular Season,144,Nantes,0,3,Paris Saint-Germain,131,Stade de la Beaujoire - Louis Fonteneau,Pierre Gaillouste
3837683,2022-08-31,21:00:00.000,5,7,Ligue 1,235,2022/2023,Regular Season,130,Toulouse,0,3,Paris Saint-Germain,131,Stadium de Toulouse,Hakim Ben El Hadj Salem
3837662,2022-08-21,20:45:00.000,3,7,Ligue 1,235,2022/2023,Regular Season,143,Lille,1,7,Paris Saint-Germain,131,Decathlon Arena – Stade Pierre-Mauroy,Clément Turpin
3901259,2016-05-14,19:00:00.000,38,7,Ligue 1,27,2015/2016,Regular Season,133,Troyes,1,1,Olympique de Marseille,147,Stade de l''Aube,François Letexier
3900533,2015-12-02,18:00:00.000,16,7,Ligue 1,27,2015/2016,Regular Season,129,AS Monaco,1,1,Stade Malherbe Caen,140,Stade Louis II,Stéphane Lannoy
3900528,2015-11-29,16:00:00.000,15,7,Ligue 1,27,2015/2016,Regular Season,146,Bordeaux,1,4,Stade Malherbe Caen,140,Stade Matmut Atlantique,Tony Chapron
3900629,2016-02-07,20:00:00.000,25,7,Ligue 1,27,2015/2016,Regular Season,147,Olympique de Marseille,1,2,Paris Saint-Germain,131,Orange Vélodrome,Ruddy Buquet
3829509,2015-10-18,12:00:00.000,10,7,Ligue 1,27,2015/2016,Regular Season,147,Olympique de Marseille,1,1,Lorient,165,Orange Vélodrome,Sébastien Moreira
3901251,2016-05-07,19:00:00.000,37,7,Ligue 1,27,2015/2016,Regular Season,147,Olympique de Marseille,1,0,Stade de Reims,156,Orange Vélodrome,Nicolas Rainville
3829499,2015-10-04,15:00:00.000,9,7,Ligue 1,27,2015/2016,Regular Season,140,Stade Malherbe Caen,1,0,Saint-Étienne,135,Stade Michel d''Ornano,Johan Hamel
3900507,2015-11-08,16:00:00.000,13,7,Ligue 1,27,2015/2016,Regular Season,147,Olympique de Marseille,0,1,OGC Nice,136,Orange Vélodrome,Antony Gautier
3900527,2015-11-29,20:00:00.000,15,7,Ligue 1,27,2015/2016,Regular Season,147,Olympique de Marseille,3,3,AS Monaco,129,Orange Vélodrome,Clément Turpin
3901162,2016-03-04,19:30:00.000,29,7,Ligue 1,27,2015/2016,Regular Season,140,Stade Malherbe Caen,2,2,AS Monaco,129,Stade Michel d''Ornano,Clément Turpin
3900608,2016-01-31,13:00:00.000,23,7,Ligue 1,27,2015/2016,Regular Season,140,Stade Malherbe Caen,2,0,OGC Nice,136,Stade Michel d''Ornano,Stéphane Lannoy
3900589,2016-01-17,16:00:00.000,21,7,Ligue 1,27,2015/2016,Regular Season,140,Stade Malherbe Caen,1,3,Olympique de Marseille,147,Stade Michel d''Ornano,Amaury Delerue
3901169,2016-03-06,13:00:00.000,29,7,Ligue 1,27,2015/2016,Regular Season,147,Olympique de Marseille,1,1,Toulouse,130,Orange Vélodrome,Benoît Millot
3901241,2016-04-30,17:00:00.000,36,7,Ligue 1,27,2015/2016,Regular Season,140,Stade Malherbe Caen,0,0,Bastia,2736,Stade Michel d''Ornano,Jérôme Miguelgorry
3900577,2016-01-10,20:00:00.000,20,7,Ligue 1,27,2015/2016,Regular Season,147,Olympique de Marseille,0,0,Guingamp,142,Orange Vélodrome,Fredy Fautrel
3901152,2016-02-21,16:00:00.000,27,7,Ligue 1,27,2015/2016,Regular Season,140,Stade Malherbe Caen,1,0,Rennes,134,Stade Michel d''Ornano,Tony Chapron
3900559,2015-12-13,16:00:00.000,18,7,Ligue 1,27,2015/2016,Regular Season,147,Olympique de Marseille,1,1,Gazélec Ajaccio,160,Orange Vélodrome,Nicolas Rainville
3900562,2015-12-19,16:00:00.000,19,7,Ligue 1,27,2015/2016,Regular Season,140,Stade Malherbe Caen,0,3,Paris Saint-Germain,131,Stade Michel d''Ornano,Lionel Jaffredo
3829472,2015-09-20,19:00:00.000,6,7,Ligue 1,27,2015/2016,Regular Season,147,Olympique de Marseille,1,1,Lyon,137,Orange Vélodrome,Ruddy Buquet
3829444,2015-08-29,15:00:00.000,4,7,Ligue 1,27,2015/2016,Regular Season,140,Stade Malherbe Caen,0,4,Lyon,137,Stade Michel d''Ornano,Nicolas Rainville
3829414,2015-08-08,19:00:00.000,1,7,Ligue 1,27,2015/2016,Regular Season,147,Olympique de Marseille,0,1,Stade Malherbe Caen,140,Orange Vélodrome,Frank Schneider
3901190,2016-03-19,19:00:00.000,31,7,Ligue 1,27,2015/2016,Regular Season,140,Stade Malherbe Caen,2,1,Troyes,133,Stade Michel d''Ornano,Lionel Jaffredo
3829441,2015-08-23,19:00:00.000,3,7,Ligue 1,27,2015/2016,Regular Season,147,Olympique de Marseille,6,0,Troyes,133,Orange Vélodrome,Tony Chapron
3829461,2015-09-13,19:00:00.000,5,7,Ligue 1,27,2015/2016,Regular Season,147,Olympique de Marseille,4,1,Bastia,2736,Orange Vélodrome,Nicolas Rainville
3901150,2016-02-21,13:00:00.000,27,7,Ligue 1,27,2015/2016,Regular Season,147,Olympique de Marseille,1,1,Saint-Étienne,135,Orange Vélodrome,Clément Turpin
3901199,2016-04-02,20:00:00.000,32,7,Ligue 1,27,2015/2016,Regular Season,134,Rennes,3,1,Stade de Reims,156,Roazhon Park,Saïd Ennjimi
3901178,2016-03-12,18:00:00.000,30,7,Ligue 1,27,2015/2016,Regular Season,165,Lorient,1,1,Olympique de Marseille,147,Stade Yves Allainmat - du Moustoir,Ruddy Buquet
3901260,2016-05-14,21:00:00.000,38,7,Ligue 1,27,2015/2016,Regular Season,165,Lorient,1,0,Gazélec Ajaccio,160,Stade Yves Allainmat - du Moustoir,Benoît Millot
3829470,2015-09-20,17:00:00.000,6,7,Ligue 1,27,2015/2016,Regular Season,135,Saint-Étienne,2,0,Nantes,144,Stade Geoffroy-Guichard ,Benoît Millot
3901263,2016-05-14,21:00:00.000,38,7,Ligue 1,27,2015/2016,Regular Season,134,Rennes,1,2,Bastia,2736,,Mikael Lesage
3900594,2016-01-23,21:00:00.000,22,7,Ligue 1,27,2015/2016,Regular Season,144,Nantes,2,2,Bordeaux,146,Stade de la Beaujoire - Louis Fonteneau,Tony Chapron
3900587,2016-01-17,22:00:00.000,21,7,Ligue 1,27,2015/2016,Regular Season,135,Saint-Étienne,1,0,Lyon,137,Stade Geoffroy-Guichard ,Clément Turpin
3900541,2015-12-05,21:00:00.000,17,7,Ligue 1,27,2015/2016,Regular Season,2736,Bastia,1,2,AS Monaco,129,Stade Armand-Césari,Ruddy Buquet
3900596,2016-01-23,21:00:00.000,22,7,Ligue 1,27,2015/2016,Regular Season,142,Guingamp,1,0,Bastia,2736,Stade du Roudourou,Mikael Lesage
3900591,2016-01-23,18:00:00.000,22,7,Ligue 1,27,2015/2016,Regular Season,131,Paris Saint-Germain,5,1,Angers,145,Parc des Princes ,Fredy Fautrel
3901188,2016-03-19,18:00:00.000,31,7,Ligue 1,27,2015/2016,Regular Season,135,Saint-Étienne,3,0,Montpellier,139,Stade Geoffroy-Guichard ,Jérôme Miguelgorry
3901184,2016-03-18,19:30:00.000,31,7,Ligue 1,27,2015/2016,Regular Season,147,Olympique de Marseille,2,5,Rennes,134,Orange Vélodrome,Sébastien Moreira
3901182,2016-03-13,18:00:00.000,30,7,Ligue 1,27,2015/2016,Regular Season,144,Nantes,2,0,Angers,145,Stade de la Beaujoire - Louis Fonteneau,Benoît Bastien
3901170,2016-03-06,18:00:00.000,29,7,Ligue 1,27,2015/2016,Regular Season,134,Rennes,4,1,Nantes,144,,Ruddy Buquet
3901166,2016-03-05,18:00:00.000,29,7,Ligue 1,27,2015/2016,Regular Season,131,Paris Saint-Germain,0,0,Montpellier,139,Parc des Princes ,Tony Chapron
3901168,2016-03-05,21:00:00.000,29,7,Ligue 1,27,2015/2016,Regular Season,143,Lille,2,0,Stade de Reims,156,Decathlon Arena – Stade Pierre-Mauroy,Mikael Lesage
3900601,2016-01-30,21:00:00.000,23,7,Ligue 1,27,2015/2016,Regular Season,160,Gazélec Ajaccio,0,4,Montpellier,139,Stade Ange Casanova (Ajaccio),Bartolomeu Varela Teles
3901262,2016-05-14,19:00:00.000,38,7,Ligue 1,27,2015/2016,Regular Season,140,Stade Malherbe Caen,1,0,Bordeaux,146,Stade Michel d''Ornano,Tony Chapron
3901261,2016-05-14,21:00:00.000,38,7,Ligue 1,27,2015/2016,Regular Season,131,Paris Saint-Germain,4,0,Nantes,144,Parc des Princes ,Lionel Jaffredo
3901258,2016-05-14,21:00:00.000,38,7,Ligue 1,27,2015/2016,Regular Season,142,Guingamp,2,3,OGC Nice,136,Stade du Roudourou,Ruddy Buquet
3901257,2016-05-14,21:00:00.000,38,7,Ligue 1,27,2015/2016,Regular Season,135,Saint-Étienne,0,1,Lille,143,Stade Geoffroy-Guichard ,Clément Turpin
3901256,2016-05-14,21:00:00.000,38,7,Ligue 1,27,2015/2016,Regular Season,129,AS Monaco,2,0,Montpellier,139,Stade Louis II,Benoît Bastien
3901255,2016-05-14,21:00:00.000,38,7,Ligue 1,27,2015/2016,Regular Season,145,Angers,2,3,Toulouse,130,Stade Raymond-Kopa,Fredy Fautrel
3901254,2016-05-14,21:00:00.000,38,7,Ligue 1,27,2015/2016,Regular Season,156,Stade de Reims,4,1,Lyon,137,Stade Auguste-Delaune II ,Amaury Delerue
3901253,2016-05-11,20:30:00.000,35,7,Ligue 1,27,2015/2016,Regular Season,146,Bordeaux,1,1,Paris Saint-Germain,131,Stade Matmut Atlantique,François Letexier
3901252,2016-05-07,21:00:00.000,37,7,Ligue 1,27,2015/2016,Regular Season,137,Lyon,6,1,AS Monaco,129,Groupama Stadium,Ruddy Buquet
3901250,2016-05-07,21:00:00.000,37,7,Ligue 1,27,2015/2016,Regular Season,136,OGC Nice,2,0,Saint-Étienne,135,Allianz Riviera ,Benoît Millot
3901249,2016-05-07,21:00:00.000,37,7,Ligue 1,27,2015/2016,Regular Season,139,Montpellier,2,0,Rennes,134,Stade de la Mosson ,Sébastien Moreira
3901248,2016-05-07,21:00:00.000,37,7,Ligue 1,27,2015/2016,Regular Season,143,Lille,0,0,Guingamp,142,Decathlon Arena – Stade Pierre-Mauroy,Amaury Delerue
3901247,2016-05-07,21:00:00.000,37,7,Ligue 1,27,2015/2016,Regular Season,160,Gazélec Ajaccio,0,4,Paris Saint-Germain,131,Stade Ange Casanova (Ajaccio),Mikael Lesage
3901246,2016-05-07,21:00:00.000,37,7,Ligue 1,27,2015/2016,Regular Season,144,Nantes,1,2,Stade Malherbe Caen,140,Stade de la Beaujoire - Louis Fonteneau,Johan Hamel
3901245,2016-05-07,21:00:00.000,37,7,Ligue 1,27,2015/2016,Regular Season,146,Bordeaux,3,0,Lorient,165,Stade Matmut Atlantique,Stéphane Jochem
3901244,2016-05-07,21:00:00.000,37,7,Ligue 1,27,2015/2016,Regular Season,130,Toulouse,1,0,Troyes,133,Stadium de Toulouse,Antony Gautier
3901243,2016-05-07,21:00:00.000,37,7,Ligue 1,27,2015/2016,Regular Season,2736,Bastia,1,0,Angers,145,Stade Armand-Césari,Stéphane Lannoy
3901242,2016-05-01,17:00:00.000,36,7,Ligue 1,27,2015/2016,Regular Season,145,Angers,0,1,Olympique de Marseille,147,Stade Raymond-Kopa,Tony Chapron
3901240,2016-04-30,19:00:00.000,36,7,Ligue 1,27,2015/2016,Regular Season,165,Lorient,0,1,Lille,143,Stade Yves Allainmat - du Moustoir,Benoît Bastien
3901238,2016-04-30,19:00:00.000,36,7,Ligue 1,27,2015/2016,Regular Season,129,AS Monaco,3,2,Guingamp,142,Stade Louis II,Clément Turpin
3901237,2016-04-30,17:00:00.000,36,7,Ligue 1,27,2015/2016,Regular Season,135,Saint-Étienne,0,0,Toulouse,130,Stade Geoffroy-Guichard ,Lionel Jaffredo
3901236,2016-04-30,14:00:00.000,36,7,Ligue 1,27,2015/2016,Regular Season,144,Nantes,1,0,OGC Nice,136,Stade de la Beaujoire - Louis Fonteneau,Antony Gautier
3901235,2016-04-30,21:00:00.000,36,7,Ligue 1,27,2015/2016,Regular Season,137,Lyon,2,1,Gazélec Ajaccio,160,Groupama Stadium,Nicolas Rainville
3901234,2016-04-30,19:00:00.000,36,7,Ligue 1,27,2015/2016,Regular Season,156,Stade de Reims,2,3,Montpellier,139,Stade Auguste-Delaune II ,Fredy Fautrel
3901233,2016-04-29,20:30:00.000,36,7,Ligue 1,27,2015/2016,Regular Season,131,Paris Saint-Germain,4,0,Rennes,134,Parc des Princes ,Amaury Delerue
3901232,2016-04-27,18:30:00.000,35,7,Ligue 1,27,2015/2016,Regular Season,143,Lille,0,0,Angers,145,Decathlon Arena – Stade Pierre-Mauroy,Johan Hamel
3901231,2016-04-24,21:00:00.000,35,7,Ligue 1,27,2015/2016,Regular Season,134,Rennes,1,1,AS Monaco,129,,Fredy Fautrel
3901230,2016-04-24,17:00:00.000,35,7,Ligue 1,27,2015/2016,Regular Season,160,Gazélec Ajaccio,3,2,Bastia,2736,Stade Ange Casanova (Ajaccio),
3901229,2016-04-24,17:00:00.000,35,7,Ligue 1,27,2015/2016,Regular Season,142,Guingamp,1,1,Stade Malherbe Caen,140,Stade du Roudourou,
3901228,2016-04-24,17:00:00.000,35,7,Ligue 1,27,2015/2016,Regular Season,135,Saint-Étienne,2,0,Lorient,165,Stade Geoffroy-Guichard ,
3901227,2016-04-24,12:00:00.000,35,7,Ligue 1,27,2015/2016,Regular Season,147,Olympique de Marseille,1,1,Nantes,144,Orange Vélodrome,
3901226,2016-04-24,17:00:00.000,35,7,Ligue 1,27,2015/2016,Regular Season,139,Montpellier,4,1,Troyes,133,Stade de la Mosson ,Mikael Lesage
3901225,2016-04-23,17:30:00.000,35,7,Ligue 1,27,2015/2016,Regular Season,130,Toulouse,2,3,Lyon,137,Stadium de Toulouse,
3901224,2016-04-22,20:30:00.000,35,7,Ligue 1,27,2015/2016,Regular Season,136,OGC Nice,2,0,Stade de Reims,156,Allianz Riviera ,
3901223,2016-04-17,21:00:00.000,34,7,Ligue 1,27,2015/2016,Regular Season,129,AS Monaco,2,1,Olympique de Marseille,147,Stade Louis II,
3901222,2016-04-17,14:00:00.000,34,7,Ligue 1,27,2015/2016,Regular Season,144,Nantes,0,2,Montpellier,139,Stade de la Beaujoire - Louis Fonteneau,
3901221,2016-04-17,17:00:00.000,34,7,Ligue 1,27,2015/2016,Regular Season,134,Rennes,0,3,Guingamp,142,Roazhon Park,
3901220,2016-04-16,20:00:00.000,34,7,Ligue 1,27,2015/2016,Regular Season,2736,Bastia,0,1,Saint-Étienne,135,Stade Armand-Césari,
3901219,2016-04-16,20:00:00.000,34,7,Ligue 1,27,2015/2016,Regular Season,165,Lorient,1,1,Toulouse,130,Stade Yves Allainmat - du Moustoir,Stéphane Lannoy
3901218,2016-04-16,20:00:00.000,34,7,Ligue 1,27,2015/2016,Regular Season,146,Bordeaux,1,3,Angers,145,Stade Matmut Atlantique,
3901217,2016-04-16,20:00:00.000,34,7,Ligue 1,27,2015/2016,Regular Season,133,Troyes,2,1,Stade de Reims,156,Stade de l''Aube,
3901216,2016-04-16,17:00:00.000,34,7,Ligue 1,27,2015/2016,Regular Season,131,Paris Saint-Germain,6,0,Stade Malherbe Caen,140,Parc des Princes ,
3901215,2016-04-16,20:00:00.000,34,7,Ligue 1,27,2015/2016,Regular Season,160,Gazélec Ajaccio,2,4,Lille,143,Stade Ange Casanova (Ajaccio),
3901214,2016-04-15,20:30:00.000,34,7,Ligue 1,27,2015/2016,Regular Season,137,Lyon,1,1,OGC Nice,136,Groupama Stadium,
3901213,2016-04-10,17:00:00.000,33,7,Ligue 1,27,2015/2016,Regular Season,136,OGC Nice,3,0,Rennes,134,Allianz Riviera ,Clément Turpin
3901212,2016-04-10,14:00:00.000,33,7,Ligue 1,27,2015/2016,Regular Season,143,Lille,4,1,AS Monaco,129,Decathlon Arena – Stade Pierre-Mauroy,
3901211,2016-04-10,19:00:00.000,33,7,Ligue 1,27,2015/2016,Regular Season,147,Olympique de Marseille,0,0,Bordeaux,146,Orange Vélodrome,
3901210,2016-04-09,20:00:00.000,33,7,Ligue 1,27,2015/2016,Regular Season,135,Saint-Étienne,1,0,Troyes,133,Stade Geoffroy-Guichard ,
3901209,2016-04-09,20:00:00.000,33,7,Ligue 1,27,2015/2016,Regular Season,145,Angers,0,0,Gazélec Ajaccio,160,Stade Raymond-Kopa,
3901208,2016-04-09,17:00:00.000,33,7,Ligue 1,27,2015/2016,Regular Season,142,Guingamp,0,2,Paris Saint-Germain,131,Stade du Roudourou,
3901207,2016-04-09,20:00:00.000,33,7,Ligue 1,27,2015/2016,Regular Season,156,Stade de Reims,2,1,Nantes,144,Stade Auguste-Delaune II ,
3901206,2016-04-09,20:00:00.000,33,7,Ligue 1,27,2015/2016,Regular Season,130,Toulouse,4,0,Bastia,2736,Stadium de Toulouse,
3901205,2016-04-09,18:00:00.000,33,7,Ligue 1,27,2015/2016,Regular Season,140,Stade Malherbe Caen,1,2,Lorient,165,Stade Michel d''Ornano,Tony Chapron
3901204,2016-04-08,20:30:00.000,33,7,Ligue 1,27,2015/2016,Regular Season,139,Montpellier,0,2,Lyon,137,Stade de la Mosson ,
3901203,2016-04-03,14:00:00.000,32,7,Ligue 1,27,2015/2016,Regular Season,144,Nantes,0,3,Lille,143,Stade de la Beaujoire - Louis Fonteneau,
3901202,2016-04-03,21:00:00.000,32,7,Ligue 1,27,2015/2016,Regular Season,165,Lorient,1,3,Lyon,137,Stade Yves Allainmat - du Moustoir,
3901201,2016-04-03,17:00:00.000,32,7,Ligue 1,27,2015/2016,Regular Season,2736,Bastia,2,1,Olympique de Marseille,147,Stade Armand-Césari,
3901200,2016-04-02,20:00:00.000,32,7,Ligue 1,27,2015/2016,Regular Season,130,Toulouse,2,0,Stade Malherbe Caen,140,Stadium de Toulouse,
3901198,2016-04-02,20:00:00.000,32,7,Ligue 1,27,2015/2016,Regular Season,133,Troyes,0,1,Angers,145,Stade de l''Aube,
3901197,2016-04-02,20:00:00.000,32,7,Ligue 1,27,2015/2016,Regular Season,142,Guingamp,2,2,Montpellier,139,Stade du Roudourou,Ruddy Buquet
3901196,2016-04-02,17:00:00.000,32,7,Ligue 1,27,2015/2016,Regular Season,131,Paris Saint-Germain,4,1,OGC Nice,136,Parc des Princes ,Mikael Lesage
3901195,2016-04-02,20:00:00.000,32,7,Ligue 1,27,2015/2016,Regular Season,160,Gazélec Ajaccio,0,2,Saint-Étienne,135,Stade Ange Casanova (Ajaccio),
3901194,2016-04-01,20:30:00.000,32,7,Ligue 1,27,2015/2016,Regular Season,129,AS Monaco,1,2,Bordeaux,146,Stade Louis II,Benoît Bastien
3901193,2016-03-20,22:00:00.000,31,7,Ligue 1,27,2015/2016,Regular Season,131,Paris Saint-Germain,0,2,AS Monaco,129,Parc des Princes ,Antony Gautier
3901192,2016-03-20,15:00:00.000,31,7,Ligue 1,27,2015/2016,Regular Season,146,Bordeaux,1,1,Bastia,2736,Stade Matmut Atlantique,Tony Chapron
3901191,2016-03-20,18:00:00.000,31,7,Ligue 1,27,2015/2016,Regular Season,136,OGC Nice,3,0,Gazélec Ajaccio,160,Allianz Riviera ,Nicolas Rainville
3901189,2016-03-19,21:00:00.000,31,7,Ligue 1,27,2015/2016,Regular Season,143,Lille,1,0,Toulouse,130,Decathlon Arena – Stade Pierre-Mauroy,Bartolomeu Varela Teles
3901187,2016-03-19,21:00:00.000,31,7,Ligue 1,27,2015/2016,Regular Season,145,Angers,5,1,Lorient,165,Stade Raymond-Kopa,Johan Hamel
3901186,2016-03-19,22:00:00.000,31,7,Ligue 1,27,2015/2016,Regular Season,137,Lyon,2,0,Nantes,144,Groupama Stadium,Benoît Millot
3901185,2016-03-19,21:00:00.000,31,7,Ligue 1,27,2015/2016,Regular Season,156,Stade de Reims,0,1,Guingamp,142,Stade Auguste-Delaune II ,Frank Schneider
3901183,2016-03-13,15:00:00.000,30,7,Ligue 1,27,2015/2016,Regular Season,133,Troyes,0,9,Paris Saint-Germain,131,Stade de l''Aube,François Letexier
3901181,2016-03-13,22:00:00.000,30,7,Ligue 1,27,2015/2016,Regular Season,134,Rennes,2,2,Lyon,137,,Frank Schneider
3901180,2016-03-12,21:00:00.000,30,7,Ligue 1,27,2015/2016,Regular Season,142,Guingamp,2,0,Saint-Étienne,135,Stade du Roudourou,Stéphane Jochem
3901179,2016-03-12,21:00:00.000,30,7,Ligue 1,27,2015/2016,Regular Season,160,Gazélec Ajaccio,1,0,Stade Malherbe Caen,140,Stade Ange Casanova (Ajaccio),Bartolomeu Varela Teles
3901177,2016-03-12,21:00:00.000,30,7,Ligue 1,27,2015/2016,Regular Season,2736,Bastia,1,2,Lille,143,Stade Armand-Césari,Saïd Ennjimi
3901176,2016-03-12,21:00:00.000,30,7,Ligue 1,27,2015/2016,Regular Season,130,Toulouse,4,0,Bordeaux,146,Stadium de Toulouse,Stéphane Lannoy
3901175,2016-03-12,21:00:00.000,30,7,Ligue 1,27,2015/2016,Regular Season,139,Montpellier,0,2,OGC Nice,136,Stade de la Mosson ,Lionel Jaffredo
3901174,2016-03-11,21:30:00.000,30,7,Ligue 1,27,2015/2016,Regular Season,129,AS Monaco,2,2,Stade de Reims,156,Stade Louis II,Benoît Millot
3901173,2016-03-09,19:30:00.000,28,7,Ligue 1,27,2015/2016,Regular Season,160,Gazélec Ajaccio,1,1,Olympique de Marseille,147,Stade Ange Casanova (Ajaccio),Stéphane Lannoy
3901172,2016-03-09,19:30:00.000,27,7,Ligue 1,27,2015/2016,Regular Season,2736,Bastia,0,0,Nantes,144,Stade Armand-Césari,Sébastien Moreira
3901171,2016-03-06,22:00:00.000,29,7,Ligue 1,27,2015/2016,Regular Season,137,Lyon,5,1,Guingamp,142,Groupama Stadium,Fredy Fautrel
3901167,2016-03-05,21:00:00.000,29,7,Ligue 1,27,2015/2016,Regular Season,2736,Bastia,0,0,Lorient,165,Stade Armand-Césari,Jérôme Miguelgorry
3901165,2016-03-05,21:00:00.000,29,7,Ligue 1,27,2015/2016,Regular Season,146,Bordeaux,1,1,Gazélec Ajaccio,160,Stade Matmut Atlantique,Johan Hamel
3901164,2016-03-05,21:00:00.000,29,7,Ligue 1,27,2015/2016,Regular Season,145,Angers,0,0,Saint-Étienne,135,Stade Raymond-Kopa,Antony Gautier
3901163,2016-03-05,21:00:00.000,29,7,Ligue 1,27,2015/2016,Regular Season,136,OGC Nice,2,1,Troyes,133,Allianz Riviera ,
3901161,2016-02-28,16:00:00.000,28,7,Ligue 1,27,2015/2016,Regular Season,135,Saint-Étienne,1,2,Stade Malherbe Caen,140,Stade Geoffroy-Guichard ,Frank Schneider
3901160,2016-02-28,15:00:00.000,28,7,Ligue 1,27,2015/2016,Regular Season,144,Nantes,0,0,AS Monaco,129,Stade de la Beaujoire - Louis Fonteneau,Mikael Lesage
3901159,2016-02-28,22:00:00.000,28,7,Ligue 1,27,2015/2016,Regular Season,137,Lyon,2,1,Paris Saint-Germain,131,Groupama Stadium,Lionel Jaffredo
3901158,2016-02-27,21:00:00.000,28,7,Ligue 1,27,2015/2016,Regular Season,130,Toulouse,1,2,Rennes,134,Stadium de Toulouse,Stéphane Jochem
3901157,2016-02-27,21:00:00.000,28,7,Ligue 1,27,2015/2016,Regular Season,156,Stade de Reims,4,1,Bordeaux,146,Stade Auguste-Delaune II ,François Letexier
3901156,2016-02-27,21:00:00.000,28,7,Ligue 1,27,2015/2016,Regular Season,142,Guingamp,2,2,Angers,145,Stade du Roudourou,Benoît Millot
3901155,2016-02-27,18:00:00.000,28,7,Ligue 1,27,2015/2016,Regular Season,139,Montpellier,3,0,Lille,143,Stade de la Mosson ,Hakim Ben El Hadj Salem
3901154,2016-02-27,21:00:00.000,28,7,Ligue 1,27,2015/2016,Regular Season,133,Troyes,0,1,Lorient,165,Stade de l''Aube,Saïd Ennjimi
3901153,2016-02-26,21:30:00.000,28,7,Ligue 1,27,2015/2016,Regular Season,136,OGC Nice,0,2,Bastia,2736,Allianz Riviera ,Antony Gautier
3901151,2016-02-21,22:00:00.000,27,7,Ligue 1,27,2015/2016,Regular Season,143,Lille,1,0,Lyon,137,Decathlon Arena – Stade Pierre-Mauroy,Benoît Bastien
3901149,2016-02-20,20:00:00.000,27,7,Ligue 1,27,2015/2016,Regular Season,129,AS Monaco,3,1,Troyes,133,Stade Louis II,Johan Hamel
3901148,2016-02-20,21:00:00.000,27,7,Ligue 1,27,2015/2016,Regular Season,165,Lorient,4,3,Guingamp,142,Stade Yves Allainmat - du Moustoir,Bartolomeu Varela Teles
3901147,2016-02-20,21:00:00.000,27,7,Ligue 1,27,2015/2016,Regular Season,130,Toulouse,1,1,Gazélec Ajaccio,160,Stadium de Toulouse,Fredy Fautrel
3901146,2016-02-20,18:00:00.000,27,7,Ligue 1,27,2015/2016,Regular Season,131,Paris Saint-Germain,4,1,Stade de Reims,156,Parc des Princes ,Jérôme Miguelgorry
3901145,2016-02-20,21:00:00.000,27,7,Ligue 1,27,2015/2016,Regular Season,145,Angers,2,3,Montpellier,139,Stade Raymond-Kopa,Sébastien Moreira
3901144,2016-02-19,21:30:00.000,27,7,Ligue 1,27,2015/2016,Regular Season,146,Bordeaux,0,0,OGC Nice,136,Stade Matmut Atlantique,Nicolas Rainville
3900602,2016-01-30,21:00:00.000,23,7,Ligue 1,27,2015/2016,Regular Season,165,Lorient,2,0,Stade de Reims,156,Stade Yves Allainmat - du Moustoir,Jérôme Miguelgorry
3829518,2015-10-25,17:00:00.000,11,7,Ligue 1,27,2015/2016,Regular Season,143,Lille,1,2,Olympique de Marseille,147,Decathlon Arena – Stade Pierre-Mauroy,Tony Chapron
3829479,2015-09-23,19:00:00.000,7,7,Ligue 1,27,2015/2016,Regular Season,165,Lorient,2,0,Stade Malherbe Caen,140,Stade Yves Allainmat - du Moustoir,Saïd Ennjimi
3829478,2015-09-23,19:00:00.000,7,7,Ligue 1,27,2015/2016,Regular Season,160,Gazélec Ajaccio,1,1,Rennes,134,Stade Ange Casanova (Ajaccio),Fredy Fautrel
3829519,2015-10-25,21:00:00.000,11,7,Ligue 1,27,2015/2016,Regular Season,131,Paris Saint-Germain,4,1,Saint-Étienne,135,Parc des Princes ,Clément Turpin
3829416,2015-08-08,21:00:00.000,1,7,Ligue 1,27,2015/2016,Regular Season,136,OGC Nice,1,2,AS Monaco,129,Allianz Riviera ,Lionel Jaffredo
3829459,2015-09-12,20:00:00.000,5,7,Ligue 1,27,2015/2016,Regular Season,136,OGC Nice,0,1,Guingamp,142,Allianz Riviera ,Tony Chapron
3900636,2016-02-13,21:00:00.000,26,7,Ligue 1,27,2015/2016,Regular Season,144,Nantes,2,1,Lorient,165,Stade de la Beaujoire - Louis Fonteneau,Antony Gautier
3900633,2016-02-13,21:00:00.000,26,7,Ligue 1,27,2015/2016,Regular Season,160,Gazélec Ajaccio,2,3,Troyes,133,Stade Ange Casanova (Ajaccio),Nicolas Rainville
3900628,2016-02-07,15:00:00.000,25,7,Ligue 1,27,2015/2016,Regular Season,143,Lille,1,1,Rennes,134,Decathlon Arena – Stade Pierre-Mauroy,Johan Hamel
3900627,2016-02-07,18:00:00.000,25,7,Ligue 1,27,2015/2016,Regular Season,146,Bordeaux,1,4,Saint-Étienne,135,Stade Matmut Atlantique,Benoît Bastien
3900625,2016-02-06,15:00:00.000,25,7,Ligue 1,27,2015/2016,Regular Season,129,AS Monaco,1,0,OGC Nice,136,Stade Louis II,Tony Chapron
3900624,2016-02-06,18:00:00.000,25,7,Ligue 1,27,2015/2016,Regular Season,145,Angers,0,3,Lyon,137,Stade Raymond-Kopa,Frank Schneider
3900616,2016-02-03,20:00:00.000,24,7,Ligue 1,27,2015/2016,Regular Season,137,Lyon,3,0,Bordeaux,146,Groupama Stadium,Fredy Fautrel
3900617,2016-02-03,20:00:00.000,24,7,Ligue 1,27,2015/2016,Regular Season,156,Stade de Reims,2,1,Angers,145,Stade Auguste-Delaune II ,Antony Gautier
3900609,2016-01-31,18:00:00.000,23,7,Ligue 1,27,2015/2016,Regular Season,146,Bordeaux,4,0,Rennes,134,Stade Matmut Atlantique,Mikael Lesage
3900604,2016-01-30,18:00:00.000,23,7,Ligue 1,27,2015/2016,Regular Season,145,Angers,3,0,AS Monaco,129,Stade Raymond-Kopa,Ruddy Buquet
3900605,2016-01-30,21:00:00.000,23,7,Ligue 1,27,2015/2016,Regular Season,2736,Bastia,1,0,Lyon,137,Stade Armand-Césari,Benoît Millot
3900603,2016-01-30,21:00:00.000,23,7,Ligue 1,27,2015/2016,Regular Season,130,Toulouse,1,2,Guingamp,142,Stadium de Toulouse,Sébastien Moreira
3900606,2016-01-30,21:00:00.000,23,7,Ligue 1,27,2015/2016,Regular Season,133,Troyes,0,1,Nantes,144,Stade de l''Aube,Johan Hamel
3900600,2016-01-29,19:30:00.000,23,7,Ligue 1,27,2015/2016,Regular Season,147,Olympique de Marseille,1,1,Lille,143,Orange Vélodrome,Benoît Bastien
3900598,2016-01-24,15:00:00.000,22,7,Ligue 1,27,2015/2016,Regular Season,129,AS Monaco,4,0,Toulouse,130,Stade Louis II,Hakim Ben El Hadj Salem
3900597,2016-01-24,20:00:00.000,22,7,Ligue 1,27,2015/2016,Regular Season,137,Lyon,1,1,Olympique de Marseille,147,Groupama Stadium,Antony Gautier
3900599,2016-01-24,18:00:00.000,22,7,Ligue 1,27,2015/2016,Regular Season,156,Stade de Reims,1,1,Saint-Étienne,135,Stade Auguste-Delaune II ,Ruddy Buquet
3900592,2016-01-23,19:00:00.000,22,7,Ligue 1,27,2015/2016,Regular Season,139,Montpellier,1,2,Stade Malherbe Caen,140,Stade de la Mosson ,François Letexier
3900595,2016-01-23,21:00:00.000,22,7,Ligue 1,27,2015/2016,Regular Season,136,OGC Nice,2,1,Lorient,165,Allianz Riviera ,Stéphane Jochem
3900593,2016-01-23,21:00:00.000,22,7,Ligue 1,27,2015/2016,Regular Season,143,Lille,1,3,Troyes,133,Decathlon Arena – Stade Pierre-Mauroy,Nicolas Rainville
3900590,2016-01-22,21:30:00.000,22,7,Ligue 1,27,2015/2016,Regular Season,134,Rennes,1,0,Gazélec Ajaccio,160,Roazhon Park,Sébastien Moreira
3900588,2016-01-17,15:00:00.000,21,7,Ligue 1,27,2015/2016,Regular Season,165,Lorient,0,2,AS Monaco,129,Stade Yves Allainmat - du Moustoir,Benoît Bastien
3900586,2016-01-16,21:00:00.000,21,7,Ligue 1,27,2015/2016,Regular Season,142,Guingamp,2,2,Nantes,144,Stade du Roudourou,Antony Gautier
3900584,2016-01-16,21:00:00.000,21,7,Ligue 1,27,2015/2016,Regular Season,2736,Bastia,1,0,Montpellier,139,Stade Armand-Césari,Frank Schneider
3900582,2016-01-16,21:00:00.000,21,7,Ligue 1,27,2015/2016,Regular Season,160,Gazélec Ajaccio,2,2,Stade de Reims,156,Stade Ange Casanova (Ajaccio),Johan Hamel
3900583,2016-01-16,21:00:00.000,21,7,Ligue 1,27,2015/2016,Regular Season,133,Troyes,2,4,Rennes,134,Stade de l''Aube,Saïd Ennjimi
3900585,2016-01-16,18:00:00.000,21,7,Ligue 1,27,2015/2016,Regular Season,130,Toulouse,0,1,Paris Saint-Germain,131,Stadium de Toulouse,Bartolomeu Varela Teles
3900570,2016-01-08,21:30:00.000,20,7,Ligue 1,27,2015/2016,Regular Season,131,Paris Saint-Germain,2,0,Bastia,2736,Parc des Princes ,Sébastien Moreira
3900567,2015-12-20,20:00:00.000,19,7,Ligue 1,27,2015/2016,Regular Season,146,Bordeaux,1,1,Olympique de Marseille,147,Stade Matmut Atlantique,Benoît Bastien
3900568,2015-12-20,18:00:00.000,19,7,Ligue 1,27,2015/2016,Regular Season,160,Gazélec Ajaccio,2,1,Lyon,137,Stade Ange Casanova (Ajaccio),Amaury Delerue
3900549,2015-12-06,22:00:00.000,17,7,Ligue 1,27,2015/2016,Regular Season,135,Saint-Étienne,1,1,Rennes,134,Stade Geoffroy-Guichard ,Nicolas Rainville
3900548,2015-12-06,18:00:00.000,17,7,Ligue 1,27,2015/2016,Regular Season,146,Bordeaux,1,0,Guingamp,142,Stade Matmut Atlantique,Clément Turpin
3900547,2015-12-06,13:00:00.000,17,7,Ligue 1,27,2015/2016,Regular Season,147,Olympique de Marseille,2,2,Montpellier,139,Orange Vélodrome,Bartolomeu Varela Teles
3900545,2015-12-05,18:00:00.000,17,7,Ligue 1,27,2015/2016,Regular Season,137,Lyon,0,2,Angers,145,Stade de Gerland,Lionel Jaffredo
3900546,2015-12-05,21:00:00.000,17,7,Ligue 1,27,2015/2016,Regular Season,160,Gazélec Ajaccio,1,1,Nantes,144,Stade Ange Casanova (Ajaccio),Wilfried Bien
3900544,2015-12-05,21:00:00.000,17,7,Ligue 1,27,2015/2016,Regular Season,130,Toulouse,2,3,Lorient,165,Stadium de Toulouse,Stéphane Jochem
3900540,2015-12-04,21:30:00.000,17,7,Ligue 1,27,2015/2016,Regular Season,136,OGC Nice,0,3,Paris Saint-Germain,131,Allianz Riviera ,Antony Gautier
3900539,2015-12-03,20:00:00.000,16,7,Ligue 1,27,2015/2016,Regular Season,134,Rennes,0,1,Olympique de Marseille,147,Roazhon Park,Tony Chapron
3900538,2015-12-02,20:00:00.000,16,7,Ligue 1,27,2015/2016,Regular Season,142,Guingamp,1,2,Stade de Reims,156,Stade du Roudourou,Johan Hamel
3900537,2015-12-02,20:00:00.000,16,7,Ligue 1,27,2015/2016,Regular Season,133,Troyes,0,3,Toulouse,130,Stade de l''Aube,Sébastien Moreira
3900536,2015-12-02,20:00:00.000,16,7,Ligue 1,27,2015/2016,Regular Season,139,Montpellier,0,2,Gazélec Ajaccio,160,Stade de la Mosson ,Hakim Ben El Hadj Salem
3900534,2015-12-02,20:00:00.000,16,7,Ligue 1,27,2015/2016,Regular Season,2736,Bastia,1,0,Bordeaux,146,Stade Armand-Césari,Fredy Fautrel
3900535,2015-12-02,22:00:00.000,16,7,Ligue 1,27,2015/2016,Regular Season,143,Lille,1,0,Saint-Étienne,135,Decathlon Arena – Stade Pierre-Mauroy,Frank Schneider
3900530,2015-12-01,22:00:00.000,16,7,Ligue 1,27,2015/2016,Regular Season,144,Nantes,0,0,Lyon,137,Stade de la Beaujoire - Louis Fonteneau,Amaury Delerue
3900532,2015-12-01,20:00:00.000,16,7,Ligue 1,27,2015/2016,Regular Season,145,Angers,0,0,Paris Saint-Germain,131,Stade Raymond-Kopa,Benoît Bastien
3900531,2015-12-01,20:00:00.000,16,7,Ligue 1,27,2015/2016,Regular Season,165,Lorient,0,0,OGC Nice,136,Stade Yves Allainmat - du Moustoir,Mikael Lesage
3900529,2015-11-29,15:00:00.000,15,7,Ligue 1,27,2015/2016,Regular Season,135,Saint-Étienne,3,0,Guingamp,142,Stade Geoffroy-Guichard ,Ruddy Buquet
3900522,2015-11-28,21:00:00.000,15,7,Ligue 1,27,2015/2016,Regular Season,130,Toulouse,2,0,OGC Nice,136,Stadium de Toulouse,Saïd Ennjimi
3900523,2015-11-28,21:00:00.000,15,7,Ligue 1,27,2015/2016,Regular Season,156,Stade de Reims,2,2,Rennes,134,Stade Auguste-Delaune II ,Hakim Ben El Hadj Salem
3900521,2015-11-28,18:10:00.000,15,7,Ligue 1,27,2015/2016,Regular Season,131,Paris Saint-Germain,4,1,Troyes,133,Parc des Princes ,Bartolomeu Varela Teles
3900518,2015-11-22,13:00:00.000,14,7,Ligue 1,27,2015/2016,Regular Season,140,Stade Malherbe Caen,0,0,Angers,145,Stade Michel d''Ornano,Frank Schneider
3900519,2015-11-22,18:00:00.000,14,7,Ligue 1,27,2015/2016,Regular Season,134,Rennes,2,2,Bordeaux,146,Roazhon Park,Sébastien Moreira
3900511,2015-11-21,18:00:00.000,14,7,Ligue 1,27,2015/2016,Regular Season,165,Lorient,1,2,Paris Saint-Germain,131,Stade Yves Allainmat - du Moustoir,Stéphane Lannoy
3900514,2015-11-21,21:00:00.000,14,7,Ligue 1,27,2015/2016,Regular Season,142,Guingamp,2,0,Toulouse,130,Stade du Roudourou,Wilfried Bien
3900515,2015-11-21,21:00:00.000,14,7,Ligue 1,27,2015/2016,Regular Season,129,AS Monaco,1,0,Nantes,144,Stade Louis II,Antony Gautier
3829512,2015-10-23,20:30:00.000,11,7,Ligue 1,27,2015/2016,Regular Season,137,Lyon,3,0,Toulouse,130,Stade de Gerland,Nicolas Rainville
3829495,2015-10-03,17:30:00.000,9,7,Ligue 1,27,2015/2016,Regular Season,137,Lyon,1,0,Stade de Reims,156,Stade de Gerland,Antony Gautier
3900491,2015-10-31,18:00:00.000,12,7,Ligue 1,27,2015/2016,Regular Season,135,Saint-Étienne,3,0,Stade de Reims,156,Stade Geoffroy-Guichard ,Mikael Lesage
3900504,2015-11-07,21:00:00.000,13,7,Ligue 1,27,2015/2016,Regular Season,139,Montpellier,2,1,Nantes,144,Stade de la Mosson ,Frank Schneider
3900506,2015-11-07,21:00:00.000,13,7,Ligue 1,27,2015/2016,Regular Season,156,Stade de Reims,1,2,Gazélec Ajaccio,160,Stade Auguste-Delaune II ,Saïd Ennjimi
3900505,2015-11-07,19:00:00.000,13,7,Ligue 1,27,2015/2016,Regular Season,140,Stade Malherbe Caen,2,1,Guingamp,142,Stade Michel d''Ornano,Jérôme Miguelgorry
3829496,2015-10-03,20:00:00.000,9,7,Ligue 1,27,2015/2016,Regular Season,145,Angers,1,0,Bastia,2736,Stade Raymond-Kopa,Sébastien Moreira
3829514,2015-10-24,20:00:00.000,11,7,Ligue 1,27,2015/2016,Regular Season,145,Angers,0,0,Guingamp,142,Stade Raymond-Kopa,Antony Gautier
3829469,2015-09-20,17:00:00.000,6,7,Ligue 1,27,2015/2016,Regular Season,129,AS Monaco,2,3,Lorient,165,Stade Louis II,Amaury Delerue
3829454,2015-09-12,17:00:00.000,5,7,Ligue 1,27,2015/2016,Regular Season,137,Lyon,0,0,Lille,143,Stade de Gerland,Frank Schneider
3829439,2015-08-22,20:00:00.000,3,7,Ligue 1,27,2015/2016,Regular Season,130,Toulouse,1,1,AS Monaco,129,Stadium de Toulouse,Stéphane Lannoy
3829513,2015-10-23,16:30:00.000,11,7,Ligue 1,27,2015/2016,Regular Season,140,Stade Malherbe Caen,0,2,Nantes,144,Stade Michel d''Ornano,Stéphane Lannoy
3829510,2015-10-18,21:00:00.000,10,7,Ligue 1,27,2015/2016,Regular Season,134,Rennes,1,4,OGC Nice,136,Roazhon Park,Benoît Millot
3829445,2015-08-29,20:00:00.000,4,7,Ligue 1,27,2015/2016,Regular Season,145,Angers,1,1,OGC Nice,136,Stade Raymond-Kopa,Stéphane Jochem
3829433,2015-08-21,20:30:00.000,3,7,Ligue 1,27,2015/2016,Regular Season,139,Montpellier,0,1,Paris Saint-Germain,131,Stade de la Mosson ,Sébastien Moreira
3829466,2015-09-19,20:00:00.000,6,7,Ligue 1,27,2015/2016,Regular Season,145,Angers,1,0,Troyes,133,Stade Raymond-Kopa,Lionel Jaffredo
3900639,2016-02-14,18:00:00.000,26,7,Ligue 1,27,2015/2016,Regular Season,135,Saint-Étienne,1,1,AS Monaco,129,Stade Geoffroy-Guichard ,Fredy Fautrel
3900638,2016-02-14,13:00:00.000,26,7,Ligue 1,27,2015/2016,Regular Season,137,Lyon,4,1,Stade Malherbe Caen,140,Groupama Stadium,Ruddy Buquet
3900637,2016-02-14,22:00:00.000,26,7,Ligue 1,27,2015/2016,Regular Season,136,OGC Nice,1,1,Olympique de Marseille,147,Allianz Riviera ,Benoît Millot
3900635,2016-02-13,21:00:00.000,26,7,Ligue 1,27,2015/2016,Regular Season,156,Stade de Reims,0,1,Bastia,2736,Stade Auguste-Delaune II ,Lionel Jaffredo
3900634,2016-02-13,18:00:00.000,26,7,Ligue 1,27,2015/2016,Regular Season,131,Paris Saint-Germain,0,0,Lille,143,Parc des Princes ,Frank Schneider
3900632,2016-02-13,21:00:00.000,26,7,Ligue 1,27,2015/2016,Regular Season,142,Guingamp,2,4,Bordeaux,146,Stade du Roudourou,Hakim Ben El Hadj Salem
3900631,2016-02-13,21:00:00.000,26,7,Ligue 1,27,2015/2016,Regular Season,139,Montpellier,2,0,Toulouse,130,Stade de la Mosson ,Saïd Ennjimi
3900630,2016-02-12,21:30:00.000,26,7,Ligue 1,27,2015/2016,Regular Season,134,Rennes,1,0,Angers,145,Roazhon Park,Stéphane Lannoy
3900626,2016-02-06,21:00:00.000,25,7,Ligue 1,27,2015/2016,Regular Season,160,Gazélec Ajaccio,0,0,Guingamp,142,Stade Ange Casanova (Ajaccio),Clément Turpin
3900623,2016-02-06,21:00:00.000,25,7,Ligue 1,27,2015/2016,Regular Season,165,Lorient,1,1,Montpellier,139,Stade Yves Allainmat - du Moustoir,Mikael Lesage
3900622,2016-02-06,21:00:00.000,25,7,Ligue 1,27,2015/2016,Regular Season,2736,Bastia,2,0,Troyes,133,Stade Armand-Césari,Sébastien Moreira
3900621,2016-02-06,21:00:00.000,25,7,Ligue 1,27,2015/2016,Regular Season,130,Toulouse,0,0,Nantes,144,Stadium de Toulouse,Lionel Jaffredo
3900620,2016-02-06,19:00:00.000,25,7,Ligue 1,27,2015/2016,Regular Season,140,Stade Malherbe Caen,0,2,Stade de Reims,156,Stade Michel d''Ornano,Bartolomeu Varela Teles
3900619,2016-02-04,22:00:00.000,24,7,Ligue 1,27,2015/2016,Regular Season,134,Rennes,0,1,Saint-Étienne,135,Roazhon Park,Benoît Millot
3900618,2016-02-03,22:00:00.000,24,7,Ligue 1,27,2015/2016,Regular Season,131,Paris Saint-Germain,3,1,Lorient,165,Parc des Princes ,Hakim Ben El Hadj Salem
3900615,2016-02-03,20:00:00.000,24,7,Ligue 1,27,2015/2016,Regular Season,144,Nantes,3,1,Gazélec Ajaccio,160,Stade de la Beaujoire - Louis Fonteneau,Saïd Ennjimi
3900614,2016-02-03,18:00:00.000,24,7,Ligue 1,27,2015/2016,Regular Season,143,Lille,1,0,Stade Malherbe Caen,140,Decathlon Arena – Stade Pierre-Mauroy,Stéphane Jochem
3900613,2016-02-03,20:00:00.000,24,7,Ligue 1,27,2015/2016,Regular Season,136,OGC Nice,1,0,Toulouse,130,Allianz Riviera ,François Letexier
3900612,2016-02-03,20:00:00.000,24,7,Ligue 1,27,2015/2016,Regular Season,142,Guingamp,4,0,Troyes,133,Stade du Roudourou,Jérôme Miguelgorry
3900611,2016-02-02,20:00:00.000,24,7,Ligue 1,27,2015/2016,Regular Season,129,AS Monaco,2,0,Bastia,2736,Stade Louis II,Nicolas Rainville
3900610,2016-02-02,20:00:00.000,24,7,Ligue 1,27,2015/2016,Regular Season,139,Montpellier,0,1,Olympique de Marseille,147,Stade de la Mosson ,Tony Chapron
3900581,2016-01-16,21:00:00.000,21,7,Ligue 1,27,2015/2016,Regular Season,146,Bordeaux,1,0,Lille,143,Stade Matmut Atlantique,Lionel Jaffredo
3900580,2016-01-15,21:30:00.000,21,7,Ligue 1,27,2015/2016,Regular Season,136,OGC Nice,2,1,Angers,145,Allianz Riviera ,Jérôme Miguelgorry
3900579,2016-01-10,15:00:00.000,20,7,Ligue 1,27,2015/2016,Regular Season,144,Nantes,2,1,Saint-Étienne,135,Stade de la Beaujoire - Louis Fonteneau,Stéphane Lannoy
3900578,2016-01-10,18:00:00.000,20,7,Ligue 1,27,2015/2016,Regular Season,143,Lille,1,1,OGC Nice,136,Decathlon Arena – Stade Pierre-Mauroy,Hakim Ben El Hadj Salem
3900576,2016-01-09,21:00:00.000,20,7,Ligue 1,27,2015/2016,Regular Season,139,Montpellier,0,1,Bordeaux,146,Stade de la Mosson ,Clément Turpin
3900575,2016-01-09,21:00:00.000,20,7,Ligue 1,27,2015/2016,Regular Season,156,Stade de Reims,1,3,Toulouse,130,Stade Auguste-Delaune II ,Mikael Lesage
3900574,2016-01-09,18:00:00.000,20,7,Ligue 1,27,2015/2016,Regular Season,137,Lyon,4,1,Troyes,133,Groupama Stadium,Ruddy Buquet
3900573,2016-01-09,19:00:00.000,20,7,Ligue 1,27,2015/2016,Regular Season,145,Angers,2,0,Stade Malherbe Caen,140,Stade Raymond-Kopa,Nicolas Rainville
3900572,2016-01-09,21:00:00.000,20,7,Ligue 1,27,2015/2016,Regular Season,129,AS Monaco,2,2,Gazélec Ajaccio,160,Stade Louis II,Stéphane Jochem
3900571,2016-01-09,21:00:00.000,20,7,Ligue 1,27,2015/2016,Regular Season,134,Rennes,2,2,Lorient,165,Roazhon Park,Frank Schneider
3900569,2015-12-20,15:00:00.000,19,7,Ligue 1,27,2015/2016,Regular Season,135,Saint-Étienne,1,0,Angers,145,Stade Geoffroy-Guichard ,Bartolomeu Varela Teles
3900566,2015-12-19,21:00:00.000,19,7,Ligue 1,27,2015/2016,Regular Season,2736,Bastia,2,0,Stade de Reims,156,Stade Armand-Césari,Saïd Ennjimi
3900565,2015-12-19,21:00:00.000,19,7,Ligue 1,27,2015/2016,Regular Season,165,Lorient,0,0,Nantes,144,Stade Yves Allainmat - du Moustoir,Fredy Fautrel
3900564,2015-12-19,21:00:00.000,19,7,Ligue 1,27,2015/2016,Regular Season,133,Troyes,0,0,AS Monaco,129,Stade de l''Aube,Wilfried Bien
3900563,2015-12-19,21:00:00.000,19,7,Ligue 1,27,2015/2016,Regular Season,142,Guingamp,0,2,Rennes,134,Stade du Roudourou,Benoît Millot
3900561,2015-12-19,21:00:00.000,19,7,Ligue 1,27,2015/2016,Regular Season,130,Toulouse,1,1,Lille,143,Stadium de Toulouse,Ruddy Buquet
3900560,2015-12-18,21:30:00.000,19,7,Ligue 1,27,2015/2016,Regular Season,136,OGC Nice,1,0,Montpellier,139,Allianz Riviera ,Tony Chapron
3900558,2015-12-13,15:00:00.000,18,7,Ligue 1,27,2015/2016,Regular Season,129,AS Monaco,1,0,Saint-Étienne,135,Stade Louis II,Mikael Lesage
3900557,2015-12-13,22:00:00.000,18,7,Ligue 1,27,2015/2016,Regular Season,131,Paris Saint-Germain,5,1,Lyon,137,Parc des Princes ,Ruddy Buquet
3900556,2015-12-13,18:00:00.000,18,7,Ligue 1,27,2015/2016,Regular Season,145,Angers,1,1,Bordeaux,146,Stade Raymond-Kopa,Benoît Millot
3900555,2015-12-12,21:00:00.000,18,7,Ligue 1,27,2015/2016,Regular Season,144,Nantes,1,1,Toulouse,130,Stade de la Beaujoire - Louis Fonteneau,Hakim Ben El Hadj Salem
3900554,2015-12-12,21:00:00.000,18,7,Ligue 1,27,2015/2016,Regular Season,133,Troyes,1,1,Bastia,2736,Stade de l''Aube,Stéphane Lannoy
3900553,2015-12-12,17:00:00.000,18,7,Ligue 1,27,2015/2016,Regular Season,156,Stade de Reims,1,1,OGC Nice,136,Stade Auguste-Delaune II ,Frank Schneider
3900552,2015-12-12,21:00:00.000,18,7,Ligue 1,27,2015/2016,Regular Season,139,Montpellier,2,1,Guingamp,142,Stade de la Mosson ,Sébastien Moreira
3900551,2015-12-12,21:00:00.000,18,7,Ligue 1,27,2015/2016,Regular Season,143,Lille,3,0,Lorient,165,Decathlon Arena – Stade Pierre-Mauroy,Jérôme Miguelgorry
3900550,2015-12-11,19:30:00.000,18,7,Ligue 1,27,2015/2016,Regular Season,134,Rennes,1,1,Stade Malherbe Caen,140,Roazhon Park,Johan Hamel
3900543,2015-12-05,21:00:00.000,17,7,Ligue 1,27,2015/2016,Regular Season,156,Stade de Reims,1,1,Troyes,133,Stade Auguste-Delaune II ,Jérôme Miguelgorry
3900542,2015-12-05,19:00:00.000,17,7,Ligue 1,27,2015/2016,Regular Season,140,Stade Malherbe Caen,1,2,Lille,143,Stade Michel d''Ornano,Saïd Ennjimi
3900526,2015-11-28,21:00:00.000,15,7,Ligue 1,27,2015/2016,Regular Season,145,Angers,2,0,Lille,143,Stade Raymond-Kopa,Johan Hamel
3900525,2015-11-28,21:00:00.000,15,7,Ligue 1,27,2015/2016,Regular Season,144,Nantes,0,0,Bastia,2736,Stade de la Beaujoire - Louis Fonteneau,Nicolas Rainville
3900524,2015-11-28,21:00:00.000,15,7,Ligue 1,27,2015/2016,Regular Season,160,Gazélec Ajaccio,1,1,Lorient,165,Stade Ange Casanova (Ajaccio),Jérôme Miguelgorry
3900520,2015-11-27,21:30:00.000,15,7,Ligue 1,27,2015/2016,Regular Season,137,Lyon,2,4,Montpellier,139,Stade de Gerland,Benoît Millot
3900516,2015-11-22,20:00:00.000,14,7,Ligue 1,27,2015/2016,Regular Season,135,Saint-Étienne,0,2,Olympique de Marseille,147,Stade Geoffroy-Guichard ,Fredy Fautrel
3900513,2015-11-21,21:00:00.000,14,7,Ligue 1,27,2015/2016,Regular Season,133,Troyes,1,1,Lille,143,Stade de l''Aube,Lionel Jaffredo
3900512,2015-11-21,21:00:00.000,14,7,Ligue 1,27,2015/2016,Regular Season,139,Montpellier,3,1,Stade de Reims,156,Stade de la Mosson ,Stéphane Jochem
3900510,2015-11-20,21:30:00.000,14,7,Ligue 1,27,2015/2016,Regular Season,136,OGC Nice,3,0,Lyon,137,Allianz Riviera ,Benoît Bastien
3900509,2015-11-08,22:00:00.000,13,7,Ligue 1,27,2015/2016,Regular Season,137,Lyon,3,0,Saint-Étienne,135,Stade de Gerland,Tony Chapron
3900508,2015-11-08,22:00:00.000,13,7,Ligue 1,27,2015/2016,Regular Season,146,Bordeaux,3,1,AS Monaco,129,Stade Matmut Atlantique,Benoît Millot
3900503,2015-11-07,21:00:00.000,13,7,Ligue 1,27,2015/2016,Regular Season,143,Lille,1,1,Bastia,2736,Decathlon Arena – Stade Pierre-Mauroy,Mikael Lesage
3900502,2015-11-07,21:00:00.000,13,7,Ligue 1,27,2015/2016,Regular Season,165,Lorient,4,1,Troyes,133,Stade Yves Allainmat - du Moustoir,Hakim Ben El Hadj Salem
3900501,2015-11-07,18:00:00.000,13,7,Ligue 1,27,2015/2016,Regular Season,131,Paris Saint-Germain,5,0,Toulouse,130,Parc des Princes ,Johan Hamel
3900500,2015-11-06,21:30:00.000,13,7,Ligue 1,27,2015/2016,Regular Season,145,Angers,0,2,Rennes,134,Stade Raymond-Kopa,Clément Turpin
3900499,2015-11-01,20:00:00.000,12,7,Ligue 1,27,2015/2016,Regular Season,144,Nantes,0,1,Olympique de Marseille,147,Stade de la Beaujoire - Louis Fonteneau,Lionel Jaffredo
3900498,2015-11-01,18:00:00.000,12,7,Ligue 1,27,2015/2016,Regular Season,129,AS Monaco,1,0,Angers,145,Stade Louis II,Bartolomeu Varela Teles
3900497,2015-11-01,15:00:00.000,12,7,Ligue 1,27,2015/2016,Regular Season,136,OGC Nice,0,0,Lille,143,Allianz Riviera ,Wilfried Bien
3900496,2015-10-31,21:00:00.000,12,7,Ligue 1,27,2015/2016,Regular Season,130,Toulouse,1,1,Montpellier,139,Stadium de Toulouse,Stéphane Lannoy
3900495,2015-10-31,19:00:00.000,12,7,Ligue 1,27,2015/2016,Regular Season,2736,Bastia,1,0,Stade Malherbe Caen,140,Stade Armand-Césari,Benoît Millot
3900494,2015-10-31,21:00:00.000,12,7,Ligue 1,27,2015/2016,Regular Season,160,Gazélec Ajaccio,2,0,Bordeaux,146,Stade Ange Casanova (Ajaccio),Hakim Ben El Hadj Salem
3900493,2015-10-31,21:00:00.000,12,7,Ligue 1,27,2015/2016,Regular Season,133,Troyes,0,1,Lyon,137,Stade de l''Aube,Stéphane Jochem
3900492,2015-10-31,21:00:00.000,12,7,Ligue 1,27,2015/2016,Regular Season,142,Guingamp,2,2,Lorient,165,Stade du Roudourou,Nicolas Rainville
3900490,2015-10-30,21:30:00.000,12,7,Ligue 1,27,2015/2016,Regular Season,134,Rennes,0,1,Paris Saint-Germain,131,Roazhon Park,Fredy Fautrel
3829438,2015-08-22,20:00:00.000,3,7,Ligue 1,27,2015/2016,Regular Season,136,OGC Nice,2,1,Stade Malherbe Caen,140,Allianz Riviera ,Jérôme Miguelgorry
3829413,2015-08-07,20:30:00.000,1,7,Ligue 1,27,2015/2016,Regular Season,143,Lille,0,1,Paris Saint-Germain,131,Decathlon Arena – Stade Pierre-Mauroy,Fredy Fautrel
3829428,2015-08-15,18:00:00.000,2,7,Ligue 1,27,2015/2016,Regular Season,140,Stade Malherbe Caen,1,0,Toulouse,130,Stade Michel d''Ornano,Stéphane Jochem
3829522,2015-11-04,18:30:00.000,9,7,Ligue 1,27,2015/2016,Regular Season,136,OGC Nice,1,2,Nantes,144,Allianz Riviera ,Sébastien Moreira
3829521,2015-10-25,17:00:00.000,11,7,Ligue 1,27,2015/2016,Regular Season,146,Bordeaux,1,0,Troyes,133,Stade Matmut Atlantique,Saïd Ennjimi
3829520,2015-10-25,14:00:00.000,11,7,Ligue 1,27,2015/2016,Regular Season,156,Stade de Reims,0,1,AS Monaco,129,Stade Auguste-Delaune II ,Frank Schneider
3829517,2015-10-24,20:00:00.000,11,7,Ligue 1,27,2015/2016,Regular Season,160,Gazélec Ajaccio,3,1,OGC Nice,136,Stade Ange Casanova (Ajaccio),Johan Hamel
3829516,2015-10-24,17:00:00.000,11,7,Ligue 1,27,2015/2016,Regular Season,165,Lorient,1,1,Rennes,134,Stade Yves Allainmat - du Moustoir,Benoît Bastien
3829515,2015-10-24,20:00:00.000,11,7,Ligue 1,27,2015/2016,Regular Season,139,Montpellier,2,0,Bastia,2736,Stade de la Mosson ,Jérôme Miguelgorry
3829511,2015-10-18,17:00:00.000,10,7,Ligue 1,27,2015/2016,Regular Season,146,Bordeaux,0,0,Montpellier,139,Stade Matmut Atlantique,Bartolomeu Varela Teles
3829508,2015-10-17,20:00:00.000,10,7,Ligue 1,27,2015/2016,Regular Season,156,Stade de Reims,0,1,Stade Malherbe Caen,140,Stade Auguste-Delaune II ,Wilfried Bien
3829507,2015-10-17,20:00:00.000,10,7,Ligue 1,27,2015/2016,Regular Season,130,Toulouse,1,2,Angers,145,Stadium de Toulouse,Amaury Delerue
3829506,2015-10-17,20:00:00.000,10,7,Ligue 1,27,2015/2016,Regular Season,142,Guingamp,1,1,Lille,143,Stade du Roudourou,Hakim Ben El Hadj Salem
3829505,2015-10-17,20:00:00.000,10,7,Ligue 1,27,2015/2016,Regular Season,135,Saint-Étienne,2,0,Gazélec Ajaccio,160,Stade Geoffroy-Guichard ,Stéphane Jochem
3829504,2015-10-17,17:00:00.000,10,7,Ligue 1,27,2015/2016,Regular Season,2736,Bastia,0,2,Paris Saint-Germain,131,Stade Armand-Césari,Lionel Jaffredo
3829503,2015-10-17,20:00:00.000,10,7,Ligue 1,27,2015/2016,Regular Season,144,Nantes,3,0,Troyes,133,Stade de la Beaujoire - Louis Fonteneau,Mikael Lesage
3829502,2015-10-16,20:30:00.000,10,7,Ligue 1,27,2015/2016,Regular Season,129,AS Monaco,1,1,Lyon,137,Stade Louis II,Fredy Fautrel
3829501,2015-10-04,14:00:00.000,9,7,Ligue 1,27,2015/2016,Regular Season,129,AS Monaco,1,1,Rennes,134,Stade Louis II,Tony Chapron
3829500,2015-10-04,21:00:00.000,9,7,Ligue 1,27,2015/2016,Regular Season,131,Paris Saint-Germain,2,1,Olympique de Marseille,147,Parc des Princes ,Benoît Bastien
3829498,2015-10-04,17:00:00.000,9,7,Ligue 1,27,2015/2016,Regular Season,165,Lorient,3,2,Bordeaux,146,Stade Yves Allainmat - du Moustoir,Clément Turpin
3829497,2015-10-03,20:00:00.000,9,7,Ligue 1,27,2015/2016,Regular Season,133,Troyes,0,1,Guingamp,142,Stade de l''Aube,Jérôme Miguelgorry
3829494,2015-10-03,20:00:00.000,9,7,Ligue 1,27,2015/2016,Regular Season,160,Gazélec Ajaccio,2,2,Toulouse,130,Stade Ange Casanova (Ajaccio),Frank Schneider
3829493,2015-10-02,20:30:00.000,9,7,Ligue 1,27,2015/2016,Regular Season,143,Lille,2,0,Montpellier,139,Decathlon Arena – Stade Pierre-Mauroy,Saïd Ennjimi
3829492,2015-09-29,18:30:00.000,7,7,Ligue 1,27,2015/2016,Regular Season,143,Lille,0,1,Nantes,144,Decathlon Arena – Stade Pierre-Mauroy,Jérôme Miguelgorry
3829491,2015-09-27,12:00:00.000,8,7,Ligue 1,27,2015/2016,Regular Season,147,Olympique de Marseille,1,2,Angers,145,Orange Vélodrome,Mikael Lesage
3829490,2015-09-27,21:00:00.000,8,7,Ligue 1,27,2015/2016,Regular Season,135,Saint-Étienne,1,4,OGC Nice,136,Stade Geoffroy-Guichard ,Bartolomeu Varela Teles
3829489,2015-09-27,17:00:00.000,8,7,Ligue 1,27,2015/2016,Regular Season,139,Montpellier,2,1,Lorient,165,Stade de la Mosson ,Stéphane Jochem
3829488,2015-09-27,17:00:00.000,8,7,Ligue 1,27,2015/2016,Regular Season,142,Guingamp,3,3,AS Monaco,129,Stade du Roudourou,Wilfried Bien
3829487,2015-09-26,18:00:00.000,8,7,Ligue 1,27,2015/2016,Regular Season,140,Stade Malherbe Caen,2,0,Gazélec Ajaccio,160,Stade Michel d''Ornano,Lionel Jaffredo
3829486,2015-09-26,20:00:00.000,8,7,Ligue 1,27,2015/2016,Regular Season,2736,Bastia,3,0,Toulouse,130,Stade Armand-Césari,Hakim Ben El Hadj Salem
3829485,2015-09-26,20:00:00.000,8,7,Ligue 1,27,2015/2016,Regular Season,134,Rennes,1,1,Troyes,133,Roazhon Park,Johan Hamel
3829484,2015-09-26,20:00:00.000,8,7,Ligue 1,27,2015/2016,Regular Season,146,Bordeaux,3,1,Lyon,137,Stade Matmut Atlantique,Benoît Millot
3829483,2015-09-26,17:30:00.000,8,7,Ligue 1,27,2015/2016,Regular Season,144,Nantes,1,4,Paris Saint-Germain,131,Stade de la Beaujoire - Louis Fonteneau,Amaury Delerue
3829482,2015-09-25,20:30:00.000,8,7,Ligue 1,27,2015/2016,Regular Season,156,Stade de Reims,1,0,Lille,143,Stade Auguste-Delaune II ,Ruddy Buquet
3829481,2015-09-24,18:55:00.000,7,7,Ligue 1,27,2015/2016,Regular Season,139,Montpellier,2,3,AS Monaco,129,Stade de la Mosson ,Clément Turpin
3829480,2015-09-23,19:00:00.000,7,7,Ligue 1,27,2015/2016,Regular Season,133,Troyes,0,1,Saint-Étienne,135,Stade de l''Aube,Sébastien Moreira
3829477,2015-09-23,21:00:00.000,7,7,Ligue 1,27,2015/2016,Regular Season,130,Toulouse,1,1,Olympique de Marseille,147,Stadium de Toulouse,Antony Gautier
3829476,2015-09-23,19:00:00.000,7,7,Ligue 1,27,2015/2016,Regular Season,137,Lyon,2,0,Bastia,2736,Stade de Gerland,Benoît Bastien
3829475,2015-09-23,19:00:00.000,7,7,Ligue 1,27,2015/2016,Regular Season,136,OGC Nice,6,1,Bordeaux,146,Allianz Riviera ,Nicolas Rainville
3829474,2015-09-22,19:00:00.000,7,7,Ligue 1,27,2015/2016,Regular Season,145,Angers,0,0,Stade de Reims,156,Stade Raymond-Kopa,Tony Chapron
3829473,2015-09-22,21:00:00.000,7,7,Ligue 1,27,2015/2016,Regular Season,131,Paris Saint-Germain,3,0,Guingamp,142,Parc des Princes ,Frank Schneider
3829471,2015-09-20,14:00:00.000,6,7,Ligue 1,27,2015/2016,Regular Season,146,Bordeaux,1,1,Toulouse,130,Stade Matmut Atlantique,Mikael Lesage
3829468,2015-09-19,20:00:00.000,6,7,Ligue 1,27,2015/2016,Regular Season,142,Guingamp,2,1,Gazélec Ajaccio,160,Stade du Roudourou,Nicolas Rainville
3829467,2015-09-19,18:00:00.000,6,7,Ligue 1,27,2015/2016,Regular Season,140,Stade Malherbe Caen,2,1,Montpellier,139,Stade Michel d''Ornano,Hakim Ben El Hadj Salem
3829465,2015-09-19,17:30:00.000,6,7,Ligue 1,27,2015/2016,Regular Season,156,Stade de Reims,1,1,Paris Saint-Germain,131,Stade Auguste-Delaune II ,Bartolomeu Varela Teles
3829464,2015-09-19,20:00:00.000,6,7,Ligue 1,27,2015/2016,Regular Season,2736,Bastia,1,3,OGC Nice,136,Stade Armand-Césari,Wilfried Bien
3829463,2015-09-18,20:30:00.000,6,7,Ligue 1,27,2015/2016,Regular Season,134,Rennes,1,1,Lille,143,Roazhon Park,Stéphane Jochem
3829462,2015-09-13,14:00:00.000,5,7,Ligue 1,27,2015/2016,Regular Season,160,Gazélec Ajaccio,0,1,AS Monaco,129,Stade Ange Casanova (Ajaccio),Sébastien Moreira
3829460,2015-09-13,17:00:00.000,5,7,Ligue 1,27,2015/2016,Regular Season,144,Nantes,0,2,Rennes,134,Stade de la Beaujoire - Louis Fonteneau,Wilfried Bien
3829458,2015-09-12,20:00:00.000,5,7,Ligue 1,27,2015/2016,Regular Season,130,Toulouse,2,2,Stade de Reims,156,Stadium de Toulouse,Fredy Fautrel
3829457,2015-09-12,20:00:00.000,5,7,Ligue 1,27,2015/2016,Regular Season,139,Montpellier,1,2,Saint-Étienne,135,Stade de la Mosson ,Lionel Jaffredo
3829456,2015-09-12,20:00:00.000,5,7,Ligue 1,27,2015/2016,Regular Season,165,Lorient,3,1,Angers,145,Stade Yves Allainmat - du Moustoir,Jérôme Miguelgorry
3829455,2015-09-12,20:00:00.000,5,7,Ligue 1,27,2015/2016,Regular Season,133,Troyes,1,3,Stade Malherbe Caen,140,Stade de l''Aube,Bartolomeu Varela Teles
3829453,2015-09-11,20:30:00.000,5,7,Ligue 1,27,2015/2016,Regular Season,131,Paris Saint-Germain,2,2,Bordeaux,146,Parc des Princes ,Antony Gautier
3829452,2015-08-30,17:00:00.000,4,7,Ligue 1,27,2015/2016,Regular Season,146,Bordeaux,2,0,Nantes,144,Stade Matmut Atlantique,Clément Turpin
3829451,2015-08-30,14:00:00.000,4,7,Ligue 1,27,2015/2016,Regular Season,135,Saint-Étienne,2,1,Bastia,2736,Stade Geoffroy-Guichard ,Antony Gautier
3829450,2015-08-30,21:00:00.000,4,7,Ligue 1,27,2015/2016,Regular Season,129,AS Monaco,0,3,Paris Saint-Germain,131,Stade Louis II,Benoît Bastien
3829449,2015-08-29,20:00:00.000,4,7,Ligue 1,27,2015/2016,Regular Season,134,Rennes,3,1,Toulouse,130,Roazhon Park,Benoît Millot
3829448,2015-08-29,20:00:00.000,4,7,Ligue 1,27,2015/2016,Regular Season,156,Stade de Reims,4,1,Lorient,165,Stade Auguste-Delaune II ,Johan Hamel
3829447,2015-08-29,20:00:00.000,4,7,Ligue 1,27,2015/2016,Regular Season,143,Lille,1,0,Gazélec Ajaccio,160,Decathlon Arena – Stade Pierre-Mauroy,Mikael Lesage
3829446,2015-08-29,20:00:00.000,4,7,Ligue 1,27,2015/2016,Regular Season,133,Troyes,0,0,Montpellier,139,Stade de l''Aube,Wilfried Bien
3829443,2015-08-28,20:30:00.000,4,7,Ligue 1,27,2015/2016,Regular Season,142,Guingamp,2,0,Olympique de Marseille,147,Stade du Roudourou,Amaury Delerue
3829442,2015-08-23,14:00:00.000,3,7,Ligue 1,27,2015/2016,Regular Season,143,Lille,0,0,Bordeaux,146,Decathlon Arena – Stade Pierre-Mauroy,Lionel Jaffredo
3829440,2015-08-23,17:00:00.000,3,7,Ligue 1,27,2015/2016,Regular Season,165,Lorient,0,1,Saint-Étienne,135,Stade Yves Allainmat - du Moustoir,Frank Schneider
3829437,2015-08-22,20:00:00.000,3,7,Ligue 1,27,2015/2016,Regular Season,160,Gazélec Ajaccio,0,2,Angers,145,Stade Ange Casanova (Ajaccio),Bartolomeu Varela Teles
3829436,2015-08-22,20:00:00.000,3,7,Ligue 1,27,2015/2016,Regular Season,144,Nantes,1,0,Stade de Reims,156,Stade de la Beaujoire - Louis Fonteneau,Hakim Ben El Hadj Salem
3829435,2015-08-22,17:00:00.000,3,7,Ligue 1,27,2015/2016,Regular Season,137,Lyon,1,2,Rennes,134,Stade de Gerland,Ruddy Buquet
3829434,2015-08-22,20:00:00.000,3,7,Ligue 1,27,2015/2016,Regular Season,2736,Bastia,3,0,Guingamp,142,Stade Armand-Césari,Fredy Fautrel
3829432,2015-08-16,21:00:00.000,2,7,Ligue 1,27,2015/2016,Regular Season,131,Paris Saint-Germain,2,0,Gazélec Ajaccio,160,Parc des Princes ,Wilfried Bien
3829431,2015-08-16,17:00:00.000,2,7,Ligue 1,27,2015/2016,Regular Season,165,Lorient,1,1,Bastia,2736,Stade Yves Allainmat - du Moustoir,Clément Turpin
3829430,2015-08-16,14:00:00.000,2,7,Ligue 1,27,2015/2016,Regular Season,156,Stade de Reims,1,0,Olympique de Marseille,147,Stade Auguste-Delaune II ,Benoît Bastien
3829429,2015-08-15,20:00:00.000,2,7,Ligue 1,27,2015/2016,Regular Season,134,Rennes,1,0,Montpellier,139,,Mikael Lesage
3829427,2015-08-15,20:00:00.000,2,7,Ligue 1,27,2015/2016,Regular Season,133,Troyes,3,3,OGC Nice,136,Stade de l''Aube,Johan Hamel
3829426,2015-08-15,20:00:00.000,2,7,Ligue 1,27,2015/2016,Regular Season,142,Guingamp,0,1,Lyon,137,Stade du Roudourou,Antony Gautier
3829425,2015-08-15,20:00:00.000,2,7,Ligue 1,27,2015/2016,Regular Season,145,Angers,0,0,Nantes,144,Stade Raymond-Kopa,Amaury Delerue
3829424,2015-08-15,17:00:00.000,2,7,Ligue 1,27,2015/2016,Regular Season,135,Saint-Étienne,1,1,Bordeaux,146,Stade Geoffroy-Guichard ,Nicolas Rainville
3829423,2015-08-14,20:30:00.000,2,7,Ligue 1,27,2015/2016,Regular Season,129,AS Monaco,0,0,Lille,143,Stade Louis II,Benoît Millot
3829422,2015-08-09,21:00:00.000,1,7,Ligue 1,27,2015/2016,Regular Season,137,Lyon,0,0,Lorient,165,Stade de Gerland,Benoît Millot
3829421,2015-08-09,17:00:00.000,1,7,Ligue 1,27,2015/2016,Regular Season,130,Toulouse,2,1,Saint-Étienne,135,Stadium de Toulouse,Bartolomeu Varela Teles
3829420,2015-08-09,17:00:00.000,1,7,Ligue 1,27,2015/2016,Regular Season,146,Bordeaux,1,2,Stade de Reims,156,Stade Matmut Atlantique,Ruddy Buquet
3829419,2015-08-08,21:00:00.000,1,7,Ligue 1,27,2015/2016,Regular Season,139,Montpellier,0,2,Angers,145,Stade de la Mosson ,Hakim Ben El Hadj Salem
3829418,2015-08-08,21:00:00.000,1,7,Ligue 1,27,2015/2016,Regular Season,144,Nantes,1,0,Guingamp,142,Stade de la Beaujoire - Louis Fonteneau,Benoît Bastien
3829417,2015-08-08,21:00:00.000,1,7,Ligue 1,27,2015/2016,Regular Season,133,Troyes,0,0,Gazélec Ajaccio,160,Stade de l''Aube,Jérôme Miguelgorry
3829415,2015-08-08,21:00:00.000,1,7,Ligue 1,27,2015/2016,Regular Season,2736,Bastia,2,1,Rennes,134,Stade Armand-Césari,Sébastien Moreira
3893834,2023-08-03,10:00:00.000,3,72,Women's World Cup,107,2023,Group Stage,2391,Morocco Women's,1,0,Colombia Women's,16802,HBF Park,Maria Sole Ferrieri Caputi
3893808,2023-07-27,01:00:00.000,2,72,Women's World Cup,107,2023,Group Stage,1214,United States Women's,1,1,Netherlands Women's,851,Wellington Regional Stadium,Yoshimi Yamashita
3893818,2023-07-30,09:30:00.000,2,72,Women's World Cup,107,2023,Group Stage,857,Germany Women's,1,2,Colombia Women's,16802,Allianz Stadium (Sydney),Melissa Paola Borjas Pastrana
3893795,2023-07-22,12:00:00.000,1,72,Women's World Cup,107,2023,Group Stage,853,Denmark Women's,1,0,China PR Women's,1207,HBF Park,Marie-Soleil Beaudoin
3893825,2023-08-01,11:00:00.000,3,72,Women's World Cup,107,2023,Group Stage,2355,Haiti Women's,0,2,Denmark Women's,853,HBF Park,Hyeon-Jeong Oh
3893798,2023-07-23,10:00:00.000,1,72,Women's World Cup,107,2023,Group Stage,861,France Women's,0,0,Jamaica Women's,1212,Allianz Stadium (Sydney),María Belén Carvajal Peña
3893832,2023-08-02,10:00:00.000,3,72,Women's World Cup,107,2023,Group Stage,1212,Jamaica Women's,0,0,Brazil Women's,1203,AAMI Park,Esther Staubli
3893829,2023-08-02,10:00:00.000,3,72,Women's World Cup,107,2023,Group Stage,16803,Panama Women's,3,6,France Women's,861,Allianz Stadium (Sydney),Laura Fortunato
3893805,2023-07-26,05:00:00.000,2,72,Women's World Cup,107,2023,Group Stage,1210,Japan Women's,2,0,Costa Rica Women's,1832,Forsyth Barr,Maria Sole Ferrieri Caputi
3901734,2023-08-05,08:00:00.000,4,72,Women's World Cup,107,2023,Round of 16,1210,Japan Women's,3,1,Norway Women's,852,Wellington Regional Stadium,Edina Alves Batista
3893802,2023-07-25,02:00:00.000,1,72,Women's World Cup,107,2023,Group Stage,16802,Colombia Women's,2,0,Korea Republic Women's,1211,Allianz Stadium (Sydney),Rebecca Welch
3893799,2023-07-24,08:30:00.000,1,72,Women's World Cup,107,2023,Group Stage,857,Germany Women's,6,0,Morocco Women's,2391,AAMI Park,Tori Penso
3893824,2023-07-31,10:00:00.000,3,72,Women's World Cup,107,2023,Group Stage,16768,Republic of Ireland Women's,0,0,Nigeria Women's,1213,Victoria Park,Katia Itzel García
3893827,2023-08-01,07:00:00.000,3,72,Women's World Cup,107,2023,Group Stage,16769,Vietnam Women's,0,7,Netherlands Women's,851,Forsyth Barr,Ivana Martinčić
3893819,2023-07-30,04:30:00.000,2,72,Women's World Cup,107,2023,Group Stage,1211,Korea Republic Women's,0,1,Morocco Women's,2391,Coopers Stadium,Edina Alves Batista
3893815,2023-07-29,10:00:00.000,2,72,Women's World Cup,107,2023,Group Stage,861,France Women's,2,1,Brazil Women's,1203,Victoria Park,Katherine Margaret Jacewicz
3893800,2023-07-24,06:00:00.000,1,72,Women's World Cup,107,2023,Group Stage,855,Italy Women's,1,0,Argentina Women's,1204,Eden Park,Melissa Paola Borjas Pastrana
3893816,2023-07-29,12:30:00.000,2,72,Women's World Cup,107,2023,Group Stage,16803,Panama Women's,0,1,Jamaica Women's,1212,HBF Park,Kateryna Monzul
3893830,2023-08-02,07:00:00.000,3,72,Women's World Cup,107,2023,Group Stage,1204,Argentina Women's,0,2,Sweden Women's,858,FMG Stadium Waikato,Salima Mukansanga
3893833,2023-08-03,10:00:00.000,3,72,Women's World Cup,107,2023,Group Stage,1211,Korea Republic Women's,1,1,Germany Women's,857,Victoria Park,Anna-Marie Keighley
3901833,2023-08-08,11:00:00.000,4,72,Women's World Cup,107,2023,Round of 16,861,France Women's,4,0,Morocco Women's,2391,Coopers Stadium,Tori Penso
3901736,2023-08-07,10:30:00.000,4,72,Women's World Cup,107,2023,Round of 16,1205,Australia Women's,2,0,Denmark Women's,853,Accor Stadium,Rebecca Welch
3902968,2023-08-12,07:00:00.000,5,72,Women's World Cup,107,2023,Quarter-finals,1205,Australia Women's,0,0,France Women's,861,Victoria Park,María Belén Carvajal Peña
3893793,2023-07-22,07:00:00.000,1,72,Women's World Cup,107,2023,Group Stage,6045,Zambia W,0,5,Japan Women's,1210,FMG Stadium Waikato,Tess Olofsson
3893826,2023-08-01,07:00:00.000,3,72,Women's World Cup,107,2023,Group Stage,864,Portugal Women's,0,0,United States Women's,1214,Eden Park,Rebecca Welch
3893823,2023-07-31,07:00:00.000,3,72,Women's World Cup,107,2023,Group Stage,1832,Costa Rica Women's,1,3,Zambia W,6045,FMG Stadium Waikato,Bouchra Karboubi
3893813,2023-07-28,11:00:00.000,2,72,Women's World Cup,107,2023,Group Stage,1207,China PR Women's,1,0,Haiti Women's,2355,Coopers Stadium,Marta Huerta de Aza
3893790,2023-07-21,02:30:00.000,1,72,Women's World Cup,107,2023,Group Stage,1213,Nigeria Women's,0,0,Canada Women's,1206,AAMI Park,Lina Lehtovaara
3893796,2023-07-23,05:00:00.000,1,72,Women's World Cup,107,2023,Group Stage,858,Sweden Women's,2,1,South Africa Women's,1216,Wellington Regional Stadium,Katja Koroleva
3893831,2023-08-02,07:00:00.000,3,72,Women's World Cup,107,2023,Group Stage,1216,South Africa Women's,3,2,Italy Women's,855,Wellington Regional Stadium,María Belén Carvajal Peña
3906390,2023-08-20,13:00:00.000,7,72,Women's World Cup,107,2023,Final,863,Spain Women's,1,0,England Women's,865,Accor Stadium,Tori Penso
3893804,2023-07-25,08:00:00.000,2,72,Women's World Cup,107,2023,Group Stage,860,Switzerland Women's,0,0,Norway Women's,852,FMG Stadium Waikato,Stéphanie Frappart
3893791,2023-07-21,07:30:00.000,1,72,Women's World Cup,107,2023,Group Stage,863,Spain Women's,3,0,Costa Rica Women's,1832,Wellington Regional Stadium,Casey Reibelt
3901733,2023-08-05,05:00:00.000,4,72,Women's World Cup,107,2023,Round of 16,860,Switzerland Women's,1,5,Spain Women's,863,Eden Park,Cheryl Foster
3893810,2023-07-27,07:30:00.000,2,72,Women's World Cup,107,2023,Group Stage,864,Portugal Women's,2,0,Vietnam Women's,16769,FMG Stadium Waikato,Salima Mukansanga
3893787,2023-07-20,10:00:00.000,1,72,Women's World Cup,107,2023,Group Stage,1215,New Zealand Women's,1,0,Norway Women's,852,Eden Park,Yoshimi Yamashita
3893820,2023-07-30,07:00:00.000,3,72,Women's World Cup,107,2023,Group Stage,852,Norway Women's,6,0,Philippines Women's,1106,Eden Park,Marie-Soleil Beaudoin
3893817,2023-07-30,10:00:00.000,3,72,Women's World Cup,107,2023,Group Stage,860,Switzerland Women's,0,0,New Zealand Women's,1215,Forsyth Barr,Tori Penso
3904629,2023-08-16,13:00:00.000,6,72,Women's World Cup,107,2023,Semi-finals,1205,Australia Women's,1,3,England Women's,865,Accor Stadium,Tori Penso
3906389,2023-08-19,11:00:00.000,7,72,Women's World Cup,107,2023,3rd Place Final,858,Sweden Women's,2,0,Australia Women's,1205,Victoria Park,Cheryl Foster
3893821,2023-07-31,13:00:00.000,3,72,Women's World Cup,107,2023,Group Stage,1206,Canada Women's,0,4,Australia Women's,1205,AAMI Park,Stéphanie Frappart
3904628,2023-08-15,08:00:00.000,6,72,Women's World Cup,107,2023,Semi-finals,863,Spain Women's,2,1,Sweden Women's,858,Eden Park,Edina Alves Batista
3893806,2023-07-26,07:30:00.000,2,72,Women's World Cup,107,2023,Group Stage,863,Spain Women's,5,0,Zambia W,6045,Eden Park,Hyeon-Jeong Oh
3893801,2023-07-24,11:00:00.000,1,72,Women's World Cup,107,2023,Group Stage,1203,Brazil Women's,4,0,Panama Women's,16803,Coopers Stadium,Cheryl Foster
3893797,2023-07-23,07:30:00.000,1,72,Women's World Cup,107,2023,Group Stage,851,Netherlands Women's,1,0,Portugal Women's,864,Forsyth Barr,
3893822,2023-07-31,07:00:00.000,3,72,Women's World Cup,107,2023,Group Stage,1210,Japan Women's,4,0,Spain Women's,863,Wellington Regional Stadium,Katja Koroleva
3893814,2023-07-29,07:30:00.000,2,72,Women's World Cup,107,2023,Group Stage,858,Sweden Women's,5,0,Italy Women's,855,Wellington Regional Stadium,Cheryl Foster
3901832,2023-08-08,08:00:00.000,4,72,Women's World Cup,107,2023,Round of 16,16802,Colombia Women's,1,0,Jamaica Women's,1212,AAMI Park,Katherine Margaret Jacewicz
3902967,2023-08-12,10:30:00.000,5,72,Women's World Cup,107,2023,Quarter-finals,865,England Women's,2,1,Colombia Women's,16802,Accor Stadium,Katja Koroleva
3901797,2023-08-06,09:00:00.000,4,72,Women's World Cup,107,2023,Round of 16,858,Sweden Women's,0,0,United States Women's,1214,AAMI Park,Stéphanie Frappart
3901796,2023-08-06,02:00:00.000,4,72,Women's World Cup,107,2023,Round of 16,851,Netherlands Women's,2,0,South Africa Women's,1216,Allianz Stadium (Sydney),Yoshimi Yamashita
3902240,2023-08-11,01:00:00.000,5,72,Women's World Cup,107,2023,Quarter-finals,863,Spain Women's,2,1,Netherlands Women's,851,Wellington Regional Stadium,Stéphanie Frappart
3902239,2023-08-11,07:30:00.000,5,72,Women's World Cup,107,2023,Quarter-finals,1210,Japan Women's,1,2,Sweden Women's,858,Eden Park,Esther Staubli
3901735,2023-08-07,07:30:00.000,4,72,Women's World Cup,107,2023,Round of 16,865,England Women's,0,0,Nigeria Women's,1213,Suncorp Stadium,Melissa Paola Borjas Pastrana
3893811,2023-07-28,08:30:00.000,2,72,Women's World Cup,107,2023,Group Stage,865,England Women's,1,0,Denmark Women's,853,Allianz Stadium (Sydney),Tess Olofsson
3893812,2023-07-28,00:00:00.000,2,72,Women's World Cup,107,2023,Group Stage,1204,Argentina Women's,2,2,South Africa Women's,1216,Forsyth Barr,Anna-Marie Keighley
3893809,2023-07-27,13:00:00.000,2,72,Women's World Cup,107,2023,Group Stage,1205,Australia Women's,2,3,Nigeria Women's,1213,Victoria Park,Esther Staubli
3893807,2023-07-26,12:00:00.000,2,72,Women's World Cup,107,2023,Group Stage,1206,Canada Women's,2,1,Republic of Ireland Women's,16768,HBF Park,Laura Fortunato
3893788,2023-07-20,13:00:00.000,1,72,Women's World Cup,107,2023,Group Stage,1205,Australia Women's,1,0,Republic of Ireland Women's,16768,Accor Stadium,Edina Alves Batista
3893789,2023-07-21,05:00:00.000,1,72,Women's World Cup,107,2023,Group Stage,1106,Philippines Women's,0,2,Switzerland Women's,860,Forsyth Barr,Vincentia Enyonam Amedome
3893794,2023-07-22,09:30:00.000,1,72,Women's World Cup,107,2023,Group Stage,865,England Women's,1,0,Haiti Women's,2355,Victoria Park,Emikar Caldera Barrera
3893792,2023-07-22,01:00:00.000,1,72,Women's World Cup,107,2023,Group Stage,1214,United States Women's,3,0,Vietnam Women's,16769,Eden Park,Bouchra Karboubi
3893828,2023-08-01,11:00:00.000,3,72,Women's World Cup,107,2023,Group Stage,1207,China PR Women's,1,6,England Women's,865,Coopers Stadium,Casey Reibelt
3893803,2023-07-25,08:30:00.000,2,72,Women's World Cup,107,2023,Group Stage,1215,New Zealand Women's,0,1,Philippines Women's,1106,Wellington Regional Stadium,Katia Itzel García
69284,2019-07-03,19:00:00.000,6,72,Women's World Cup,30,2019,Semi-finals,851,Netherlands Women's,1,0,Sweden Women's,858,Groupama Stadium,Marie-Soleil Beaudoin
68312,2019-06-18,19:00:00.000,3,72,Women's World Cup,30,2019,Group Stage,855,Italy Women's,0,1,Brazil Women's,1203,Stade du Hainaut,Lucila Venegas Montes
69163,2019-06-24,19:00:00.000,4,72,Women's World Cup,30,2019,Round of 16,858,Sweden Women's,1,0,Canada Women's,1206,Parc des Princes ,Katherine Margaret Jacewicz
22964,2019-06-15,13:00:00.000,2,72,Women's World Cup,30,2019,Group Stage,851,Netherlands Women's,3,1,Cameroon W,1208,Stade du Hainaut,
69301,2019-07-06,15:00:00.000,7,72,Women's World Cup,30,2019,3rd Place Final,865,England Women's,1,2,Sweden Women's,858,Allianz Riviera ,Anastasia Pustovoytova
22963,2019-06-14,16:00:00.000,2,72,Women's World Cup,30,2019,Group Stage,1212,Jamaica Women's,0,5,Italy Women's,855,Stade Auguste-Delaune II ,
69137,2019-06-23,19:00:00.000,4,72,Women's World Cup,30,2019,Round of 16,861,France Women's,2,1,Brazil Women's,1203,Stade Océane,Marie-Soleil Beaudoin
68355,2019-06-22,15:30:00.000,4,72,Women's World Cup,30,2019,Round of 16,857,Germany Women's,3,0,Nigeria Women's,1213,Stade des Alpes,
68357,2019-06-22,19:00:00.000,4,72,Women's World Cup,30,2019,Round of 16,852,Norway Women's,1,1,Australia Women's,1205,Allianz Riviera ,Riem Hussein
22973,2019-06-16,13:00:00.000,2,72,Women's World Cup,30,2019,Group Stage,858,Sweden Women's,5,1,Thailand W,1107,Allianz Riviera ,
68346,2019-06-20,16:00:00.000,3,72,Women's World Cup,30,2019,Group Stage,1208,Cameroon W,2,1,New Zealand Women's,1215,Stade de la Mosson ,Kateryna Monzul
22983,2019-06-17,16:00:00.000,3,72,Women's World Cup,30,2019,Group Stage,1207,China PR Women's,0,0,Spain Women's,863,Stade Océane,
69208,2019-06-29,16:30:00.000,5,72,Women's World Cup,30,2019,Quarter-finals,857,Germany Women's,1,2,Sweden Women's,858,Roazhon Park,Stéphanie Frappart
22949,2019-06-12,16:00:00.000,2,72,Women's World Cup,30,2019,Group Stage,857,Germany Women's,1,0,Spain Women's,863,Stade du Hainaut,Kateryna Monzul
69321,2019-07-07,15:00:00.000,7,72,Women's World Cup,30,2019,Final,1214,United States Women's,2,0,Netherlands Women's,851,Groupama Stadium,Stéphanie Frappart
22943,2019-06-11,19:00:00.000,1,72,Women's World Cup,30,2019,Group Stage,1214,United States Women's,13,0,Thailand W,1107,Stade Auguste-Delaune II ,
68362,2019-06-23,15:30:00.000,4,72,Women's World Cup,30,2019,Round of 16,865,England Women's,3,0,Cameroon W,1208,Stade du Hainaut,
68343,2019-06-20,19:00:00.000,3,72,Women's World Cup,30,2019,Group Stage,1107,Thailand W,0,2,Chile Women's,1209,Roazhon Park,
68311,2019-06-18,19:00:00.000,3,72,Women's World Cup,30,2019,Group Stage,1212,Jamaica Women's,1,4,Australia Women's,1205,Stade des Alpes,Katalin Kulcsar
22980,2019-06-17,19:00:00.000,3,72,Women's World Cup,30,2019,Group Stage,1213,Nigeria Women's,0,1,France Women's,861,Roazhon Park,Melissa Paola Borjas Pastrana
69202,2019-06-28,19:00:00.000,5,72,Women's World Cup,30,2019,Quarter-finals,861,France Women's,1,2,United States Women's,1214,Parc des Princes ,Kateryna Monzul
69258,2019-07-02,19:00:00.000,6,72,Women's World Cup,30,2019,Semi-finals,865,England Women's,1,2,United States Women's,1214,Groupama Stadium,
22948,2019-06-12,19:00:00.000,2,72,Women's World Cup,30,2019,Group Stage,861,France Women's,2,1,Norway Women's,852,Allianz Riviera ,
22966,2019-06-15,19:00:00.000,2,72,Women's World Cup,30,2019,Group Stage,1206,Canada Women's,2,0,New Zealand Women's,1215,Stade des Alpes,
22961,2019-06-14,13:00:00.000,2,72,Women's World Cup,30,2019,Group Stage,1210,Japan Women's,2,1,Scotland W,866,Roazhon Park,
22955,2019-06-13,16:00:00.000,2,72,Women's World Cup,30,2019,Group Stage,1205,Australia Women's,3,2,Brazil Women's,1203,Stade de la Mosson ,Esther Staubli
69188,2019-06-25,19:00:00.000,4,72,Women's World Cup,30,2019,Round of 16,851,Netherlands Women's,2,1,Japan Women's,1210,Roazhon Park,Melissa Paola Borjas Pastrana
69191,2019-06-25,16:00:00.000,4,72,Women's World Cup,30,2019,Round of 16,855,Italy Women's,2,0,China PR Women's,1207,Stade de la Mosson ,
68344,2019-06-20,16:00:00.000,3,72,Women's World Cup,30,2019,Group Stage,851,Netherlands Women's,2,1,Canada Women's,1206,Stade Auguste-Delaune II ,Stéphanie Frappart
22962,2019-06-14,19:00:00.000,2,72,Women's World Cup,30,2019,Group Stage,865,England Women's,1,0,Argentina Women's,1204,Stade Océane,
68338,2019-06-19,19:00:00.000,3,72,Women's World Cup,30,2019,Group Stage,866,Scotland W,3,3,Argentina Women's,1204,Parc des Princes ,Ok Ri-Hyang
22936,2019-06-09,16:00:00.000,1,72,Women's World Cup,30,2019,Group Stage,865,England Women's,2,1,Scotland W,866,Wembley Stadium,Jana Adamkova
22926,2019-06-08,13:00:00.000,1,72,Women's World Cup,30,2019,Group Stage,857,Germany Women's,1,0,China PR Women's,1207,Roazhon Park,Marie-Soleil Beaudoin
22944,2019-06-11,16:00:00.000,1,72,Women's World Cup,30,2019,Group Stage,1209,Chile Women's,0,2,Sweden Women's,858,Roazhon Park,Lucila Venegas Montes
22933,2019-06-09,11:00:00.000,1,72,Women's World Cup,30,2019,Group Stage,1205,Australia Women's,1,2,Italy Women's,855,Stade du Hainaut,Melissa Paola Borjas Pastrana
22940,2019-06-10,16:00:00.000,1,72,Women's World Cup,30,2019,Group Stage,1204,Argentina Women's,0,0,Japan Women's,1210,Parc des Princes ,Stéphanie Frappart
22945,2019-06-12,13:00:00.000,2,72,Women's World Cup,30,2019,Group Stage,1213,Nigeria Women's,2,0,Korea Republic Women's,1211,Stade des Alpes,Anastasia Pustovoytova
22956,2019-06-13,19:00:00.000,2,72,Women's World Cup,30,2019,Group Stage,1216,South Africa Women's,0,1,China PR Women's,1207,Parc des Princes ,Katalin Kulcsar
68345,2019-06-20,19:00:00.000,3,72,Women's World Cup,30,2019,Group Stage,858,Sweden Women's,0,2,United States Women's,1214,Stade Océane,Anastasia Pustovoytova
68337,2019-06-19,19:00:00.000,3,72,Women's World Cup,30,2019,Group Stage,1210,Japan Women's,0,2,England Women's,865,Allianz Riviera ,Claudia Umpiérrez
22981,2019-06-17,19:00:00.000,3,72,Women's World Cup,30,2019,Group Stage,1211,Korea Republic Women's,1,2,Norway Women's,852,Stade Auguste-Delaune II ,Marie-Soleil Beaudoin
22974,2019-06-16,16:00:00.000,2,72,Women's World Cup,30,2019,Group Stage,1214,United States Women's,3,0,Chile Women's,1209,Parc des Princes ,Riem Hussein
22924,2019-06-08,19:00:00.000,1,72,Women's World Cup,30,2019,Group Stage,852,Norway Women's,3,0,Nigeria Women's,1213,Stade Auguste-Delaune II ,Katherine Margaret Jacewicz
22921,2019-06-07,19:00:00.000,1,72,Women's World Cup,30,2019,Group Stage,861,France Women's,4,0,Korea Republic Women's,1211,Parc des Princes ,Claudia Umpiérrez
22930,2019-06-08,16:00:00.000,1,72,Women's World Cup,30,2019,Group Stage,863,Spain Women's,3,1,South Africa Women's,1216,Stade Océane,
22934,2019-06-09,13:30:00.000,1,72,Women's World Cup,30,2019,Group Stage,1203,Brazil Women's,3,0,Jamaica Women's,1212,Stade des Alpes,Riem Hussein
22939,2019-06-10,19:00:00.000,1,72,Women's World Cup,30,2019,Group Stage,1206,Canada Women's,1,0,Cameroon W,1208,Stade de la Mosson ,Ok Ri-Hyang
22942,2019-06-11,13:00:00.000,1,72,Women's World Cup,30,2019,Group Stage,1215,New Zealand Women's,0,1,Netherlands Women's,851,Stade Océane,
22984,2019-06-17,16:00:00.000,3,72,Women's World Cup,30,2019,Group Stage,1216,South Africa Women's,0,4,Germany Women's,857,Stade de la Mosson ,Sandra Braz Bastos
69199,2019-06-27,19:00:00.000,5,72,Women's World Cup,30,2019,Quarter-finals,852,Norway Women's,0,3,England Women's,865,Stade Océane,Lucila Venegas Montes
69205,2019-06-29,13:00:00.000,5,72,Women's World Cup,30,2019,Quarter-finals,855,Italy Women's,0,2,Netherlands Women's,851,Stade du Hainaut,Claudia Umpiérrez
69161,2019-06-24,16:00:00.000,4,72,Women's World Cup,30,2019,Round of 16,863,Spain Women's,1,2,United States Women's,1214,Stade Auguste-Delaune II ,Katalin Kulcsar
3889082,1981-04-10,00:00:00.000,10,81,Liga Profesional,275,1981,Regular Season,1328,Boca Juniors,3,0,River Plate,1324,La Bombonera,Arturo Andrés Ithurralde
3889115,1997-10-25,01:00:00.000,10,81,Liga Profesional,48,1997/1998,Apertura,1324,River Plate,1,2,Boca Juniors,1328,Estadio Mâs Monumental,
3888721,1983-06-04,22:15:00.000,1,87,Copa del Rey,268,1982/1983,Final,217,Barcelona,2,1,Real Madrid,220,Estadio de la Romareda,José Luis García Carrión
3888754,1978-04-19,21:00:00.000,1,87,Copa del Rey,279,1977/1978,Final,217,Barcelona,3,1,Las Palmas,208,Bernabéu,Ángel Franco Martínez
3750248,1984-05-05,20:15:00.000,12,87,Copa del Rey,84,1983/1984,Final,215,Athletic Club,1,0,Barcelona,217,Bernabéu,Ángel Franco Martínez
3890563,2016-05-14,15:30:00.000,34,9,1. Bundesliga,27,2015/2016,Regular Season,904,Bayer Leverkusen,3,2,Ingolstadt,189,BayArena,Guido Winkmann
3890550,2016-05-07,15:30:00.000,33,9,1. Bundesliga,27,2015/2016,Regular Season,185,Borussia Mönchengladbach,2,1,Bayer Leverkusen,904,Stadion im BORUSSIA-PARK,Bastian Dankert
3890540,2016-04-30,18:30:00.000,32,9,1. Bundesliga,27,2015/2016,Regular Season,904,Bayer Leverkusen,2,1,Hertha Berlin,173,BayArena,Tobias Stieler
3890534,2016-04-23,18:30:00.000,31,9,1. Bundesliga,27,2015/2016,Regular Season,181,Schalke 04,2,3,Bayer Leverkusen,904,VELTINS-Arena,Wolfgang Stark
3890521,2016-04-16,15:30:00.000,30,9,1. Bundesliga,27,2015/2016,Regular Season,904,Bayer Leverkusen,3,0,Eintracht Frankfurt,184,BayArena,Deniz Aytekin
3890519,2016-04-10,17:30:00.000,29,9,1. Bundesliga,27,2015/2016,Regular Season,186,FC Köln,0,2,Bayer Leverkusen,904,RheinEnergieStadion,Manuel Gräfe
3890502,2016-04-01,20:30:00.000,28,9,1. Bundesliga,27,2015/2016,Regular Season,904,Bayer Leverkusen,3,0,Wolfsburg,179,BayArena,Felix Brych
3890500,2016-03-20,16:30:00.000,27,9,1. Bundesliga,27,2015/2016,Regular Season,174,VfB Stuttgart,0,2,Bayer Leverkusen,904,MHPArena,Daniel Siebert
3890492,2016-03-13,16:30:00.000,26,9,1. Bundesliga,27,2015/2016,Regular Season,904,Bayer Leverkusen,1,0,Hamburger SV,171,BayArena,Christian Dingert
3890477,2016-03-05,16:30:00.000,25,9,1. Bundesliga,27,2015/2016,Regular Season,172,Augsburg,3,3,Bayer Leverkusen,904,WWK Arena,Markus Schmidt
3890472,2016-03-02,21:00:00.000,24,9,1. Bundesliga,27,2015/2016,Regular Season,904,Bayer Leverkusen,1,4,Werder Bremen,176,BayArena,Marco Fritz
3890463,2016-02-28,18:30:00.000,23,9,1. Bundesliga,27,2015/2016,Regular Season,177,FSV Mainz 05,3,1,Bayer Leverkusen,904,Mewa Arena,Deniz Aytekin
3890456,2016-02-21,16:30:00.000,22,9,1. Bundesliga,27,2015/2016,Regular Season,904,Bayer Leverkusen,0,1,Borussia Dortmund,180,BayArena,Felix Zwayer
3890444,2016-02-13,16:30:00.000,21,9,1. Bundesliga,27,2015/2016,Regular Season,872,Darmstadt 98,1,2,Bayer Leverkusen,904,Merck-Stadion am Böllenfalltor,Jochen Drees
3890431,2016-02-06,19:30:00.000,20,9,1. Bundesliga,27,2015/2016,Regular Season,904,Bayer Leverkusen,0,0,Bayern Munich,169,BayArena,Knut Kircher
3890427,2016-01-30,16:30:00.000,19,9,1. Bundesliga,27,2015/2016,Regular Season,904,Bayer Leverkusen,3,0,Hannover 96,178,BayArena,Tobias Welz
3890415,2016-01-23,16:30:00.000,18,9,1. Bundesliga,27,2015/2016,Regular Season,175,Hoffenheim,1,1,Bayer Leverkusen,904,PreZero Arena,Marco Fritz
3890409,2015-12-19,16:30:00.000,17,9,1. Bundesliga,27,2015/2016,Regular Season,189,Ingolstadt,0,1,Bayer Leverkusen,904,Audi-Sportpark,Felix Zwayer
3890395,2015-12-12,19:30:00.000,16,9,1. Bundesliga,27,2015/2016,Regular Season,904,Bayer Leverkusen,5,0,Borussia Mönchengladbach,185,BayArena,Tobias Stieler
3890390,2015-12-05,16:30:00.000,15,9,1. Bundesliga,27,2015/2016,Regular Season,173,Hertha Berlin,2,1,Bayer Leverkusen,904,Olympiastadion Berlin,Robert Hartmann
3890382,2015-11-29,18:30:00.000,14,9,1. Bundesliga,27,2015/2016,Regular Season,904,Bayer Leverkusen,1,1,Schalke 04,181,BayArena,Marco Fritz
3890370,2015-11-21,16:30:00.000,13,9,1. Bundesliga,27,2015/2016,Regular Season,184,Eintracht Frankfurt,1,3,Bayer Leverkusen,904,Deutsche Bank Park,Deniz Aytekin
3890359,2015-11-07,16:30:00.000,12,9,1. Bundesliga,27,2015/2016,Regular Season,904,Bayer Leverkusen,1,2,FC Köln,186,BayArena,Felix Zwayer
3890350,2015-10-31,19:30:00.000,11,9,1. Bundesliga,27,2015/2016,Regular Season,179,Wolfsburg,2,1,Bayer Leverkusen,904,Volkswagen Arena,Manuel Gräfe
3890346,2015-10-24,15:30:00.000,10,9,1. Bundesliga,27,2015/2016,Regular Season,904,Bayer Leverkusen,4,3,VfB Stuttgart,174,BayArena,Felix Brych
3890337,2015-10-17,15:30:00.000,9,9,1. Bundesliga,27,2015/2016,Regular Season,171,Hamburger SV,0,0,Bayer Leverkusen,904,Volksparkstadion,Tobias Welz
3890330,2015-10-04,17:30:00.000,8,9,1. Bundesliga,27,2015/2016,Regular Season,904,Bayer Leverkusen,1,1,Augsburg,172,BayArena,Tobias Stieler
3890315,2015-09-26,15:30:00.000,7,9,1. Bundesliga,27,2015/2016,Regular Season,176,Werder Bremen,0,3,Bayer Leverkusen,904,Wohninvest Weserstadion ,Wolfgang Stark
3890312,2015-09-23,20:00:00.000,6,9,1. Bundesliga,27,2015/2016,Regular Season,904,Bayer Leverkusen,1,0,FSV Mainz 05,177,BayArena,Marco Fritz
3890301,2015-09-20,17:30:00.000,5,9,1. Bundesliga,27,2015/2016,Regular Season,180,Borussia Dortmund,3,0,Bayer Leverkusen,904,Signal-Iduna-Park,Deniz Aytekin
3890288,2015-09-12,15:30:00.000,4,9,1. Bundesliga,27,2015/2016,Regular Season,904,Bayer Leverkusen,0,1,Darmstadt 98,872,BayArena,Peter Sippel
3890278,2015-08-29,18:30:00.000,3,9,1. Bundesliga,27,2015/2016,Regular Season,169,Bayern Munich,3,0,Bayer Leverkusen,904,Allianz Arena,Florian Meyer
3890273,2015-08-22,15:30:00.000,2,9,1. Bundesliga,27,2015/2016,Regular Season,178,Hannover 96,0,1,Bayer Leverkusen,904,Heinz von Heiden-Arena,Wolfgang Stark
3890260,2015-08-15,15:30:00.000,1,9,1. Bundesliga,27,2015/2016,Regular Season,904,Bayer Leverkusen,2,1,Hoffenheim,175,BayArena,Robert Hartmann
3895292,2024-04-06,15:30:00.000,28,9,1. Bundesliga,281,2023/2024,Regular Season,190,Union Berlin,0,1,Bayer Leverkusen,904,Stadion An der Alten Försterei,Benjamin Brand
3895320,2024-04-27,19:30:00.000,31,9,1. Bundesliga,281,2023/2024,Regular Season,904,Bayer Leverkusen,2,2,VfB Stuttgart,174,BayArena,Felix Zwayer
3895158,2023-12-03,18:30:00.000,13,9,1. Bundesliga,281,2023/2024,Regular Season,904,Bayer Leverkusen,1,1,Borussia Dortmund,180,BayArena,Daniel Siebert
3895107,2023-10-08,16:30:00.000,7,9,1. Bundesliga,281,2023/2024,Regular Season,904,Bayer Leverkusen,3,0,FC Köln,186,BayArena,Felix Zwayer
3895340,2024-05-12,20:30:00.000,33,9,1. Bundesliga,281,2023/2024,Regular Season,868,Bochum,0,5,Bayer Leverkusen,904,Vonovia Ruhrstadion,Benjamin Brand
3895286,2024-03-30,16:30:00.000,27,9,1. Bundesliga,281,2023/2024,Regular Season,904,Bayer Leverkusen,2,1,Hoffenheim,175,BayArena,Deniz Aytekin
3895302,2024-04-14,17:30:00.000,29,9,1. Bundesliga,281,2023/2024,Regular Season,904,Bayer Leverkusen,5,0,Werder Bremen,176,BayArena,Harm Osmers
3895333,2024-05-05,18:30:00.000,32,9,1. Bundesliga,281,2023/2024,Regular Season,184,Eintracht Frankfurt,1,5,Bayer Leverkusen,904,Deutsche Bank Park,Christian Dingert
3895348,2024-05-18,16:30:00.000,34,9,1. Bundesliga,281,2023/2024,Regular Season,904,Bayer Leverkusen,2,1,Augsburg,172,BayArena,Matthias Jöllenbeck
3895220,2024-02-03,16:30:00.000,20,9,1. Bundesliga,281,2023/2024,Regular Season,872,Darmstadt 98,0,2,Bayer Leverkusen,904,Merck-Stadion am Böllenfalltor,Tobias Reichel
3895250,2024-02-23,21:30:00.000,23,9,1. Bundesliga,281,2023/2024,Regular Season,904,Bayer Leverkusen,2,1,FSV Mainz 05,177,BayArena,Timo Gerach
3895266,2024-03-10,20:30:00.000,25,9,1. Bundesliga,281,2023/2024,Regular Season,904,Bayer Leverkusen,2,0,Wolfsburg,179,BayArena,Daniel Siebert
3895275,2024-03-17,16:30:00.000,26,9,1. Bundesliga,281,2023/2024,Regular Season,183,Freiburg,2,3,Bayer Leverkusen,904,Europa-Park Stadion,Harm Osmers
3895180,2023-12-17,18:30:00.000,15,9,1. Bundesliga,281,2023/2024,Regular Season,904,Bayer Leverkusen,3,0,Eintracht Frankfurt,184,BayArena,Christian Dingert
3895134,2023-11-04,16:30:00.000,10,9,1. Bundesliga,281,2023/2024,Regular Season,175,Hoffenheim,2,3,Bayer Leverkusen,904,PreZero Arena,Frank Willenborg
3895121,2023-10-29,18:30:00.000,9,9,1. Bundesliga,281,2023/2024,Regular Season,904,Bayer Leverkusen,2,1,Freiburg,183,BayArena,Daniel Siebert
3895074,2023-09-15,21:30:00.000,4,9,1. Bundesliga,281,2023/2024,Regular Season,169,Bayern Munich,2,2,Bayer Leverkusen,904,Allianz Arena,Daniel Schlager
3895139,2023-11-12,16:30:00.000,11,9,1. Bundesliga,281,2023/2024,Regular Season,904,Bayer Leverkusen,4,0,Union Berlin,190,BayArena,Timo Gerach
3895086,2023-09-24,16:30:00.000,5,9,1. Bundesliga,281,2023/2024,Regular Season,904,Bayer Leverkusen,4,1,FC Heidenheim,201,BayArena,Christian Dingert
3895309,2024-04-21,17:30:00.000,30,9,1. Bundesliga,281,2023/2024,Regular Season,180,Borussia Dortmund,1,1,Bayer Leverkusen,904,Signal-Iduna-Park,Daniel Siebert
3895258,2024-03-03,16:30:00.000,24,9,1. Bundesliga,281,2023/2024,Regular Season,186,FC Köln,0,2,Bayer Leverkusen,904,RheinEnergieStadion,Tobias Stieler
3895244,2024-02-17,16:30:00.000,22,9,1. Bundesliga,281,2023/2024,Regular Season,201,FC Heidenheim,1,2,Bayer Leverkusen,904,Voith-Arena,Harm Osmers
3895232,2024-02-10,19:30:00.000,21,9,1. Bundesliga,281,2023/2024,Regular Season,904,Bayer Leverkusen,3,0,Bayern Munich,169,BayArena,Felix Zwayer
3895210,2024-01-27,19:30:00.000,19,9,1. Bundesliga,281,2023/2024,Regular Season,904,Bayer Leverkusen,0,0,Borussia Mönchengladbach,185,BayArena,Deniz Aytekin
3895202,2024-01-20,19:30:00.000,18,9,1. Bundesliga,281,2023/2024,Regular Season,182,RB Leipzig,2,3,Bayer Leverkusen,904,Red Bull Arena,Matthias Jöllenbeck
3895194,2024-01-13,16:30:00.000,17,9,1. Bundesliga,281,2023/2024,Regular Season,172,Augsburg,0,1,Bayer Leverkusen,904,WWK Arena,Sven Jablonski
3895182,2023-12-20,21:30:00.000,16,9,1. Bundesliga,281,2023/2024,Regular Season,904,Bayer Leverkusen,4,0,Bochum,868,BayArena,Daniel Schlager
3895167,2023-12-10,16:30:00.000,14,9,1. Bundesliga,281,2023/2024,Regular Season,174,VfB Stuttgart,1,1,Bayer Leverkusen,904,MHPArena,Deniz Aytekin
3895153,2023-11-25,16:30:00.000,12,9,1. Bundesliga,281,2023/2024,Regular Season,176,Werder Bremen,0,3,Bayer Leverkusen,904,Wohninvest Weserstadion ,Martin Petersen
3895113,2023-10-21,16:30:00.000,8,9,1. Bundesliga,281,2023/2024,Regular Season,179,Wolfsburg,1,2,Bayer Leverkusen,904,Volkswagen Arena,Marco Fritz
3895095,2023-09-30,16:30:00.000,6,9,1. Bundesliga,281,2023/2024,Regular Season,177,FSV Mainz 05,0,3,Bayer Leverkusen,904,Mewa Arena,Benjamin Brand
3895067,2023-09-02,16:30:00.000,3,9,1. Bundesliga,281,2023/2024,Regular Season,904,Bayer Leverkusen,5,1,Darmstadt 98,872,BayArena,Sven Jablonski
3895060,2023-08-26,19:30:00.000,2,9,1. Bundesliga,281,2023/2024,Regular Season,185,Borussia Mönchengladbach,0,3,Bayer Leverkusen,904,Stadion im BORUSSIA-PARK,Christian Dingert
3895052,2023-08-19,16:30:00.000,1,9,1. Bundesliga,281,2023/2024,Regular Season,904,Bayer Leverkusen,3,2,RB Leipzig,182,BayArena,Felix Brych
